작품명,ott,시간대,1,2,3,4,5,6,0,코미디,멜로,액션,메디컬,판타지,오피스,추리,법정,정치,오컬트,휴머니즘,막장,SF,스릴러,사극,10대,복수,블랙 코미디,전체회차,월,화,수,목,금,토,일
(아는 건 별로 없지만) 가족입니다,0,time3,2,0,0,0,0,0,2,0,1,0,0,0,0,0,0,0,0,1,0,0,0,0,0,0,0,16,1,1,0,0,0,0,0
18 어게인,0,time3,0,1,0,2,0,0,0,1,1,0,0,1,0,0,0,0,0,0,0,0,0,0,0,0,0,16,1,1,0,0,0,0,0
365: 운명을 거스르는 1년,0,time2,0,0,1,0,0,0,2,0,0,0,0,1,0,0,0,0,0,0,0,0,1,0,0,0,0,24,1,1,0,0,0,0,0
"60일, 지정생존자",1,time3,1,1,1,0,0,0,1,0,0,0,0,0,0,0,1,1,0,0,0,0,1,0,0,0,0,16,1,1,0,0,0,0,0
99억의 여자,0,time4,0,0,2,1,1,0,0,0,0,0,0,0,0,0,0,0,0,0,0,0,1,0,0,0,0,32,0,0,1,1,0,0,0
VIP,0,time4,0,1,0,0,0,0,2,0,1,0,0,0,1,0,0,0,0,0,0,0,0,0,0,0,0,16,1,1,0,0,0,0,0
가면의 여왕,0,time4,0,1,1,1,0,0,1,0,1,0,0,0,0,0,0,0,0,0,0,0,1,0,0,0,0,16,1,1,0,0,0,0,0
가슴이 뛴다,0,time3,1,0,0,1,0,0,2,1,1,0,0,0,0,0,0,0,1,0,0,0,0,0,0,0,0,16,1,1,0,0,0,0,0
간 떨어지는 동거,0,time4,1,0,2,0,0,0,1,1,1,0,0,0,0,0,0,0,0,0,0,0,0,0,0,0,0,16,0,0,1,1,0,0,0
간택 - 여인들의 전쟁,0,time5,0,1,0,1,0,0,2,0,1,0,0,0,0,0,0,0,0,0,0,0,0,1,0,0,0,16,0,0,0,0,0,1,1
갯마을 차차차,1,time3,0,1,0,1,1,0,0,0,1,0,0,0,0,0,0,0,0,1,0,0,0,0,0,0,0,16,0,0,0,0,0,1,1
거짓말의 거짓말,0,time4,0,2,0,1,0,0,1,0,1,0,0,0,0,0,0,0,0,0,0,0,1,0,0,0,0,16,0,0,0,0,1,1,0
검법남녀 2,0,time2,2,0,0,0,1,0,1,0,0,0,1,0,0,0,0,0,0,0,0,0,1,0,0,0,0,32,1,1,0,0,0,0,0
검사내전,0,time3,2,0,0,0,0,0,2,0,0,0,0,0,0,0,1,1,0,0,0,0,0,0,0,0,1,16,1,1,0,0,0,0,0
검색어를 입력하세요 WWW,0,time3,2,1,1,0,0,0,0,0,0,0,0,0,1,0,0,0,0,0,0,0,0,0,0,0,0,16,0,0,1,1,0,0,0
검은 태양,0,time3,1,0,1,0,1,0,1,0,0,1,0,0,0,0,0,0,0,0,0,0,1,0,0,0,0,12,0,0,0,0,1,1,0
결혼작사 이혼작곡,1,time3,4,0,0,0,0,0,0,0,0,0,0,0,0,0,0,0,0,0,1,0,0,0,0,0,0,16,0,0,0,0,0,1,1
결혼작사 이혼작곡 2,1,time3,1,3,0,0,0,0,0,0,0,0,0,0,0,0,0,0,0,0,1,0,0,0,0,0,0,16,0,0,0,0,0,1,1
결혼작사 이혼작곡 3,1,time3,0,1,1,1,0,0,1,0,1,0,0,0,0,0,0,0,0,0,1,0,0,0,0,0,0,16,0,0,0,0,0,1,1
경우의 수,0,time4,0,0,1,2,0,0,1,1,1,0,0,0,0,0,0,0,0,0,0,0,0,0,0,0,0,16,0,0,0,0,1,1,0
경이로운 소문,1,time4,0,2,0,0,0,0,2,0,0,1,0,1,0,0,0,0,0,0,0,0,1,0,0,0,0,16,0,0,0,0,0,1,1
경찰수업,0,time3,0,2,1,0,0,0,0,1,0,0,0,0,0,1,0,0,0,0,0,0,0,0,1,0,0,16,1,1,0,0,0,0,0
고스트 닥터,0,time4,2,1,0,1,0,0,0,0,0,0,1,0,0,0,0,0,0,1,0,0,0,0,0,0,0,16,1,1,0,0,0,0,0
공작도시,0,time4,3,0,1,0,0,0,0,0,1,0,0,0,0,1,0,0,0,0,0,0,1,0,0,0,0,20,0,0,1,1,0,0,0
구경이,1,time4,2,0,0,0,0,0,2,1,0,0,0,0,0,0,0,0,0,0,0,0,1,0,0,0,0,12,0,0,0,0,0,1,1
구미호뎐,0,time3,2,0,1,0,0,0,0,0,1,1,0,1,0,0,0,0,0,0,0,0,0,0,0,0,0,16,0,0,0,0,0,1,1
구미호뎐 1938,0,time3,1,1,1,0,1,0,0,0,1,1,0,1,0,0,0,0,0,0,0,0,0,0,0,0,0,12,0,0,0,0,0,1,1
구해줘 2,0,time5,0,0,0,0,0,0,4,0,0,0,0,0,0,0,0,0,0,0,0,0,1,0,0,0,0,16,0,0,1,1,0,0,0
국가대표 와이프,0,time2,0,1,0,0,0,0,2,1,0,0,0,0,0,0,0,0,0,1,0,0,0,0,0,0,0,22,1,1,1,1,1,0,0
국민 여러분!,0,time4,0,0,0,0,0,0,4,1,0,0,0,0,0,0,0,0,0,0,0,0,1,0,0,0,0,36,1,1,0,0,0,0,0
군검사 도베르만,0,time4,1,0,1,0,0,0,0,0,0,1,0,0,0,0,0,0,0,0,0,0,1,0,0,0,0,16,1,1,0,0,0,0,0
굿캐스팅,0,time3,3,1,0,0,0,0,0,1,1,1,0,0,0,0,0,0,0,0,0,0,0,0,0,0,0,16,1,1,0,0,0,0,0
그 남자의 기억법,0,time2,0,0,0,0,0,0,2,0,1,0,0,0,0,0,0,0,0,1,0,0,0,0,0,0,0,32,0,0,1,1,0,0,0
그 해 우리는,1,time4,2,2,0,0,0,0,0,1,1,0,0,0,0,0,0,0,0,0,0,0,0,0,1,0,0,16,1,1,0,0,0,0,0
그녀의 사생활,0,time3,0,0,0,0,0,0,2,1,1,0,0,0,0,0,0,0,0,0,0,0,0,0,0,0,0,16,0,0,1,1,0,0,0
그놈이 그놈이다,0,time3,1,1,0,1,0,0,1,1,1,0,0,1,0,0,0,0,0,0,0,0,0,0,0,0,0,16,1,1,0,0,0,0,0
그린마더스 클럽,1,time4,4,0,0,0,0,0,0,0,1,0,0,0,0,0,0,0,0,0,0,0,0,0,0,0,0,16,0,0,1,1,0,0,0
금수저,0,time3,3,1,0,0,0,0,0,0,1,0,0,0,0,0,0,0,0,1,1,0,0,0,0,1,0,16,0,0,0,0,1,1,0
금이야 옥이야,0,time2,1,0,0,0,0,0,1,0,1,0,0,0,0,0,0,0,0,1,0,0,0,0,0,0,0,23,1,1,1,1,1,0,0
"금혼령, 조선 혼인 금지령",0,time3,0,2,1,0,0,0,1,0,1,0,0,0,0,0,0,0,0,0,0,0,0,1,0,0,0,12,0,0,0,0,1,1,0
기막힌 유산,0,time2,0,0,0,0,0,0,3,1,1,0,0,0,0,0,0,0,0,1,0,0,0,0,0,0,0,22,1,1,1,1,1,0,0
기상청 사람들: 사내연애 잔혹사 편,1,time4,2,0,1,1,0,0,0,0,1,0,0,0,1,0,0,0,0,0,0,0,0,0,0,0,0,16,0,0,0,0,0,1,1
기적의 형제,0,time4,2,0,0,0,0,0,2,0,0,0,0,0,0,0,0,0,0,0,0,0,0,0,0,0,0,16,0,0,1,1,0,0,0
꼭두의 계절,0,time3,0,0,1,1,0,0,0,0,0,0,1,0,0,0,0,0,0,1,0,0,0,0,0,0,0,16,0,0,0,0,1,1,0
꼰대인턴,0,time2,2,0,0,0,0,0,0,1,0,0,0,0,1,0,0,0,0,1,0,0,0,0,0,0,0,24,0,0,1,1,0,0,0
꽃 피면 달 생각하고,0,time3,0,2,0,0,0,0,2,1,1,0,0,0,0,0,0,0,0,0,0,0,0,1,0,0,0,16,1,1,0,0,0,0,0
꽃길만 걸어요,0,time2,2,1,0,0,0,0,1,0,0,0,0,0,0,0,0,0,0,1,1,0,0,0,0,0,0,23,1,1,1,1,1,0,0
꽃선비 열애사,0,time4,0,3,1,0,0,0,0,1,1,0,0,0,0,0,0,0,0,0,0,0,0,1,0,0,0,18,1,1,0,0,0,0,0
꽃파당: 조선혼담공작소,0,time3,0,0,0,0,0,0,4,0,0,0,0,0,0,0,0,0,0,0,0,0,0,1,0,0,0,16,1,1,0,0,0,0,0
나를 사랑한 스파이,0,time3,1,1,0,0,0,0,1,0,1,1,0,0,0,0,0,0,0,0,0,0,1,0,0,0,0,16,0,0,1,1,0,0,0
나쁜 엄마,1,time4,2,1,0,0,1,0,0,0,0,0,0,0,0,0,0,0,0,1,0,0,1,0,0,0,0,14,0,0,1,1,0,0,0
나의 나라,1,time4,1,0,0,0,0,0,3,0,0,0,0,0,0,0,0,0,0,0,0,0,0,1,0,0,0,16,0,0,0,0,1,1,0
나의 위험한 아내,0,time5,0,0,0,0,0,0,2,0,1,0,0,0,0,0,0,0,0,0,0,0,1,0,0,0,0,16,1,1,0,0,0,0,0
나의 해방일지,1,time4,2,2,0,0,0,0,0,0,0,0,0,0,0,0,0,0,0,1,0,0,0,0,0,0,0,16,0,0,0,0,0,1,1
날 녹여주오,0,time3,0,0,0,0,0,0,2,0,0,0,0,1,0,0,0,0,0,0,0,0,0,0,0,0,0,16,0,0,0,0,0,1,1
날씨가 좋으면 찾아가겠어요,0,time3,1,0,0,0,0,0,3,0,1,0,0,0,0,0,0,0,0,0,0,0,0,0,0,0,0,16,1,1,0,0,0,0,0
날아라 개천용,0,time4,2,0,0,1,0,0,1,0,0,0,0,0,0,0,1,0,0,0,0,0,0,0,0,0,0,20,0,0,0,0,1,1,0
낭만닥터 김사부 2,0,time3,0,1,1,1,1,0,0,0,1,0,1,0,0,0,0,0,0,1,0,0,0,0,0,0,0,16,1,1,0,0,0,0,0
낭만닥터 김사부 3,0,time4,0,0,0,3,1,0,0,0,1,0,1,0,0,0,0,0,0,1,0,0,0,0,0,0,0,16,0,0,0,0,1,1,0
낮과 밤,0,time3,0,0,1,0,0,0,2,0,0,0,0,0,0,0,0,0,0,0,0,0,1,0,0,0,0,16,1,1,0,0,0,0,0
내가 가장 예뻤을 때,0,time3,1,0,3,0,0,0,0,0,1,0,0,0,0,0,0,0,0,1,0,0,0,0,0,0,0,16,0,0,1,1,0,0,0
너는 나의 봄,1,time3,2,1,1,0,0,0,0,0,1,0,0,0,0,0,0,0,0,1,0,0,1,0,0,0,0,16,1,1,0,0,0,0,0
너를 닮은 사람,1,time4,1,1,0,1,0,0,1,0,0,0,0,0,0,0,0,0,0,0,0,0,1,0,0,0,0,16,0,0,1,1,0,0,0
너에게 가는 속도 493KM,0,time3,0,1,1,0,0,0,1,0,1,0,0,0,0,0,0,0,0,0,0,0,0,0,1,0,0,16,0,0,1,1,0,0,0
너의 노래를 들려줘,0,time4,0,0,0,0,0,0,4,0,0,0,0,0,0,0,0,0,0,1,0,0,0,0,0,0,0,32,1,1,0,0,0,0,0
넘버스 : 빌딩숲의 감시자들,0,time3,2,0,0,1,0,0,1,0,0,0,0,0,1,0,0,0,0,0,0,0,1,0,0,1,0,12,0,0,0,0,1,1,0
녹두꽃,0,time4,1,0,0,0,0,0,3,0,0,0,0,0,0,0,0,0,0,0,0,0,0,1,0,0,0,48,0,0,0,0,1,1,0
누가 뭐래도,0,time2,1,0,0,0,0,0,3,0,1,0,0,0,0,0,0,0,0,1,0,0,0,0,0,0,0,20,1,1,1,1,1,0,0
눈이 부시게,0,time3,0,0,0,0,0,0,3,0,1,0,0,1,0,0,0,0,0,1,0,0,0,0,0,0,0,12,1,1,0,0,0,0,0
닥터 로이어,0,time3,1,0,1,0,1,0,0,0,0,0,1,0,0,0,1,0,0,0,0,0,0,0,0,0,0,16,0,0,0,0,1,1,0
닥터 차정숙,1,time4,2,1,1,0,0,0,0,0,1,0,1,0,0,0,0,0,0,1,0,0,0,0,0,0,0,16,0,0,0,0,0,1,1
닥터 탐정,0,time4,1,0,0,0,0,0,2,0,0,0,0,0,0,1,0,0,0,0,0,0,1,0,0,0,0,16,0,0,1,1,0,0,0
닥터 프리즈너,0,time4,1,0,0,0,0,0,3,0,0,0,1,0,0,0,0,0,0,0,0,0,1,0,0,0,0,32,0,0,1,1,0,0,0
"단, 하나의 사랑",0,time4,3,0,0,0,0,0,1,1,1,0,0,1,0,0,0,0,0,0,0,0,0,0,0,0,0,32,0,0,1,1,0,0,0
달리는 조사관,0,time5,0,0,0,0,0,0,2,1,0,0,0,0,0,0,0,0,0,1,0,0,0,0,0,0,0,14,0,0,1,1,0,0,0
달리와 감자탕,0,time3,0,0,2,0,0,0,2,1,1,0,0,0,0,0,0,0,0,0,0,0,0,0,0,0,0,16,0,0,1,1,0,0,0
달이 뜨는 강,0,time3,0,1,1,0,1,0,1,0,1,0,0,0,0,0,0,0,0,0,0,0,0,1,0,0,0,20,1,1,0,0,0,0,0
당신이 소원을 말하면,0,time3,2,1,0,0,0,0,0,0,0,0,0,0,0,0,0,0,0,1,0,0,0,0,0,0,0,16,0,0,1,1,0,0,0
대박부동산,0,time3,1,0,1,0,0,0,0,1,0,0,0,1,0,0,0,0,1,0,0,0,1,0,0,0,0,16,0,0,1,1,0,0,0
대행사,0,time4,1,1,0,0,0,0,1,0,0,0,0,0,1,0,0,0,0,1,0,0,0,0,0,0,0,16,0,0,0,0,0,1,1
더 게임: 0시를 향하여,0,time2,1,2,0,0,0,0,0,0,0,0,0,0,0,1,0,0,0,0,0,0,1,0,0,0,0,32,0,0,1,1,0,0,0
더 로드: 1의 비극,0,time4,0,3,0,0,0,0,1,0,0,0,0,0,0,0,0,0,0,0,0,0,1,0,0,0,0,12,0,0,1,1,0,0,0
더 뱅커,0,time4,0,0,0,0,0,0,4,0,0,0,0,0,1,0,0,1,0,0,0,0,0,0,0,0,0,32,0,0,1,1,0,0,0
더 킹 : 영원의 군주,1,time4,3,0,0,0,0,0,1,0,1,0,0,1,0,0,0,0,0,0,0,0,1,1,0,0,0,16,0,0,0,0,1,1,0
도도솔솔라라솔,1,time3,3,0,1,0,0,0,0,1,1,0,0,0,0,0,0,0,0,0,0,0,0,0,0,0,0,16,0,0,1,1,0,0,0
동네변호사 조들호 2: 죄와 벌,0,time4,1,0,0,0,0,0,3,0,0,0,0,0,0,0,1,0,0,0,0,0,0,0,0,0,0,40,1,1,0,0,0,0,0
동백꽃 필 무렵,1,time4,0,0,0,0,0,0,4,0,1,0,0,0,0,0,0,0,0,1,0,0,1,0,0,0,0,40,0,0,1,1,0,0,0
두 번은 없다,0,time3,0,0,1,0,0,0,3,1,0,0,0,0,0,0,0,0,0,1,0,0,0,0,0,1,0,72,0,0,0,0,0,1,0
두 번째 남편,0,time1,1,1,1,0,0,0,1,0,1,0,0,0,0,0,0,0,0,0,0,0,0,0,0,1,0,50,1,1,1,1,1,0,0
두뇌공조,0,time3,3,1,0,0,0,0,0,1,0,1,1,0,0,0,0,0,0,0,0,0,1,0,0,0,0,16,1,1,0,0,0,0,0
디 엠파이어 : 법의 제국,0,time4,1,0,1,0,0,0,2,0,1,0,0,0,0,0,0,0,0,0,0,0,1,0,0,0,0,16,0,0,0,0,0,1,1
런 온,1,time3,2,0,0,0,0,0,2,0,1,0,0,0,1,0,0,0,0,0,0,0,0,0,0,0,0,16,0,0,1,1,0,0,0
레버리지: 사기조작단,0,time4,0,0,1,0,0,0,2,0,0,0,0,0,0,0,0,0,0,0,0,0,1,0,0,0,0,16,0,0,0,0,0,0,1
로맨스는 별책부록,1,time3,0,0,0,0,0,0,4,1,1,0,0,0,0,0,0,0,0,0,0,0,0,0,0,0,0,16,0,0,0,0,0,1,1
로스쿨,1,time3,2,1,1,0,0,0,0,1,0,0,0,0,0,0,1,0,0,1,0,0,1,0,0,0,0,16,0,0,1,1,0,0,0
루갈,1,time4,1,0,0,1,0,0,2,0,0,1,0,0,0,0,0,0,0,0,0,1,1,0,0,0,0,16,0,0,0,0,0,1,1
루카: 더 비기닝,0,time3,2,1,0,0,0,0,0,0,0,0,0,0,0,0,0,0,0,0,0,0,1,0,0,0,0,12,1,1,0,0,0,0,0
리갈 하이,0,time5,0,0,0,0,0,0,4,1,0,0,0,0,0,0,1,0,0,0,0,0,0,0,0,0,0,16,0,0,0,0,1,1,0
"링크:먹고 사랑하라, 죽이게",0,time4,1,0,0,0,1,0,0,0,1,0,0,1,0,0,0,0,0,1,0,0,1,0,0,0,0,16,1,1,0,0,0,0,0
마녀의 게임,0,time1,0,0,0,1,0,0,3,0,1,0,0,0,0,0,0,0,0,0,0,0,0,0,0,1,0,19,1,1,1,1,1,0,0
마인:MINE,1,time3,1,1,0,0,0,0,2,0,0,0,0,0,0,0,0,0,0,0,0,0,1,0,0,0,0,16,0,0,0,0,0,1,1
막돼먹은 영애씨 17,0,time5,0,0,0,0,0,0,2,1,0,0,0,0,0,0,0,0,0,0,0,0,0,0,0,0,0,12,0,0,0,0,1,0,0
머니게임,0,time3,3,0,0,0,0,0,0,0,0,0,0,0,0,0,0,1,0,0,0,0,0,0,0,0,0,16,0,0,1,1,0,0,0
멀리서 보면 푸른 봄,0,time3,2,1,0,0,0,0,0,0,0,0,0,0,0,0,0,0,0,0,0,0,0,0,1,0,0,12,1,1,0,0,0,0,0
메모리스트,0,time4,0,1,0,1,0,0,0,0,0,0,0,0,0,0,0,0,0,0,0,0,1,0,0,0,0,16,0,0,1,1,0,0,0
멘탈코치 제갈길,0,time4,4,0,0,0,0,0,0,0,0,0,0,0,0,0,0,0,0,1,0,0,0,0,1,0,0,16,1,1,0,0,0,0,0
멜랑꼴리아,0,time4,0,0,1,1,0,0,0,0,1,0,0,0,0,0,0,0,0,0,0,0,0,0,1,1,0,16,0,0,1,1,0,0,0
멜로가 체질,0,time4,4,0,0,0,0,0,0,0,1,0,0,0,0,0,0,0,0,0,0,0,0,0,0,0,0,16,0,0,0,0,1,1,0
모두의 거짓말,1,time4,2,0,0,0,0,0,0,0,0,0,0,0,0,0,0,1,0,0,0,0,1,0,0,1,0,16,0,0,0,0,0,1,1
모범택시,0,time4,4,0,0,0,0,0,0,0,0,1,0,0,0,0,0,0,0,0,0,0,1,0,0,1,0,16,0,0,0,0,1,1,0
모범형사,0,time3,0,1,0,1,2,0,0,0,0,0,0,0,0,1,0,0,0,0,0,0,1,0,0,0,0,16,1,1,0,0,0,0,0
모범형사 2,0,time4,1,1,0,1,0,0,0,0,0,0,0,0,0,1,0,0,0,0,0,0,1,0,0,0,0,16,0,0,0,0,0,1,1
미남당,1,time3,1,0,1,1,0,0,1,1,0,0,0,0,0,1,0,0,0,0,0,0,1,0,0,0,0,18,1,1,0,0,0,0,0
미스터 기간제,0,time5,3,0,0,0,0,0,1,0,0,0,0,0,0,0,0,0,0,0,0,0,1,0,0,0,0,16,0,0,1,1,0,0,0
미씽: 그들이 있었다,0,time4,1,0,1,0,0,0,2,0,0,0,0,1,0,0,0,0,0,0,0,0,1,0,0,0,0,12,0,0,0,0,0,1,1
미씽: 그들이 있었다 2,0,time2,1,0,1,0,0,0,0,0,0,0,0,0,0,0,0,0,0,0,0,0,1,0,0,0,0,14,1,1,0,0,0,0,0
미치지 않고서야,0,time3,0,1,0,1,0,0,2,0,0,0,0,0,1,0,0,0,0,0,0,0,0,0,0,0,0,16,0,0,1,1,0,0,0
바람이 분다,0,time3,2,0,0,0,0,0,2,0,1,0,0,0,0,0,0,0,0,0,0,0,0,0,0,0,0,16,1,1,0,0,0,0,0
바벨,0,time4,0,0,0,0,0,0,4,0,1,0,0,0,0,0,0,0,0,0,0,0,1,0,0,0,0,16,0,0,0,0,0,1,1
반의 반,0,time3,1,0,1,0,0,0,2,0,1,0,0,0,0,0,0,0,0,0,0,0,0,0,0,0,0,12,1,1,0,0,0,0,0
밥이 되어라,0,time1,1,0,0,0,0,0,3,0,1,0,0,0,0,0,0,0,0,1,0,0,0,0,0,0,0,20,1,1,1,1,1,0,0
방법,0,time3,0,0,0,0,0,0,4,0,0,0,0,0,0,0,0,0,0,0,0,0,1,0,0,0,0,12,1,1,0,0,0,0,0
배가본드,1,time4,0,0,0,0,1,0,2,0,1,1,0,0,0,0,0,0,0,0,0,0,1,0,0,0,0,16,0,0,0,0,1,1,0
배드 앤 크레이지,0,time4,1,2,0,0,0,0,1,1,0,0,0,0,0,0,0,0,0,0,0,0,1,0,0,0,0,12,0,0,0,0,1,1,0
번외수사,0,time4,2,0,0,0,0,0,2,0,0,1,0,0,0,0,0,0,0,0,0,0,1,0,0,0,0,12,0,0,0,0,0,1,1
법쩐,0,time4,2,0,1,0,0,0,1,0,0,0,0,0,0,0,1,0,0,0,0,0,0,0,0,1,0,12,0,0,0,0,1,1,0
별똥별,0,time4,2,0,1,0,0,0,1,1,1,0,0,0,0,0,0,0,0,0,0,0,0,0,0,0,0,16,0,0,0,0,1,1,0
보라! 데보라,0,time3,0,2,1,0,0,0,0,1,1,0,0,0,0,0,0,0,0,0,0,0,0,0,0,0,0,14,0,0,1,1,0,0,0
보쌈 - 운명을 훔치다,0,time3,1,0,0,0,0,0,3,0,0,0,0,0,0,0,0,0,0,0,0,0,0,1,0,0,0,20,0,0,0,0,0,1,1
보이스 3 - 공범들의 도시,0,time4,2,0,0,0,0,0,0,0,0,1,0,0,0,1,0,0,0,0,0,0,1,0,0,0,0,16,0,0,0,0,0,1,1
보이스 4,0,time4,1,2,0,0,0,0,0,0,0,0,0,0,0,0,0,0,0,0,0,0,1,0,0,0,0,14,0,0,0,0,1,1,0
보좌관,1,time5,2,1,0,0,1,0,0,0,0,0,0,0,0,0,0,1,0,0,0,0,1,0,0,0,0,10,0,0,0,0,1,1,0
보좌관 2,0,time3,0,0,2,1,1,0,0,0,0,0,0,0,0,0,0,1,0,0,0,0,1,0,0,0,0,10,1,1,0,0,0,0,0
복수해라,0,time3,1,1,0,0,0,0,2,0,1,0,0,0,0,0,0,0,0,0,0,0,1,0,0,1,0,16,0,0,0,0,0,1,1
본 대로 말하라,0,time4,0,0,0,0,0,0,3,0,0,0,0,0,0,0,0,0,0,0,0,0,1,0,0,0,0,16,0,0,0,0,0,1,1
본 어게인,0,time4,1,0,1,1,0,0,0,0,1,0,0,0,0,0,0,0,0,0,0,0,1,0,0,0,0,32,1,1,0,0,0,0,0
봄밤,1,time2,1,1,1,0,0,0,0,0,1,0,0,0,0,0,0,0,0,0,0,0,0,0,0,0,0,32,0,0,1,1,0,0,0
봄이 오나 봄,0,time4,0,0,0,0,0,0,4,1,0,0,0,1,0,0,0,0,0,0,0,0,0,0,0,0,0,32,0,0,1,1,0,0,0
부부의 세계,0,time4,2,2,0,0,0,0,0,0,1,0,0,0,0,0,0,0,0,0,1,0,0,0,0,1,0,16,0,0,0,0,1,1,0
불가살,1,time3,2,2,0,0,0,0,0,0,0,0,0,1,0,0,0,0,0,0,0,0,0,0,0,0,0,16,0,0,0,0,0,1,1
붉은 단심,0,time3,2,0,1,0,0,0,0,0,1,0,0,0,0,0,0,0,0,0,0,0,0,1,0,0,0,16,1,1,0,0,0,0,0
브람스를 좋아하세요?,0,time4,0,2,1,0,1,0,0,0,1,0,0,0,0,0,0,0,0,0,0,0,0,0,0,0,0,16,1,1,0,0,0,0,0
블랙독,0,time3,1,1,0,0,0,0,1,0,0,0,0,0,1,0,0,0,0,1,0,0,0,0,0,0,0,16,1,1,0,0,0,0,0
비밀의 숲 2,1,time3,2,0,1,1,0,0,0,0,0,0,0,0,0,0,0,0,0,0,0,0,1,0,0,0,0,16,0,0,0,0,0,1,1
비밀의 집,0,time1,2,0,0,0,0,0,2,0,1,0,0,0,0,0,0,0,0,0,0,0,0,0,0,1,0,24,1,1,1,1,1,0,0
빅마우스,0,time3,3,0,0,1,0,0,0,0,0,0,0,0,0,0,0,0,0,0,0,0,1,0,0,0,0,16,0,0,0,0,1,1,0
빈센조,1,time3,0,1,0,2,0,0,0,0,1,0,0,0,0,0,0,0,0,0,0,0,1,0,0,0,1,20,0,0,0,0,0,1,1
빙의,1,time5,0,0,0,0,0,0,4,0,0,0,0,0,0,0,0,0,1,0,0,0,1,0,0,0,0,16,0,0,1,1,0,0,0
빨간풍선,1,time3,2,0,1,0,0,0,1,1,0,0,0,0,0,0,0,0,0,1,1,0,0,0,0,0,0,20,0,0,0,0,0,1,1
사내 맞선,0,time4,0,0,0,2,1,0,1,1,1,0,0,0,0,0,0,0,0,0,0,0,0,0,0,0,0,12,1,1,0,0,0,0,0
사랑의 불시착,1,time3,0,1,2,0,1,0,0,1,1,0,0,0,0,0,0,0,0,0,0,0,0,0,0,0,0,16,0,0,0,0,0,1,1
사랑의 이해,1,time4,3,0,0,1,0,0,0,0,1,0,0,0,0,0,0,0,0,0,0,0,0,0,0,0,0,16,0,0,1,1,0,0,0
사생활,1,time3,2,1,0,0,0,0,1,0,0,0,0,0,0,0,0,0,0,0,0,0,1,0,0,0,0,16,0,0,1,1,0,0,0
사이코메트리 그녀석,0,time3,0,0,0,0,0,0,4,0,1,0,0,1,0,0,0,0,0,0,0,0,1,0,0,0,0,16,0,1,0,0,0,0,0
사이코지만 괜찮아,1,time3,1,2,0,0,1,0,0,0,1,0,0,0,0,0,0,0,0,1,0,0,1,0,1,0,0,16,0,0,0,0,0,1,1
사장님을 잠금해제,1,time3,1,1,0,0,0,0,1,0,0,0,0,1,0,0,0,0,0,0,0,0,1,0,0,0,1,12,0,0,1,1,0,0,0
삼남매가 용감하게,0,time2,1,2,0,1,0,0,0,1,1,0,0,0,0,0,0,0,0,1,1,0,1,0,0,1,0,51,0,0,0,0,0,1,1
"서른, 아홉",1,time4,2,0,1,1,0,0,0,0,1,0,0,0,0,0,0,0,0,0,0,0,0,0,0,0,0,12,0,0,1,1,0,0,0
선배 그 립스틱 바르지 마요,0,time3,3,0,0,0,0,0,1,0,1,0,0,0,1,0,0,0,0,0,0,0,0,0,0,0,0,16,1,1,0,0,0,0,0
설강화,0,time4,0,2,1,1,0,0,0,0,1,0,0,0,0,0,0,0,0,0,0,0,0,1,0,0,0,16,0,0,0,0,0,1,1
성스러운 아이돌,0,time4,2,0,0,1,1,0,0,1,1,0,0,1,0,0,0,0,0,1,0,0,0,0,0,0,0,12,0,0,1,1,0,0,0
소방서 옆 경찰서,0,time4,2,1,0,0,0,0,0,0,0,0,0,0,0,0,0,0,0,0,0,0,1,0,0,0,0,12,0,0,0,0,1,1,0
속아도 꿈결,0,time2,1,0,0,0,0,0,3,0,1,0,0,0,0,0,0,0,0,1,0,0,0,0,0,0,0,20,1,1,1,1,1,0,0
슈룹,1,time3,0,2,0,0,0,0,1,1,0,0,0,0,0,0,0,0,0,0,0,0,0,1,0,0,0,16,0,0,0,0,0,1,1
스물다섯 스물하나,1,time3,2,1,0,0,0,0,1,1,1,0,0,0,0,0,0,0,0,0,0,0,0,0,1,0,0,16,0,0,0,0,0,1,1
스타트업,1,time3,2,1,1,0,0,0,0,1,1,0,0,0,0,0,0,0,0,0,0,0,0,0,0,0,0,16,0,0,0,0,0,1,1
스토브리그,0,time4,0,1,2,1,0,0,0,0,0,0,0,0,0,0,0,0,0,0,0,0,0,0,1,0,0,16,0,0,0,0,1,1,0
스틸러 : 일곱 개의 조선통보,0,time4,2,1,0,0,0,0,1,0,0,1,0,0,0,0,0,0,0,0,0,0,1,0,0,0,1,12,0,0,1,1,0,0,0
스폰서,0,time5,3,0,0,0,1,0,0,0,1,0,0,0,0,0,0,0,0,0,0,0,1,0,0,1,0,12,0,0,1,1,0,0,0
슬기로운 의사생활,1,time3,1,0,3,0,0,0,0,0,1,0,1,0,0,0,0,0,0,1,0,0,0,0,0,0,0,12,0,0,0,1,0,0,0
슬플 때 사랑한다,0,time3,0,0,0,0,0,0,4,0,1,0,0,0,0,0,0,0,0,0,1,0,0,0,0,0,0,40,0,0,0,0,0,1,0
시지프스 : the myth,1,time3,0,0,2,0,1,0,0,0,1,0,0,1,0,0,0,0,0,0,0,1,1,0,0,0,0,16,0,0,1,1,0,0,0
시크릿 부티크,0,time4,1,0,0,0,0,0,3,0,1,0,0,0,0,0,0,0,0,0,0,0,1,0,0,1,0,16,0,0,1,1,0,0,0
신사와 아가씨,0,time1,0,1,1,2,0,0,0,1,1,0,0,0,0,0,0,0,0,1,1,0,0,0,0,0,0,52,0,0,0,0,0,1,1
"신성한, 이혼",1,time4,2,1,0,0,1,0,0,0,0,0,0,0,0,0,1,0,0,0,0,0,0,0,0,0,0,12,0,0,0,0,0,1,1
신입사관 구해령,1,time2,1,1,0,0,0,0,0,1,1,0,0,0,0,0,0,0,0,0,0,0,0,1,0,0,0,40,0,0,1,1,0,0,0
싸이코패스 다이어리,0,time3,3,0,0,0,0,0,0,0,0,0,0,0,0,0,0,0,0,0,0,0,1,0,0,0,0,16,0,0,1,1,0,0,0
쌉니다 천리마마트,0,time5,1,0,1,0,0,0,0,1,0,0,0,0,0,0,0,0,0,0,0,0,0,0,0,0,0,12,0,0,0,0,1,0,0
쌍갑포차,1,time3,2,0,0,0,0,0,1,1,0,0,0,0,0,0,0,0,0,0,0,0,0,0,0,0,0,12,0,0,1,1,0,0,0
써치,0,time4,1,2,0,0,0,0,1,0,0,0,0,0,0,0,0,0,0,0,0,0,1,0,0,0,0,10,0,0,0,0,0,1,1
아다마스,0,time4,1,0,2,0,0,0,0,0,0,0,0,0,0,0,0,0,0,0,0,0,1,0,0,0,0,16,0,0,1,1,0,0,0
아름다운 세상,0,time5,0,0,0,0,0,0,4,0,0,0,0,0,0,1,0,0,0,0,0,0,0,0,1,0,0,16,0,0,0,0,1,1,0
아무도 모른다,0,time3,0,1,0,0,0,0,3,0,0,0,0,0,0,0,0,0,0,0,0,0,1,0,0,0,0,16,1,1,0,0,0,0,0
아스달 연대기,1,time3,3,1,0,0,0,0,0,0,0,0,0,1,0,0,0,0,0,0,0,0,0,1,0,0,0,18,0,0,0,0,0,1,1
아씨두리안,0,time3,0,1,0,2,0,0,1,0,1,0,0,0,0,0,0,0,0,0,0,1,0,0,0,0,0,16,0,0,0,0,0,1,1
아이템,0,time4,0,0,0,0,0,0,4,0,0,0,0,1,0,0,0,0,0,0,0,1,1,0,0,0,0,32,1,1,0,0,0,0,0
악귀,0,time4,1,0,0,0,1,0,1,0,0,0,0,1,0,0,0,0,0,0,0,0,1,0,0,0,0,12,0,0,0,0,1,1,0
악마가 너의 이름을 부를 때,0,time3,2,1,0,1,0,0,0,0,0,0,0,0,0,0,0,0,0,0,0,0,0,0,0,0,0,16,0,0,1,1,0,0,0
악마판사,0,time3,1,2,0,0,0,0,1,0,1,0,0,0,0,0,1,0,0,0,0,0,0,0,0,0,0,16,0,0,0,0,0,1,1
악의 마음을 읽는 자들,0,time4,2,1,0,0,0,0,0,0,0,0,0,0,0,0,0,0,0,0,0,0,1,0,0,0,0,12,0,0,0,0,1,1,0
안녕? 나야!,1,time3,2,2,0,0,0,0,0,1,1,0,0,1,0,0,0,0,0,0,0,0,0,0,1,0,0,16,0,0,1,1,0,0,0
알고있지만,1,time5,0,1,1,0,0,0,0,0,1,0,0,0,0,0,0,0,0,0,0,0,0,0,0,0,0,10,0,0,0,0,0,1,0
암행어사: 조선비밀수사단,0,time3,2,1,0,0,0,0,1,1,0,0,0,0,0,0,0,0,0,0,0,0,1,1,0,0,0,16,1,1,0,0,0,0,0
앨리스,0,time4,0,3,1,0,0,0,0,0,0,0,0,1,0,0,0,0,0,0,0,0,0,0,0,0,0,16,0,0,0,0,1,1,0
야식남녀,0,time3,1,0,0,0,0,0,2,1,1,0,0,0,0,0,0,0,0,0,0,0,0,0,0,0,0,12,1,1,0,0,0,0,0
어게인 마이 라이프,0,time4,2,1,0,1,0,0,0,0,0,1,0,1,0,0,1,0,0,0,0,0,0,0,0,1,0,16,0,0,0,0,1,1,0
어느 날 우리집 현관으로 멸망이 들어왔다,0,time3,0,1,0,0,0,0,1,0,1,0,0,1,0,0,0,0,0,0,0,0,0,0,0,0,0,16,1,1,0,0,0,0,0
어비스,1,time3,1,1,0,0,0,0,0,0,1,0,0,0,0,0,0,0,0,0,0,0,1,0,0,0,0,16,1,1,0,0,0,0,0
어사와 조이,0,time4,0,0,0,2,0,0,2,1,1,0,0,0,0,0,0,0,0,0,0,0,0,1,0,0,0,16,1,1,0,0,0,0,0
"어쩌다 마주친, 그대",0,time3,0,1,0,1,1,0,0,0,1,0,0,0,0,0,0,0,0,1,0,1,0,0,0,0,0,16,1,1,0,0,0,0,0
어쩌다 발견한 하루,0,time2,0,0,0,0,0,0,4,0,1,0,0,1,0,0,0,0,0,0,0,0,0,0,0,0,0,32,0,0,1,1,0,0,0
여름아 부탁해,0,time2,2,0,0,0,0,0,2,0,1,0,0,0,0,0,0,0,0,1,1,0,0,0,0,1,0,28,1,1,1,1,1,0,0
여신강림,0,time4,1,1,0,0,0,0,2,1,1,0,0,0,0,0,0,0,0,0,0,0,0,0,0,0,0,16,0,0,1,1,0,0,0
연모,1,time3,1,1,0,0,1,0,1,0,1,0,0,0,0,0,0,0,0,0,0,0,0,1,0,0,0,20,1,1,0,0,0,0,0
연애는 귀찮지만 외로운 건 싫어!,0,time4,2,0,0,0,0,0,2,1,1,0,0,0,0,0,0,0,0,0,0,0,0,0,0,0,0,10,0,1,0,0,0,0,0
연예인 매니저로 살아남기,1,time4,3,1,0,0,0,0,0,1,1,0,0,0,0,0,0,0,0,1,0,0,0,0,0,0,0,12,1,1,0,0,0,0,0
열여덟의 순간,0,time3,2,1,0,0,0,0,1,0,0,0,0,0,0,0,0,0,0,0,0,0,0,0,1,0,0,16,1,1,0,0,0,0,0
열혈사제,0,time4,0,0,0,0,0,0,4,0,0,1,0,0,0,1,0,0,0,0,0,0,1,0,0,0,1,40,0,0,0,0,1,1,0
영혼수선공,0,time4,3,1,0,0,0,0,0,0,0,0,1,0,0,0,0,0,0,1,0,0,0,0,0,0,0,32,0,0,1,1,0,0,0
오 마이 베이비,0,time4,2,1,1,0,0,0,0,1,1,0,0,0,0,0,0,0,0,0,0,0,0,0,0,0,0,16,0,0,1,1,0,0,0
오! 삼광빌라!,0,time1,0,0,0,3,1,0,0,1,1,0,0,0,0,0,0,0,0,1,0,0,0,0,0,0,0,50,0,0,0,0,0,1,1
오! 주인님,0,time3,0,2,0,0,0,0,1,0,1,0,0,0,0,0,0,0,0,0,0,0,0,0,0,0,0,16,0,0,1,1,0,0,0
오늘의 웹툰,0,time4,3,0,0,0,0,0,0,1,0,0,0,0,1,0,0,0,0,0,0,0,0,0,0,0,0,16,0,0,0,0,1,1,0
오아시스,0,time3,2,1,0,1,0,0,0,0,1,0,0,0,0,0,0,0,0,0,0,0,0,1,0,0,0,16,1,1,0,0,0,0,0
오월의 청춘,0,time3,0,0,0,1,0,0,3,0,1,0,0,0,0,0,0,0,0,1,0,0,0,1,0,0,0,12,1,1,0,0,0,0,0
오케이 광자매,0,time1,0,1,2,0,0,0,1,0,0,0,0,0,0,0,0,0,0,1,0,0,0,0,0,0,0,50,0,0,0,0,0,1,1
옷소매 붉은 끝동,0,time3,2,0,0,1,0,0,0,0,1,0,0,0,0,0,0,0,0,0,0,0,0,1,0,0,0,17,0,0,0,0,1,1,0
왓쳐,0,time4,3,0,0,0,0,0,0,0,0,0,0,0,0,1,0,0,0,0,0,0,1,0,0,0,0,16,0,0,0,0,0,1,1
왕이 된 남자,0,time3,1,1,0,0,0,0,2,0,0,0,0,0,0,0,0,0,0,0,0,0,0,1,0,0,0,16,1,1,0,0,0,0,0
왜 오수재인가?,0,time4,2,1,0,1,0,0,0,0,1,0,0,0,0,0,1,0,0,0,0,0,1,0,0,0,0,16,0,0,0,0,1,1,0
왜그래 풍상씨,0,time4,2,1,0,0,0,0,1,1,0,0,0,0,0,0,0,0,0,1,1,0,0,0,0,1,0,40,0,0,1,1,0,0,0
용왕님 보우하사,0,time1,1,0,0,0,0,0,3,0,0,0,0,0,0,0,0,0,0,0,1,0,0,0,0,0,0,21,1,1,1,1,1,0,0
"우리, 사랑했을까",1,time3,1,1,0,0,0,0,2,0,1,0,0,0,0,0,0,0,0,0,0,0,0,0,0,0,0,16,0,0,1,1,0,0,0
우리는 오늘부터,0,time4,0,1,3,0,0,0,0,1,1,0,0,0,0,0,0,0,0,0,0,0,0,0,0,0,0,14,1,1,0,0,0,0,0
우리들의 블루스,1,time3,0,2,0,1,1,0,0,1,1,0,0,1,0,0,0,0,0,0,0,0,0,0,0,0,0,20,0,0,0,0,0,1,1
우아한 가,0,time5,2,0,0,0,0,0,1,0,0,0,0,0,0,0,0,1,0,0,0,0,0,0,0,1,0,16,0,0,1,1,0,0,0
우아한 친구들,0,time4,2,2,0,0,0,0,0,0,0,0,0,0,0,0,0,0,0,0,1,0,1,0,0,0,0,17,0,0,0,0,1,1,0
원 더 우먼,0,time4,3,1,0,0,0,0,0,1,1,0,0,0,0,0,0,0,0,0,0,0,0,0,0,0,0,16,0,0,0,0,1,1,0
월수금화목토,0,time4,2,0,0,1,0,0,0,0,1,0,0,0,0,0,0,0,0,0,0,0,0,0,0,0,0,16,0,0,1,1,0,0,0
웰컴2라이프,0,time2,2,1,0,0,0,0,0,1,1,0,0,0,0,1,1,0,0,0,0,0,0,0,0,0,0,32,1,1,0,0,0,0,0
위대한 쇼,0,time3,0,0,0,0,0,0,4,0,1,0,0,0,0,0,0,1,0,1,0,0,0,0,0,0,0,16,1,1,0,0,0,0,0
유령을 잡아라,0,time3,2,0,0,0,0,0,2,0,1,0,0,0,0,1,0,0,0,0,0,0,0,0,0,0,0,16,1,1,0,0,0,0,0
유별나! 문셰프,0,time4,1,0,0,0,0,0,1,0,1,0,0,0,0,0,0,0,0,1,0,0,0,0,0,0,0,16,0,0,0,0,1,1,0
으라차차 와이키키 2,0,time3,0,0,0,0,0,0,4,1,0,0,0,0,0,0,0,0,0,0,0,0,0,0,0,0,0,16,1,1,0,0,0,0,0
의사요한,0,time4,1,1,0,1,0,0,1,0,0,0,1,0,0,0,0,0,0,1,0,0,0,0,0,0,0,16,0,0,0,0,1,1,0
이로운 사기,0,time2,1,1,1,0,0,0,1,0,0,0,0,0,0,0,0,0,0,0,0,0,1,0,0,1,0,16,1,1,0,0,0,0,0
이몽,0,time3,1,0,0,0,0,0,3,0,1,0,0,0,0,0,0,0,0,0,0,0,1,0,0,0,0,40,0,0,0,0,0,1,0
이미테이션,0,time5,1,1,0,0,0,0,2,0,1,0,0,0,0,0,0,0,0,0,0,0,0,0,0,0,0,12,0,0,0,0,1,0,0
이번 생도 잘 부탁해,1,time3,1,0,1,0,0,0,2,1,1,0,0,0,0,0,0,0,0,0,0,0,0,0,0,0,0,12,0,0,0,0,0,1,1
이상한 변호사 우영우,1,time3,1,1,0,0,1,0,0,1,1,0,0,0,0,0,1,0,0,1,0,0,0,0,0,0,0,16,0,0,1,1,0,0,0
이태원 클라쓰,1,time4,0,3,0,0,0,0,1,0,1,0,0,0,0,0,0,0,0,0,0,0,0,0,0,0,0,16,0,0,0,0,1,1,0
인간실격,0,time4,0,3,0,0,0,0,1,0,1,0,0,0,0,0,0,0,0,1,0,0,0,0,0,0,0,16,0,0,0,0,0,1,1
인사이더,0,time4,2,0,1,0,0,0,0,0,0,0,0,0,0,0,0,0,0,0,0,0,1,0,0,0,0,16,0,0,1,1,0,0,0
일당백집사,0,time3,0,1,0,0,0,0,1,0,1,0,0,1,0,0,0,0,0,1,0,0,0,0,0,0,0,16,0,0,1,1,0,0,0
일타 스캔들,1,time3,1,0,1,0,1,0,0,1,1,0,0,0,0,0,0,0,0,0,0,0,1,0,0,0,0,16,0,0,0,0,0,1,1
자백,0,time3,0,0,0,0,0,0,4,0,0,0,0,0,0,0,1,0,0,0,0,0,0,0,0,0,0,16,0,0,0,0,0,1,1
재벌집 막내아들,1,time4,1,0,0,0,1,0,2,0,0,0,0,1,0,0,0,1,0,0,0,0,1,0,0,1,0,16,0,0,0,0,1,1,1
저녁 같이 드실래요?,0,time3,0,0,1,0,1,0,2,0,1,0,0,0,0,0,0,0,0,0,0,0,0,0,0,0,0,32,1,1,0,0,0,0,0
저스티스,0,time4,1,0,0,1,0,0,2,0,0,0,0,0,0,0,0,1,0,0,0,0,1,0,0,0,0,32,0,0,1,1,0,0,0
절대 그이,0,time4,1,0,0,0,1,0,2,1,1,0,0,1,0,0,0,0,0,0,0,0,0,0,0,0,0,36,0,0,1,1,0,0,0
제발 그 남자 만나지 마요,0,time4,0,1,0,0,0,0,3,1,1,0,0,0,0,0,0,0,0,0,0,0,0,0,0,0,0,10,0,1,0,0,0,0,0
조선 정신과 의사 유세풍,0,time4,1,0,1,0,0,0,1,0,1,0,1,0,0,0,0,0,0,0,0,0,0,1,0,0,0,12,1,1,0,0,0,0,0
조선 정신과 의사 유세풍 2,0,time4,1,0,0,1,0,0,1,1,0,0,1,0,0,0,0,0,0,0,0,0,0,1,0,0,0,10,0,0,1,1,0,0,0
조선로코-녹두전,0,time4,1,0,0,0,0,0,3,0,1,0,0,0,0,0,0,0,0,0,0,0,0,1,0,0,0,32,1,1,0,0,0,0,0
조선변호사,0,time3,1,1,0,0,0,0,2,0,0,0,0,0,0,0,1,0,0,0,0,0,0,1,0,0,0,16,0,0,0,0,1,1,0
조선생존기,0,time4,0,0,0,0,0,0,2,0,0,0,0,1,0,0,0,0,0,0,0,0,0,1,0,0,0,16,0,0,0,0,0,1,1
"지금, 헤어지는 중입니다",0,time4,1,0,0,3,0,0,0,0,1,0,0,0,0,0,0,0,0,0,0,0,0,0,0,0,0,16,0,0,0,0,1,1,0
"지금부터, 쇼타임!",0,time2,0,1,1,0,1,0,0,1,0,0,0,1,0,0,0,0,0,0,0,0,0,0,0,0,0,16,0,0,0,0,0,1,1
진검승부,0,time3,1,0,1,0,0,0,1,0,0,1,0,0,0,0,0,0,0,0,0,0,0,0,0,0,0,12,0,0,1,1,0,0,0
진심이 닿다,0,time3,0,0,0,0,0,0,4,0,1,0,0,0,0,0,0,0,0,0,0,0,0,0,0,0,0,16,0,0,1,1,0,0,0
진짜가 나타났다!,1,time2,1,1,2,0,0,0,0,1,1,0,0,0,0,0,0,0,0,1,0,0,1,0,0,1,0,50,0,0,0,0,0,1,1
징크스의 연인,0,time3,2,0,0,0,0,0,2,0,1,0,0,1,0,0,0,0,0,0,0,0,0,0,0,0,0,16,0,0,1,1,0,0,0
찬란한 내 인생,0,time1,0,0,1,0,0,0,3,0,1,0,0,0,0,0,0,0,0,1,0,0,0,0,0,0,0,27,1,1,1,1,1,0,0
천원짜리 변호사,0,time4,0,1,1,0,1,0,0,0,0,0,0,0,0,0,1,0,0,0,0,0,0,0,0,0,0,12,0,0,0,0,1,1,0
철인왕후,0,time3,1,0,1,0,0,0,0,1,1,0,0,0,0,0,0,0,0,0,0,0,0,1,0,0,0,20,0,0,0,0,0,1,1
청일전자 미쓰리,0,time3,0,0,0,0,0,0,2,0,0,0,0,0,1,0,0,0,0,1,0,0,0,0,0,0,0,16,0,0,1,1,0,0,0
청춘기록,1,time3,0,2,0,0,1,0,0,0,1,0,0,0,0,0,0,0,0,0,0,0,0,0,1,0,0,16,1,1,0,0,0,0,0
청춘월담,0,time2,0,3,0,0,0,0,1,0,1,0,0,0,0,0,0,0,0,0,0,0,0,1,0,0,0,20,1,1,0,0,0,0,0
초면에 사랑합니다,0,time4,2,0,0,0,0,0,2,1,1,0,0,0,0,0,0,0,0,0,0,0,0,0,0,0,0,32,1,1,0,0,0,0,0
초콜릿,1,time4,1,0,3,0,0,0,0,0,1,0,0,0,0,0,0,0,0,1,0,0,0,0,0,0,0,16,0,0,0,0,1,1,0
출사표,0,time3,1,1,0,0,0,0,2,1,1,0,0,0,0,0,0,0,0,0,0,0,0,0,0,0,0,16,0,0,1,1,0,0,0
카이로스,0,time3,1,0,0,1,1,0,1,0,0,0,0,1,0,0,0,0,0,0,0,1,1,0,0,0,0,16,1,1,0,0,0,0,0
클리닝 업,0,time4,0,1,0,1,0,0,1,0,0,0,0,0,0,0,0,0,0,1,0,0,0,0,0,0,0,16,0,0,0,0,0,1,1
킬잇,0,time4,0,0,0,0,0,0,2,0,0,1,0,0,0,0,0,0,0,0,0,0,1,0,0,0,0,12,0,0,0,0,0,1,1
킬힐,0,time4,0,0,0,1,0,0,2,0,0,0,0,0,1,0,0,0,0,0,0,0,1,0,0,0,0,14,0,0,1,1,0,0,0
타인은 지옥이다,0,time4,0,0,0,0,0,0,4,0,0,0,0,0,0,0,0,0,1,0,0,0,1,0,0,0,0,10,0,0,0,0,0,1,1
타임즈,0,time4,3,0,0,0,0,0,0,0,0,0,0,0,0,0,0,0,0,0,0,1,1,0,0,0,0,12,0,0,0,0,0,1,1
태종 이방원,0,time3,2,0,2,0,0,0,0,0,0,0,0,0,0,0,0,0,0,0,0,0,0,1,0,0,0,32,0,0,0,0,0,1,1
트레이서,0,time3,3,1,0,0,0,0,0,0,0,1,0,0,0,0,0,0,0,0,0,0,0,0,0,0,0,16,0,0,0,0,1,1,0
트레인,0,time4,2,1,0,0,0,0,0,0,0,0,0,0,0,0,0,0,0,0,0,0,1,0,0,0,0,12,0,0,0,0,0,1,1
트롤리,1,time4,1,1,0,0,0,0,2,0,1,0,0,0,0,0,0,0,0,0,0,0,1,0,0,0,0,16,1,1,0,0,0,0,0
특별근로감독관 조장풍,0,time4,0,0,0,0,0,0,4,0,0,0,0,1,0,0,0,0,0,0,0,1,1,0,0,0,0,32,1,1,0,0,0,0,0
판도라: 조작된 낙원,0,time3,1,1,2,0,0,0,0,0,0,1,0,0,0,0,0,0,0,0,1,0,1,0,0,1,0,16,0,0,0,0,0,1,1
패밀리,0,time2,2,1,1,0,0,0,0,1,0,0,0,0,0,0,0,0,0,1,0,0,0,0,0,0,0,12,1,1,0,0,0,0,0
퍼퓸,0,time4,2,0,0,0,1,0,1,0,1,0,0,1,0,0,0,0,0,0,0,0,0,0,0,0,0,32,1,1,0,0,0,0,0
펜트하우스,0,time4,2,0,0,1,0,0,0,0,0,0,0,0,0,0,0,0,0,0,1,0,1,0,0,1,0,21,1,1,0,0,0,0,0
펜트하우스 2,0,time4,1,1,0,0,1,0,0,0,1,0,0,0,0,0,0,0,0,0,0,0,1,0,0,1,0,13,0,0,0,0,1,1,0
펜트하우스 3,0,time4,0,0,2,0,1,0,0,0,1,0,0,1,0,0,0,0,1,0,1,0,1,0,0,1,1,14,0,0,0,0,1,0,0
편의점 샛별이,0,time4,1,1,0,0,0,0,2,1,1,0,0,0,0,0,0,0,0,0,0,0,0,0,0,0,0,16,0,0,0,0,1,1,0
평일 오후 세시의 연인,0,time5,2,0,0,0,0,0,2,0,1,0,0,0,0,0,0,0,0,0,0,0,0,0,0,0,0,16,0,0,0,0,1,1,0
포레스트,0,time4,0,0,1,0,0,0,1,0,1,0,1,0,0,0,0,0,0,0,0,0,0,0,0,0,0,32,0,0,1,1,0,0,0
하늘의 인연,0,time1,0,1,0,0,0,0,3,0,1,0,0,0,0,0,0,0,0,1,0,0,0,0,0,1,0,23,1,1,1,1,1,0,0
"하이바이, 마마!",1,time3,1,0,0,0,0,0,3,0,0,0,0,1,0,0,0,0,0,1,0,0,0,0,0,0,0,16,0,0,0,0,0,1,1
하이클래스,0,time4,3,0,0,1,0,0,0,0,0,0,0,0,0,0,0,0,0,0,0,0,1,0,0,0,0,16,1,1,0,0,0,0,0
하자있는 인간들,0,time2,0,0,3,0,0,0,1,1,1,0,0,0,0,0,0,0,0,0,0,0,0,0,0,0,0,32,0,0,1,1,0,0,0
한 사람만,0,time5,0,0,0,1,0,0,3,0,1,0,0,0,0,0,0,0,0,1,0,0,0,0,0,0,0,16,1,1,0,0,0,0,0
해치,0,time4,0,0,0,0,0,0,4,0,0,0,0,0,0,1,0,0,0,0,0,0,1,1,0,0,0,48,1,1,0,0,0,0,0
해피니스,0,time4,3,0,0,0,0,0,0,0,1,1,0,0,0,0,0,0,1,0,0,0,1,0,0,0,0,12,0,0,0,0,1,1,0
행복배틀,0,time3,2,1,0,1,0,0,0,0,0,0,0,0,0,0,0,0,0,0,0,0,1,0,0,0,0,16,0,0,1,1,0,0,0
허쉬,0,time4,0,0,0,0,0,0,3,0,0,0,0,0,1,0,0,0,0,0,0,0,0,0,0,0,0,16,0,0,0,0,1,1,0
현재는 아름다워,0,time2,0,2,1,1,0,0,0,0,0,0,0,0,0,0,0,0,0,0,0,0,0,0,0,0,0,50,0,0,0,0,0,1,1
호텔 델루나,0,time3,0,0,0,0,1,0,1,0,1,0,0,1,0,0,0,0,1,0,0,0,0,0,0,0,0,16,0,0,0,0,0,1,1
홈타운,0,time4,2,1,0,0,0,0,0,0,0,0,0,0,0,0,0,0,1,0,0,0,1,1,0,0,0,12,0,0,1,1,0,0,0
홍천기,0,time4,0,1,2,0,1,0,0,0,1,0,0,1,0,0,0,0,0,0,0,0,0,1,0,0,0,16,1,1,0,0,0,0,0
화양연화,0,time3,1,1,0,0,0,0,0,0,0,0,0,1,0,0,0,0,0,1,0,0,0,0,0,0,0,16,0,0,0,0,0,1,1
환혼,1,time3,2,2,0,0,0,0,0,0,1,1,0,1,0,0,0,0,0,0,0,0,0,1,0,0,0,20,0,0,0,0,0,1,1
환혼 빛과 그림자,1,time3,1,2,1,0,0,0,0,0,1,1,0,1,0,0,0,0,0,0,0,0,0,1,0,0,0,10,0,0,0,0,0,1,1
황금정원,0,time3,1,0,0,0,0,0,3,0,1,0,0,0,0,0,0,0,0,0,0,0,1,0,0,0,0,60,0,0,0,0,0,1,0
회사 가기 싫어,0,time5,0,0,0,0,0,0,4,0,0,0,0,0,1,0,0,0,0,1,0,0,0,0,0,0,0,12,0,1,0,0,0,0,0
