작품명,장르,방송사,전체회차,출연자,액션,코미디,드라마,스릴러,공포,판타지,가족,미스터리,전쟁,SF
에이틴,"['웹드라마', ' 학원물', ' 로맨스']","V LIVE, 네이버TV, 유튜브, 페이스북",1,"['신예은', ' 이나은', ' 신승호', ' 김동희 ']",0,0,1,0,0,0,0,0,0,0
최고의 치킨,['드라마'],"iHQ DRAMA, MBN",1,"['박선호', ' 김소혜', ' 주우재 ']",0,0,1,0,0,0,0,0,0,0
왼손잡이 아내,"['복수', ' 멜로']",KBS 2TV,1,"['이수경', ' 김진우', ' 진태현', ' 하연주', ' 이승연 ']",0,0,1,0,0,0,0,0,0,0
동네변호사 조들호 2: 죄와 벌,['법률 드라마'],KBS 2TV,1,"['박신양', ' 고현정', ' 이민지', ' 변희봉 ']",0,0,1,1,0,0,0,0,0,0
왕이 된 남자,['사극'],tvN,1,"['여진구', ' 김상경', ' 이세영', ' 정혜영', ' 장광', ' 권해효 ']",0,0,0,0,0,0,0,0,1,0
왜그래 풍상씨,"['가족', ' 코미디', ' 복수', ' 막장']",KBS 2TV,1,"['유준상', ' 오지호', ' 전혜빈', ' 이시영', ' 이창엽 ']",0,1,0,0,0,0,1,0,0,0
용왕님 보우하사,['드라마'],MBC,1,"['이소연', ' 재희', ' 조안', ' 김형민 ']",0,0,1,0,0,0,0,0,0,0
봄이 오나 봄,['드라마'],MBC TV,1,"['이유리', ' 엄지원', ' 이종혁', ' 최병모 ']",0,0,1,0,0,0,0,0,0,0
로맨스는 별책부록,['드라마'],tvN,1,"['이나영', ' 이종석', ' 정유진', ' 위하준 ']",0,0,1,0,0,0,0,0,0,0
바벨,"['범죄', ' 미스터리', ' 멜로']",TV CHOSUN,1,"['박시후', ' 장희진', ' 김해숙', ' 장신영', ' 김지훈', ' 송재희', ' 임정은 ']",0,0,1,1,0,0,0,1,0,0
진심이 닿다,['드라마'],tvN,1,"['유인나', ' 이동욱', ' 이상우', ' 손성윤 ']",0,0,1,0,0,0,0,0,0,0
리갈 하이,"['법정', ' 코미디']",JTBC,1,"['진구', ' 서은수', ' 윤박', ' 이순재 ']",0,1,0,1,0,0,0,0,0,0
막돼먹은 영애씨 17,['드라마'],tvN,1,"['김현숙', ' 이승준 ']",0,0,1,0,0,0,0,0,0,0
트랩,['범죄'],OCN,1,"['이서진', ' 성동일', ' 임화영 ']",0,0,0,1,0,0,0,0,0,0
눈이 부시게,"['로맨스', ' 판타지']",JTBC,1,"['김혜자', ' 한지민', ' 남주혁 ']",0,0,1,0,0,1,0,0,0,0
아이템,"['SF', ' 판타지', ' 서스펜스']",MBC TV,1,"['주지훈', ' 진세연', ' 김강우', ' 김유리', ' 박원상']",0,0,0,1,0,1,0,0,0,1
해치,"['사극', ' 미스터리 수사물']",SBS,1,"['정일우', ' 고아라', ' 권율', ' 박훈', ' 이경영', ' 정문성', ' 배정화', ' 한상진 ']",0,0,0,0,0,0,0,1,1,0
로스:타임:라이프 - 더 라스트 찬스,['드라마'],"MBN, UMAX",1,"['송유빈', ' 권민아 ']",0,0,1,0,0,0,0,0,0,0
열혈사제,"['경찰', ' 액션', ' 블랙 코미디', ' 서스펜스']",SBS,1,"['김남길', ' 김성균', ' 이하늬', ' 고준', ' 금새록 ']",1,1,0,1,0,0,0,0,0,0
슬플 때 사랑한다,"['드라마', ' 격정멜로', ' 막장']",MBC,1,"['지현우', ' 박한별', ' 류수영', ' 왕빛나 ']",0,0,1,0,0,0,0,0,0,0
빅이슈,['드라마'],SBS,1,"['주진모', ' 한예슬', ' 김희원', ' 신소율 ']",0,0,1,0,0,0,0,0,0,0
빙의,['드라마'],OCN,1,"['송새벽', ' 고준희', ' 연정훈', ' 조한선 ']",0,0,1,0,0,0,0,0,0,0
사이코메트리 그녀석,['드라마'],tvN,1,"['박진영', ' 신예은', ' 김권', ' 김다솜 ']",0,0,1,0,0,0,0,0,0,0
닥터 프리즈너,"['범죄', ' 메디컬', ' 서스펜스']",KBS 2TV,1,"['남궁민', ' 권나라', ' 김병철', ' 최원영', ' 박은석', ' 이다인', ' 김정난', ' 장현성 ']",0,0,0,1,0,0,0,0,0,0
킬잇,"['범죄', ' 액션']",OCN,1,"['장기용', ' 나나 ']",1,0,0,1,0,0,0,0,0,0
자백,['드라마'],tvN,1,"['이준호', ' 유재명', ' 신현빈', ' 남기애 ']",0,0,1,0,0,0,0,0,0,0
세상에서 제일 예쁜 내 딸,"['가족', ' 멜로', ' 복수', ' 막장']","KBS 2TV 방송 로고 KBS2HD(디지털 텔레비전), KBS2(아날로그 텔레비전)",1,"['김해숙', ' 김소연', ' 홍종현', ' 유선 ']",0,0,1,0,0,0,1,0,0,0
으라차차 와이키키 2,['드라마'],JTBC,1,"['김선호', ' 이이경', ' 신현수', ' 문가영', ' 안소희', ' 김예원 ']",0,0,1,0,0,0,0,0,0,0
더 뱅커,"['경제', ' 비즈니스']",MBC TV,1,"['김상중', ' 채시라', ' 유동근', ' 김태우 ']",0,0,0,0,0,0,0,0,0,0
국민 여러분!,"['범죄', ' 코미디']",KBS 2TV,1,"['최시원', ' 이유영', ' 김민정', ' 태인호', ' 김의성 ']",0,1,0,1,0,0,0,0,0,0
아름다운 세상,['드라마'],JTBC,1,"['추자현', ' 박희순', ' 오만석', ' 조여정 ']",0,0,1,0,0,0,0,0,0,0
특별근로감독관 조장풍,"['SF', ' 판타지', ' 서스펜스']",MBC TV,1,"['김동욱', ' 박세영', ' 김경남', ' 류덕환', ' ']",0,0,0,1,0,1,0,0,0,1
회사 가기 싫어,['드라마'],KBS 2TV,1,"['김동완', ' 한수연', ' 소주연', ' 김관수']",0,0,1,0,0,0,0,0,0,0
그녀의 사생활,['드라마'],tvN,1,"['박민영', ' 김재욱 ']",0,0,1,0,0,0,0,0,0,0
에이틴 2,['웹드라마'],"V LIVE, 네이버TV, 유튜브, 페이스북",1,"['이나은', ' [[신예은]', ' 최보민', ' 김동희 ']",0,0,1,0,0,0,0,0,0,0
녹두꽃,['사극'],SBS,1,"['조정석', ' 윤시윤', ' 한예리', ' 최무성 ']",0,0,0,0,0,0,0,0,1,0
여름아 부탁해,"['가족', ' 멜로', ' 복수', ' 막장 드라마']",KBS 1TV (본방송),1,"['이영은', ' 윤선우', ' 이채영', ' 김사권 ']",0,0,1,0,0,0,1,0,0,0
이몽,"['첩보', ' 멜로']",MBC,1,"['이요원', ' 유지태', ' 임주환', ' 남규리 ']",0,0,1,0,0,0,1,0,0,0
어비스,['드라마'],tvN,1,"['박보영', ' 안효섭 ']",0,0,1,0,0,0,0,0,0,0
초면에 사랑합니다,['로맨틱 코미디'],SBS,1,"['김영광', ' 진기주', ' 김재경', ' 구자성 ']",0,1,0,0,0,0,0,0,0,0
구해줘 2,"['범죄', ' 스릴러']",OCN,1,"['엄태구', ' 천호진', ' 이솜', ' 김영민 [1]']",0,0,0,1,0,0,0,0,0,0
보이스 3 - 공범들의 도시,['범죄'],OCN,1,"['이하나', ' 이진욱 ']",0,0,0,1,0,0,0,0,0,0
절대 그이,['판타지 로코 드라마'],SBS,1,"['여진구', ' 방민아', ' 홍종현', ' 홍서영 ']",0,1,1,0,0,1,0,0,0,0
봄밤,['멜로'],"MBC, 넷플릭스",1,"['한지민', ' 정해인', ' 김준한 ']",0,0,1,0,0,0,0,0,0,0
"단, 하나의 사랑",['판타지 로코 드라마'],KBS 2TV,1,"['신혜선', ' 김명수', ' 이동건', ' 김보미 ']",0,1,1,0,0,1,0,0,0,0
바람이 분다,['드라마'],JTBC,1,"['감우성', ' 김하늘', ' 김성철', ' 김가은 ']",0,0,1,0,0,0,0,0,0,0
아스달 연대기,['판타지 사극'],tvN,1,"['장동건', ' 송중기', ' 김지원', ' 김옥빈 ']",0,0,0,0,0,1,0,0,1,0
검법남녀 2,"['범죄', ' 의학', ' 서스펜스']",MBC TV,1,"['정재영', ' 정유미', ' 오만석', ' 노민우', ' 강승현 ']",0,0,0,1,0,0,0,0,0,0
퍼퓸,"['판타지', ' 로맨스', ' 멜로']",KBS 2TV,1,"['신성록', ' 고원희', ' 하재숙', ' 차예련', ' 김민규 ']",0,0,1,0,0,1,0,0,0,0
태양의 계절,"['복수', ' 멜로']",KBS 2TV,1,"['오창석', ' 윤소이', ' 최성재', ' 하시은 ']",0,0,1,0,0,0,0,0,0,0
검색어를 입력하세요 WWW,['드라마'],tvN,1,"['임수정', ' 이다희', ' 전혜진', ' 장기용 ']",0,0,1,0,0,0,0,0,0,0
조선생존기,"['판타지', ' 사극']",TV CHOSUN,1,"['서지석', ' 경수진 ']",0,0,0,0,0,1,0,0,1,0
보좌관,['드라마'],JTBC,1,"['이정재', ' 신민아', ' 이엘리야', ' 김동준', ' 정진영', ' 김갑수', ' 정웅인', ' 임원희 ']",0,0,1,0,0,0,0,0,0,0
"60일, 지정생존자","['범죄', ' 서스펜스', ' 법률', ' 정치']",tvN,1,"['지진희', ' 허준호', ' 강한나', ' 이준혁', ' 배종옥 ']",0,0,0,1,0,0,0,0,0,1
평일 오후 세시의 연인,['드라마'],채널A,1,"['박하선', ' 예지원', ' 이상엽', ' 조동혁 ']",0,0,1,0,0,0,0,0,0,0
왓쳐,['심리 스릴러'],OCN,1,"['한석규', ' 서강준', ' 김현주 ']",0,0,0,1,0,0,0,0,0,0
레벨업,['드라마'],"iHQ DRAMA, MBN",1,"['성훈', ' 한보름', ' 차선우', ' 강별', ' 데니 안 ']",0,0,1,0,0,0,0,0,0,0
호텔 델루나,"['드라마', ' 판타지', ' 호러', ' 로맨스']",tvN,1,"['아이유', ' 여진구 ']",0,0,1,0,1,1,0,0,0,0
미스터 기간제,"['추리', ' 범죄', ' 스릴러']",OCN,1,"['윤균상', ' 금새록', ' 이준영', ' 최유화 ']",0,0,0,1,0,0,0,0,0,0
저스티스,"['정치', ' 스릴러', ' 서스펜스']",KBS 2TV,1,"['최진혁', ' 손현주', ' 나나', ' 박성훈 ']",0,0,0,1,0,0,0,0,0,1
닥터 탐정,"['범죄', ' 수사', ' 서스펜스']",SBS,1,"['박진희', ' 봉태규', ' 이기우 ']",0,0,0,1,0,0,0,0,0,0
신입사관 구해령,"['사극', ' 로맨스', ' 코미디']",MBC,1,"['신세경', ' 차은우 ']",0,1,1,0,0,0,0,0,1,0
의사요한,"['휴먼', ' 메디컬']",SBS,1,"['지성', ' 이세영', ' 이규형', ' 황희 ']",0,0,0,0,0,0,0,0,0,0
황금정원,['드라마'],MBC,1,"['한지혜', ' 이상우', ' 오지은', ' 이태성 ']",0,0,1,0,0,0,0,0,0,0
열여덟의 순간,['드라마'],JTBC,1,"['옹성우', ' 김향기', ' 신승호', ' 강기영 ']",0,0,1,0,0,0,0,0,0,0
악마가 너의 이름을 부를 때,['드라마'],tvN,1,"['정경호', ' 박성웅', ' 이설', ' 이엘 ']",0,0,1,0,0,0,0,0,0,0
웰컴2라이프,"['법률', ' 로맨스', ' 코미디', ' 수사']",MBC TV,1,"['정지훈', ' 임지연', ' 곽시양 ']",0,1,1,1,0,0,0,0,0,0
너의 노래를 들려줘,['드라마'],KBS 2TV,1,"['연우진', ' 김세정', ' 송재림', ' 박지연 ']",0,0,1,0,0,0,0,0,0,0
17세의 조건,['청춘 드라마'],SBS,1,"['윤찬영', ' 박시은 ']",0,0,1,0,0,0,0,0,0,0
힙합왕 - 나스나길,"['음악', ' 청춘', ' 드라마']",SBS,1,"['이호원', ' 이나은', ' 신원호', ' 한현민 ']",0,0,1,0,0,0,0,0,0,0
멜로가 체질,"['멜로', ' 로맨스', ' 드라마']",JTBC,1,"['천우희', ' 전여빈', ' 한지은', ' 안재홍', ' 공명 ']",0,0,1,0,0,0,0,0,0,0
우아한 가,['드라마'],"MBN, iHQ DRAMA(舊 드라맥스)",1,"['임수향', ' 이장우', ' 배종옥 ']",0,0,1,0,0,0,0,0,0,0
위대한 쇼,"['정치', ' 가족', ' 로맨스']",tvN,1,"['송승헌', ' 이선빈', ' 임주환', ' 노정의 ']",0,0,1,0,0,0,1,0,0,1
타인은 지옥이다,"['스릴러', ' 공포', ' 범죄']",OCN,1,"['임시완', ' 이동욱', ' 이정은', ' 이현욱 ']",0,0,0,1,1,0,0,0,0,0
생일편지,"['시대극', ' 전쟁', ' 드라마']",KBS 2TV,1,"['전무송', ' 정영숙', ' 송건희', ' 조수민 ']",1,0,1,0,0,1,0,0,1,0
꽃파당: 조선혼담공작소,['사극'],JTBC,1,"['김민재', ' 공승연', ' 서지훈', ' 박지훈', ' 변우석', ' 고원희', ' 박호산', ' 정재성']",0,0,0,0,0,0,0,0,1,0
동백꽃 필 무렵,"['멜로', ' 휴머니즘', ' 스릴러']",KBS 2TV,1,"['공효진', ' 강하늘', ' 김지석', ' 지이수', ' 손담비 ']",0,0,1,1,0,0,0,0,0,0
달리는 조사관,['휴먼'],OCN,1,"['이요원', ' 최귀화 ']",0,0,0,0,0,0,0,0,0,0
시크릿 부티크,"['멜로', ' 복수', ' 미스터리']",SBS TV,1,"['김선아', ' 장미희', ' 박희본', ' 고민시', ' 김재영', ' 김태훈 ']",0,0,1,0,0,0,0,1,0,0
쌉니다 천리마마트,['드라마'],tvN,1,"['김병철', ' 이동휘 ']",0,0,1,0,0,0,0,0,0,0
배가본드,"['범죄', ' 첩보', ' 액션', ' 재난', ' 멜로']","SBS TV, 넷플릭스, WAVVE",1,"['이승기', ' 배수지', ' 신성록 ']",1,0,1,1,0,0,1,0,0,0
청일전자 미쓰리,['드라마'],tvN,1,"['이혜리', ' 김상경 ']",0,0,1,0,0,0,0,0,0,0
사랑은 뷰티풀 인생은 원더풀,"['복수', ' 범죄', ' 미스테리', ' 멜로', ' 피카레스크', ' 막장', ' 가족', ' 로맨틱 코미디']",KBS 2TV,0,"['설인아', ' 김재영', ' 조윤희', ' 윤박', ' 오민석 ']",0,1,1,1,0,0,1,0,0,0
날 녹여주오,"['판타지', ' 드라마']",tvN,1,"['지창욱', ' 원진아 ']",0,0,1,0,0,1,0,0,0,0
조선로코-녹두전,"['로맨스', ' 사극']",KBS 2TV,1,"['장동윤', ' 김소현', ' 강태오', ' 정준호', ' 김태우', ' 윤유선', ' 이승준 ']",0,0,1,0,0,0,0,0,1,0
어쩌다 발견한 하루,"['로맨틱 판타지', ' 로맨스 드라마']",MBC,1,"['김혜윤', ' 로운', ' 이재욱', ' 이나은', ' 정건주', ' 김영대', ' 이태리 ']",0,0,1,0,0,1,0,0,0,0
나의 나라,['사극'],JTBC,1,"['양세종', ' 우도환', ' 김설현', ' 장혁', ' 김영철', ' 안내상 ']",0,0,0,0,0,0,0,0,1,0
모두의 거짓말,['드라마'],OCN,1,"['이민기', ' 이유영 ']",0,0,1,0,0,0,0,0,0,0
레버리지: 사기조작단,"['범죄', ' 스릴러']",TV CHOSUN,1,"['이동건', ' 전혜빈', ' 김새론']",0,0,0,1,0,0,0,0,0,0
유령을 잡아라,"['수사', ' 로맨스']",tvN,1,"['문근영', ' 김선호', ' 정유진', ' 기도훈 ']",0,0,1,0,0,0,0,0,0,0
VIP,['프라이빗 오피스 멜로'],SBS,1,"['장나라', ' 이상윤', ' 이청아 ']",0,0,1,0,0,0,0,0,0,1
꽃길만 걸어요,"['드라마', ' 가족', ' 막장']",KBS 1TV (본방송),1,"['최윤소', ' 설정환', ' 심지호', ' 정유민 ']",0,0,1,0,0,0,1,0,0,0
두 번은 없다,"['복수', ' 가족', ' 코미디']",MBC,1,"['윤여정', ' 박세완', ' 곽동연', ' 오지호', ' 예지원', ' 박아인', ' 송원석 ']",0,1,0,0,0,0,1,0,0,0
우아한 모녀,"['미스터리', ' 복수', ' 멜로']",KBS 2TV,1,"['최명길', ' 차예련', ' 김흥수', ' 오채이 ']",0,0,1,0,0,0,0,1,0,0
보좌관 2,"['정치', ' 피카레스크']",JTBC,1,"['이정재', ' 신민아', ' 이엘리야', ' 김동준', ' 김갑수', ' 정웅인', ' 정만식', ' 박효주', ' 조복래 ']",0,0,0,1,0,0,0,0,0,1
싸이코패스 다이어리,"['스릴러', ' 범죄']",tvN,1,"['윤시윤', ' 정인선', ' 박성훈 ']",0,0,0,1,0,0,0,0,0,0
하자있는 인간들,['로맨틱 코미디'],MBC,1,"['오연서', ' 안재현', ' 전태열', ' 김슬기', ' 구원', ' 허정민 ']",0,1,0,0,0,0,0,0,0,0
초콜릿,['드라마'],JTBC,1,"['윤계상', ' 하지원', ' 장승조', ' 유태오', ' 민진웅', ' 강부자', ' 이재룡', ' 김원해 ']",0,0,1,0,0,0,0,0,0,0
99억의 여자,"['스릴러', ' 서스펜스']",KBS 2TV,1,"['조여정', ' 김강우', ' 정웅인', ' 오나라', ' 이지훈 ']",0,0,0,1,0,0,0,0,0,0
스토브리그,['스포츠 드라마'],SBS,1,"['남궁민', ' 박은빈', ' 오정세', ' 조병규', ' 조한민', ' 하도권']",1,0,1,0,0,0,0,0,0,0
간택 - 여인들의 전쟁,"['로맨스', ' 사극']",TV조선,1,"['진세연', ' 김민규', ' 도상우', ' 이열음', ' 이시언 ']",0,0,1,0,0,0,0,0,1,0
사랑의 불시착,['로맨틱 드라마[1] 로맨틱 코미디[2]'],tvN,1,"['현빈', ' 손예진', ' 서지혜', ' 김정현', ' 전국환 ']",0,1,1,0,0,0,0,0,0,0
검사내전,"['법정', ' 정치', ' 블랙 코미디']",JTBC,1,"['이선균', ' 정려원', ' 이성재', ' 이상희 ']",0,1,0,1,0,0,0,0,0,1
블랙독,['드라마'],tvN,1,"['서현진', ' 라미란', ' 하준 이창훈']",0,0,1,0,0,0,0,0,0,0
터치,['드라마'],채널A,1,"['주상욱', ' 김보라 ']",0,0,1,0,0,0,0,0,0,0
낭만닥터 김사부 2,"['메디컬', ' 휴머니즘', ' 로맨스']",SBS,1,"['한석규', ' 안효섭', ' 이성경', ' 김주헌 ']",0,0,1,0,0,0,0,0,0,0
머니게임,['금융'],tvN,1,"['고수', ' 이성민', ' 심은경 ']",0,0,0,0,1,0,0,0,0,0
더 게임: 0시를 향하여,"['미스터리', ' 범죄', ' 수사']",MBC,1,"['옥택연', ' 이연희', ' 임주환 ']",0,0,0,1,0,0,0,1,0,0
포레스트,"['메디컬', ' 로맨스']",KBS 2TV,1,"['박해진', ' 조보아 ']",0,0,1,0,0,0,0,0,0,0
이태원 클라쓰,"['드라마', ' 로맨스']","JTBC, 넷플릭스",1,"['박서준', ' 김다미', ' 유재명', ' 권나라', ' 김동희', ' 안보현', ' 김혜은', ' 류경수 (배우)', ' 이주영 ', ' 이다윗 ']",0,0,1,0,0,0,0,0,0,0
본 대로 말하라,['드라마'],OCN,1,"['장혁', ' 수영', ' 진서연 ']",0,0,1,0,0,0,0,0,0,0
방법,['미스터리 스릴러'],tvN,1,"['엄지원', ' 정지소', ' 성동일', ' 조민수 ']",0,0,0,1,0,0,0,1,0,0
하이에나,"['법률', ' 음악']",SBS TV,1,"['김혜수', ' 주지훈', ' 이경영', ' 김호정', ' 전석호', ' 송영규 ']",0,0,0,1,0,0,0,0,0,0
"하이바이, 마마!",['휴먼 판타지 드라마'],tvN,1,"['김태희', ' 이규형', ' 고보결', ' 서우진', ' 김미경', ' 박수영', ' 김미수', ' 신동미 ']",0,0,1,0,0,1,0,0,0,0
날씨가 좋으면 찾아가겠어요,['드라마'],JTBC,1,"['박민영', ' 서강준', ' 문정희', ' 이재욱', ' 임세미', ' 김환희', ' 김민주 ']",0,0,1,0,0,0,0,0,0,0
아무도 모른다,"['범죄', ' 미스터리', ' 서스펜스', ' 감성']",SBS TV,1,"['김서형', ' 류덕환', ' 박훈', ' 안지호 ']",0,0,0,1,0,0,0,1,0,0
메모리스트,"['미스터리', ' 스릴러']",tvN,1,"['유승호', ' 이세영 ']",0,0,0,1,0,0,0,1,0,0
슬기로운 의사생활,"['의학', ' 휴먼', ' 드라마', ' 로맨스']",tvN,1,"['조정석', ' 유연석', ' 정경호', ' 김대명', ' 전미도 ']",0,0,1,0,0,0,0,0,0,0
그 남자의 기억법,"['로맨스', ' 휴먼', ' 멜로']",MBC TV,1,"['김동욱', ' 문가영 ']",0,0,1,0,0,0,0,0,0,0
반의 반,['멜로'],tvN,1,"['정해인', ' 채수빈', ' 이하나', ' 김성규 ']",0,0,1,0,0,0,0,0,0,0
365: 운명을 거스르는 1년,"['판타지', ' 미스터리', ' 스릴러']",MBC TV,1,"['이준혁', ' 남지현', ' 김지수 ']",0,0,0,1,0,1,0,1,0,0
어서와,['판타지 로코 드라마'],KBS 2TV,1,"['김명수', ' 신예은', ' 서지훈', ' 윤예주', ' 강훈 ']",0,1,1,0,0,1,0,0,0,0
부부의 세계,"['드라마', ' 멜로', ' 복수', ' 막장']",JTBC,1,"['김희애', ' 박해준', ' 한소희', ' 박선영', ' 김영민 ']",0,0,1,0,0,0,0,0,0,0
유별나! 문셰프,['드라마'],채널A,1,"['에릭', ' 고원희 ']",0,0,1,0,0,0,0,0,0,0
루갈,['사이언스 액션 히어로'],OCN,1,"['최진혁', ' 박성웅', ' 조동혁', ' 정혜인', ' 한지완', ' 김민상', ' 박선호 ']",1,0,0,1,0,0,0,0,0,0
한 번 다녀왔습니다,['드라마'],KBS 2TV,0,"['천호진', ' 차화연', ' 이민정', ' 이상엽', ' 오대환', ' 오윤아 ']",0,0,1,0,0,0,0,0,0,0
위험한 약속,"['복수', ' 멜로']",KBS 2TV,1,"['박하나', ' 고세원', ' 강성민', ' 박영린', ' 이창욱 ']",0,0,1,0,0,0,0,0,0,0
계약우정,"['로맨스', ' 코미디', ' 학교']",KBS 2TV,1,"['이신영', ' 신승호', ' 김소혜', ' 오희준', ' 민도희', ' 조이현 ']",0,1,1,0,0,0,0,0,0,0
더 킹 : 영원의 군주,"['판타지', ' 로맨스', ' 범죄', ' 시대극']","SBS, 넷플릭스",1,"['이민호', ' 김고은', ' 우도환', ' 김경남', ' 정은채', ' 이정진']",0,0,1,1,0,1,0,0,0,0
본 어게인,['미스터리 멜로'],KBS 2TV,1,"['장기용', ' 진세연', ' 이수혁 ']",0,0,1,0,0,0,0,1,0,0
기막힌 유산,"['코미디', ' 가족', ' 로맨스']",KBS 1TV (본방송),1,"['박인환', ' 강세정', ' 신정윤 ']",0,1,1,0,0,0,1,0,0,0
화양연화,['휴먼 판타지 드라마'],tvN,1,"['유지태', ' 이보영 ']",0,0,1,0,0,1,0,0,0,0
굿캐스팅,"['액션', ' 코미디', ' 로맨스']",SBS,1,"['최강희', ' 이상엽', ' 유인영', ' 이준영', ' 김지영', ' 이종혁 ']",1,1,1,0,0,0,0,0,0,0
영혼수선공,"['메디컬', ' 휴머니즘']",KBS 2TV,1,"['신하균', ' 정소민', ' 태인호', ' 박예진 ']",0,0,0,0,0,0,0,0,0,0
오 마이 베이비,['드라마'],tvN,1,"['장나라', ' 고준', ' 박병은', ' 정건주 ']",0,0,1,0,0,0,0,0,0,0
바람과 구름과 비,"['사극', ' 로맨스']",TV CHOSUN,1,"['박시후', ' 고성희', ' 성혁', ' 전광렬 ']",0,0,1,0,0,0,0,0,1,0
행복의 진수,['드라마'],JTBC,1,"['공명', ' 박소진', ' 이윤희', ' 오만석 ']",0,0,1,0,0,0,0,0,0,0
꼰대인턴,"['코미디', ' 오피스', ' 휴먼']",MBC TV,1,"['박해진', ' 김응수 ']",0,1,0,0,0,0,0,0,0,0
쌍갑포차,"['코미디', ' 드라마']",JTBC,1,"['황정음', ' 육성재', ' 최원영 ']",0,1,1,0,0,0,0,0,0,0
번외수사,"['범죄', ' 액션']",OCN,1,"['차태현', ' 이선빈', ' 정상훈', ' 윤경호', ' 지승현 ']",1,0,0,1,0,0,0,0,0,0
야식남녀,['로맨틱 코미디'],JTBC,1,"['정일우', ' 강지영', ' 이학주 ']",0,1,0,0,0,0,0,0,0,0
저녁 같이 드실래요?,['로맨스'],MBC,1,"['송승헌', ' 서지혜', ' 이지훈', ' 손나은 ']",0,0,1,0,0,0,0,0,0,0
(아는 건 별로 없지만) 가족입니다,"['멜로', ' 가족']",tvN,1,"['한예리', ' 김지석', ' 추자현', ' 정진영', ' 원미경', ' 신재하', ' 신동욱 ']",0,0,1,0,0,0,1,0,0,0
편의점 샛별이,['로맨틱 코미디'],"SBS, 아이치이[1]",1,"['지창욱', ' 김유정', ' 한선화', ' 안솔빈', ' 도상우 ']",0,1,0,0,0,0,0,0,0,0
사이코지만 괜찮아,['드라마'],tvN,1,"['김수현', ' 서예지', ' 오정세', ' 박규영 ']",0,0,1,0,0,0,0,0,0,0
찬란한 내 인생,"['가족', ' 로맨스']",MBC,1,"['심이영', ' 진예솔', ' 최성재', ' 원기준 ']",0,0,1,0,0,0,1,0,0,0
출사표,['로맨틱 코미디'],KBS 2TV,1,"['나나', ' 박성훈', ' 유다인', ' 한준우', ' 안내상 ']",0,1,0,0,0,0,0,0,0,0
모범형사,"['범죄', ' 수사']",JTBC,1,"['손현주', ' 장승조', ' 이엘리야', ' 오정세', ' 지승현 ']",0,0,0,1,0,0,0,0,0,0
그놈이 그놈이다,['판타지 로코 드라마'],KBS 2TV,1,"['황정음', ' 윤현민', ' 서지훈', ' 최명길', ' 조우리 ']",0,1,1,0,0,1,0,0,0,0
"우리, 사랑했을까",['로맨스'],JTBC,1,"['송지효', ' 손호준', ' 송종호', ' 김민준', ' 구자성', ' 김다솜 ']",0,0,1,0,0,0,0,0,0,0
미쓰리는 알고 있다,['미스터리'],MBC TV,1,"['조한선', ' 강성연 ']",0,0,0,0,0,0,0,1,0,0
우아한 친구들,['드라마'],JTBC,1,"['유준상', ' 송윤아', ' 배수빈', ' 한다감 ']",0,0,1,0,0,0,0,0,0,0
트레인,"['미스터리', ' 스릴러']",OCN,1,"['윤시윤', ' 경수진', ' 신소율 ']",0,0,0,1,0,0,0,1,0,0
십시일반,"['미스터리', ' 블랙 코미디']",MBC,1,"['김혜준', ' 한수현', ' 오나라 ']",0,1,0,0,0,0,0,1,0,0
악의 꽃,['서스펜스 멜로'],tvN,1,"['이준기', ' 문채원', ' 서현우', ' 장희진 ']",0,0,1,1,0,0,0,0,0,0
연애는 귀찮지만 외로운 건 싫어!,['로맨틱 코미디'],"MBC every1, MBC",1,"['지현우', ' 김소은', ' 박건일', ' 한지완 ']",0,1,0,0,0,0,0,0,0,0
시네마틱드라마 SF8,['SF 시리즈'],"WAVVE, MBC",1,"['이유영', ' 예수정', ' 이시영', ' 하준', ' 김보라', ' 최성은', ' 이연희', ' 이동휘', ' 안희연', ' 이세희', ' 최시원', ' 유이', ' 이다윗', ' 신은수', ' 문소리', ' 장유상 ']",0,0,0,0,0,0,0,0,0,1
비밀의 숲 2,"['스릴러', ' 범죄']",tvN,1,"['조승우', ' 배두나', ' 전혜진', ' 최무성', ' 이준혁', ' 윤세아 ']",0,0,0,1,0,0,0,0,0,0
내가 가장 예뻤을 때,['드라마'],MBC TV,1,"['임수향', ' 지수', ' 하석진', ' 황승언 ']",0,0,1,0,0,0,0,0,0,0
앨리스,['판타지 드라마'],SBS TV,1,"['김희선', ' 주원', ' 곽시양', ' 이다인', ' 김상호', ' 최원영 ']",0,0,1,0,0,1,0,0,0,0
미씽: 그들이 있었다,"['미스터리', ' 판타지']",OCN,1,"['고수', ' 허준호', ' 안소희', ' 하준 ']",0,0,0,0,0,1,0,1,0,0
브람스를 좋아하세요?,"['클래식', ' 멜로', ' 드라마']",SBS,1,"['박은빈', ' 김민재', ' 김성철', ' 박지현']",0,0,1,0,0,0,0,0,0,0
거짓말의 거짓말,"['멜로', ' 서스펜스']",채널A,1,"['이유리', ' 연정훈', ' 이일화', ' 권화운', ' 이원종', ' 임주은']",0,0,1,1,0,0,0,0,0,0
청춘기록,"['청춘 성장', ' 로맨스', ' 드라마']","TVN, Netflix",1,"['박보검', ' 박소담', ' 변우석 ']",0,0,1,0,0,0,0,0,0,0
비밀의 남자,"['복수', ' 멜로']",KBS 2TV,1,"['강은탁', ' 엄현경', ' 이채영', ' 이시강 ']",0,0,1,0,0,0,0,0,0,0
오! 삼광빌라!,"['가족', ' 로맨스', ' 코미디']",KBS 2TV,1,"['전인화', ' 정보석', ' 황신혜', ' 진기주', ' 이장우']",0,1,1,0,0,0,1,0,0,0
18 어게인,['드라마'],JTBC,1,"['김하늘', ' 윤상현', ' 이도현 ']",0,0,1,0,0,0,0,0,0,0
좀비탐정,"['액션', ' 스릴러', ' 판타지', ' 느와르', ' 코믹', ' 모험', ' 낭만', ' 좀비', ' 공포']",KBS 2TV,1,"['최진혁', ' 박주현 ']",1,1,0,1,1,1,0,0,0,0
경우의 수,['로맨틱 코미디'],JTBC,1,"['옹성우', ' 신예은', ' 김동준', ' 안은진', ' 백수민', ' 최찬호', ' 표지훈 ']",0,1,0,0,0,0,0,0,0,0
나의 위험한 아내,"['로맨스', ' 스릴러']",MBN,1,"['최원영', ' 김정은 ']",0,0,1,1,0,0,0,0,0,0
구미호뎐,['판타지 액션 로맨스'],tvN,1,"['이동욱', ' 조보아', ' 김범 ']",1,0,1,0,0,1,0,0,0,0
사생활,['드라마'],JTBC,1,"['서현', ' 고경표', ' 김효진', ' 김영민 ']",0,0,1,0,0,0,0,0,0,0
도도솔솔라라솔,['로맨틱 코미디'],KBS 2TV,1,"['고아라', ' 이재욱', ' 김주헌', ' 예지원', ' 이순재', ' 신은수 ']",0,1,0,0,0,0,0,0,0,0
누가 뭐래도,"['가족', ' 로맨스']",KBS 1TV (본방송),1,"['나혜미', ' 최웅', ' 정민아', ' 정헌 ']",0,0,1,0,0,0,1,0,0,0
스타트업,['로맨틱 코미디 드라마'],tvN,1,"['배수지', ' 남주혁', ' 김선호', ' 강한나 ']",0,1,1,0,0,0,0,0,0,0
써치,['밀리터리 스릴러'],OCN,1,"['장동윤', ' 정수정', ' 윤박', ' 문정희', ' 이현욱 ']",0,0,0,1,0,0,0,0,0,0
나를 사랑한 스파이,"['액션', ' 첩보', ' 멜로']",MBC,1,"['에릭', ' 유인나', ' 임주환 ']",1,0,1,0,0,0,1,0,0,0
펜트하우스,"['드라마', ' 연속극', ' 서스펜스', ' 복수', ' 범죄', ' 스릴러', ' 막장']",SBS,1,"['이지아', ' 김소연', ' 유진 ']",0,0,1,1,0,0,0,0,0,0
카이로스,"['타임 크로싱', ' 판타지', ' 스릴러']",MBC,1,"['신성록', ' 이세영', ' 안보현', ' 남규리 ']",0,0,0,1,0,1,0,0,0,1
날아라 개천용,['법률'],SBS TV,1,"['권상우', ' 정우성', ' 김주현', ' 이정재 ']",0,0,0,1,0,0,0,0,0,0
산후조리원,"['멜로', ' 가족', ' 코미디']",tvN,1,"['엄지원', ' 박하선', ' 장혜진', ' 윤박', ' 최리 ']",0,1,1,0,0,0,1,0,0,0
제발 그 남자 만나지 마요,['로맨틱 코미디'],MBC every1,1,"['송하윤', ' 이준영', ' 공민정', ' 윤보미 ']",0,1,0,0,0,0,0,0,0,0
라이브온,['드라마'],JTBC,1,"['황민현', ' 정다빈', ' 노종현', ' 양혜지', ' 연우', ' 최병찬', ' 우연 ']",0,0,1,0,0,0,0,0,0,0
복수해라,"['복수', ' 로맨스', ' 서스펜스']",TV CHOSUN,1,"['김사랑', ' 윤현민', ' 유선', ' 정욱 ']",0,0,1,1,0,0,0,0,0,0
경이로운 소문,"['판타지', ' 액션', ' 미스터리', ' 스릴러']","OCN, 넷플릭스, tvN",1,"['조병규', ' 유준상', ' 김세정', ' 염혜란', ' 안석환', ' 이홍내', ' 옥자연', ' 정원창', ' 최광일 ']",1,0,0,1,0,1,0,1,0,0
낮과 밤,"['범죄', ' 미스터리', ' 서스펜스']",tvN,1,"['남궁민', ' 이청아', ' 김설현 ']",0,0,0,1,0,0,0,1,0,0
바람피면 죽는다,"['코믹', ' 스릴러', ' 미스터리']",KBS 2TV,1,"['조여정', ' 고준', ' 김영대', ' 연우 ']",0,1,0,1,0,0,0,1,0,0
여신강림,"['드라마', ' 로맨스', ' 코미디']",tvN,1,"['문가영', ' 차은우', ' 황인엽', ' 박유나 ']",0,1,1,0,0,0,0,0,0,0
허쉬,['회사 드라마'],JTBC,1,"['.mw-parser-output .plainlist ol', '.mw-parser-output .plainlist ul{line-height:inherit;list-style:none;margin:0;padding:0}.mw-parser-output .plainlist ol li', '.mw-parser-output .plainlist ul li{margin-bottom:0} 황정민 임윤아']",0,0,1,0,0,0,0,0,0,0
철인왕후,"['사극', ' 로맨스', ' 코미디']",tvN,1,"['신혜선', ' 김정현 ']",0,1,1,0,0,0,0,0,1,0
런 온,['로맨스'],JTBC,1,"['임시완', ' 신세경 최수영', ' 강태오']",0,0,1,0,0,0,0,0,0,0
암행어사: 조선비밀수사단,['코믹 미스터리 사극 드라마'],KBS 2TV,1,"['김명수', ' 권나라', ' 이이경', ' 이태환', ' 조수민 ']",0,1,1,0,0,0,0,1,1,0
밥이 되어라,"['가족', ' 로맨스']",MBC,1,"['정우연', ' 재희', ' 권혁', ' 강다현', ' 조한준 ']",0,0,1,0,0,0,1,0,0,0
선배 그 립스틱 바르지 마요,['드라마'],JTBC,1,"['원진아', ' 로운', ' 이현욱', ' 이주빈', ' 이규한']",0,0,1,0,0,0,0,0,0,0
결혼작사 이혼작곡,"['드라마', ' 막장']",TV CHOSUN,1,"['성훈', ' 이태곤', ' 박주미', ' 이가령', ' 이민영', ' 전수경', ' 전노민 ']",0,0,1,0,0,0,0,0,0,0
루카: 더 비기닝,"['범죄', ' 미스터리', ' 서스펜스']",tvN,1,"['김래원', ' 이다희', ' 김성오 ']",0,0,0,1,0,0,0,1,0,0
미스 몬테크리스토,"['복수', ' 멜로']",KBS 2TV,0,"['이소연', ' 최여진', ' 경성환', ' 이상보 ']",0,0,1,0,0,0,0,0,0,0
달이 뜨는 강,"['사극', ' 로맨스']",KBS 2TV,1,"['김소현', ' 나인우', ' 이지훈', ' 최유화 ']",0,0,1,0,0,0,0,0,1,0
안녕? 나야!,"['판타지', ' 로코', ' 성장', ' 드라마']",KBS 2TV,1,"['최강희', ' 김영광', ' 이레', ' 음문석 ']",0,1,1,0,0,1,0,0,0,0
시지프스 : the myth,"['SF', ' 판타지', ' 미스터리', ' 로맨스']",JTBC,1,"['조승우', ' 박신혜', ' 김병철 ']",0,0,1,0,0,1,0,1,0,1
펜트하우스 2,"['서스펜스', ' 복수', ' 범죄', ' 스릴러', ' 로맨스']",SBS,1,"['유진', ' 김소연', ' 이지아 ']",0,0,1,1,0,0,0,0,0,0
괴물,"['드라마', ' 스릴러']",JTBC,1,"['신하균', ' 여진구 ']",0,0,1,1,0,0,0,0,0,0
타임즈,"['범죄', ' SF']",OCN,1,"['이서진', ' 이주영', ' 김영철']",0,0,0,1,0,0,0,0,0,1
빈센조,"['범죄', ' 블랙 코미디', ' 스릴러', ' 로맨스']",tvN,1,"['송중기', ' 전여빈', ' 옥택연 ']",0,1,1,1,0,0,0,0,0,0
마우스,"['범죄', ' 스릴러', ' 서스펜스 추리']",tvN,1,"['이승기', ' 이희준', ' 박주현', ' 경수진 ']",0,0,0,1,0,0,0,0,0,0
오케이 광자매,['드라마'],KBS 2TV,1,"['윤주상', ' 홍은희', ' 전혜빈', ' 고원희', ' 김경남', ' 이보희', ' 이병준 ']",0,0,1,0,0,0,0,0,0,0
어쩌다 가족,['예능 드라마'],TV CHOSUN,1,"['성동일', ' 진희경', ' 김광규 ']",0,0,1,0,0,0,0,0,0,0
나빌레라,"['코미디', ' 휴머니즘']",tvN,1,"['박인환', ' 송강 ']",0,1,0,0,0,0,0,0,0,0
조선구마사,"['엑소시즘', ' 사극']",SBS,1,"['감우성', ' 장동윤', ' 박성훈 ']",0,0,0,0,0,0,0,0,1,1
오! 주인님,"['로맨스', ' 멜로']",MBC,1,"['이민기', ' 나나', ' 강민혁 ']",0,0,1,0,0,0,0,0,0,0
속아도 꿈결,"['가족', ' 로맨스']",KBS 1TV (본방송),1,"['최정우', ' 박준금', ' 류진', ' 박탐희 ']",0,0,1,0,0,0,1,0,0,0
모범택시,"['범죄', ' 액션', ' 복수']",SBS TV,1,"['이제훈', ' 이솜', ' 김의성', ' 표예진 ']",1,0,0,1,0,0,0,0,0,0
로스쿨,"['법정', ' 범죄', ' 휴먼', ' 코미디']",JTBC,1,"['김명민', ' 김범', ' 류혜영', ' 이정은']",0,1,0,1,0,0,0,0,0,0
대박부동산,"['코믹', ' 스릴러', ' 판타지', ' 엑소시즘']",KBS 2TV,1,"['장나라', ' 정용화 ']",0,1,0,1,0,1,0,0,0,1
언더커버,"['정치', ' 가족', ' 스릴러', ' 로맨스']",JTBC,1,"['지진희', ' 김현주', ' 허준호', ' 정민식', ' 이승준', ' 권해효', ' 한고은 ']",0,0,1,1,0,0,1,0,0,1
다크홀,"['공포', ' 스릴러']","OCN, tvN",1,"['김옥빈', ' 이준혁 ']",0,0,0,1,1,0,0,0,0,0
보쌈 - 운명을 훔치다,['사극'],MBN,1,"['정일우', ' 권유리', ' 신현수', ' 김태우', ' 이재용', ' 송선미 ']",0,0,0,0,0,0,0,0,1,0
오월의 청춘,"['시대극', ' 멜로', ' 휴머니즘']",KBS 2TV,1,"['이도현', ' 고민시', ' 이상이', ' 금새록 ']",0,0,1,0,0,1,0,0,0,0
이미테이션,"['뮤지컬', ' 로맨스']",KBS2,1,"['이준영', ' 정지소', ' 박지연', ' 정윤호', ' 데니 안', ' 강찬희 ']",0,0,1,0,0,0,1,0,0,0
마인:MINE,"['드라마', ' 미스터리', ' 스릴러']",tvN,1,"['이보영', ' 김서형', ' 이현욱', ' 옥자연', ' 차학연', ' 정이서', ' 박혁권', ' 박원숙 ']",0,0,1,1,0,0,0,1,0,0
어느 날 우리집 현관으로 멸망이 들어왔다,['드라마'],tvN,1,"['서인국', ' 박보영 ']",0,0,1,0,0,0,0,0,0,0
목표가 생겼다,['멜로'],MBC,1,"['김환희', ' 류수영', ' 김도훈', ' 이영진 ']",0,0,1,0,0,0,0,0,0,0
간 떨어지는 동거,['로맨틱 코미디'],tvN,1,"['장기용', ' 이혜리', ' 강한나', ' 김도완', ' 배인혁 ']",0,1,0,0,0,0,0,0,0,0
라켓소년단,['스포츠 드라마'],SBS TV,1,"['김상경', ' 오나라', ' 탕준상', ' 손상연', ' 최현욱', ' 김강훈', ' 이재인', ' 이지원', ' 김민기 ']",1,0,1,0,0,0,0,0,0,0
펜트하우스 3,"['복수', ' 범죄', ' 서스펜스', ' 로맨스', ' 블랙 코미디', ' 교육', ' 느와르', ' 공포', ' 판타지']",SBS,1,"['유진', ' 김소연', ' 이지아 ']",0,1,1,1,1,1,0,0,0,0
결혼작사 이혼작곡 2,"['드라마', ' 막장']",TV CHOSUN,1,"['성훈', ' 이태곤', ' 박주미', ' 이가령', ' 이민영', ' 전수경', ' 전노민', ' 송지인', ' 임혜영', ' 문성호', ' 부배 ']",0,0,1,0,0,0,0,0,0,0
멀리서 보면 푸른 봄,"['청춘', ' 캠퍼스']",KBS 2TV,1,"['박지훈', ' 강민아', ' 배인혁 ']",0,0,0,0,0,0,0,0,0,0
월간 집,"['드라마', ' 로맨스']",JTBC,1,"['정소민', ' 김지석', ' 정건주 ']",0,0,1,0,0,0,0,0,0,0
슬기로운 의사생활2,"['의학', ' 휴먼', ' 드라마', ' 로맨스']",tvN,1,"['조정석', ' 유연석', ' 정경호', ' 김대명', ' 전미도 ']",0,0,1,0,0,0,0,0,0,0
보이스 4,['범죄'],tvN,1,"['송승헌', ' 이하나', ' 이규형 ']",0,0,0,1,0,0,0,0,0,0
알고있지만,['로맨스'],JTBC,1,"['송강', ' 한소희 ']",0,0,1,0,0,0,0,0,0,0
미치지 않고서야,['드라마'],MBC,1,"['문소리', ' 정재영', ' 김가은', ' 이상엽 ']",0,0,1,0,0,0,0,0,0,0
악마판사,"['법률', ' 로맨스']",tvN,1,"['지성', ' 김민정', ' 박진영', ' 박규영 ']",0,0,1,1,0,0,0,0,0,0
너는 나의 봄,['드라마'],tvN,1,"['서현진', ' 김동욱', ' 윤박', ' 남규리 ']",0,0,1,0,0,0,0,0,0,0
빨강구두,"['복수', ' 범죄', ' 미스테리', ' 멜로', ' 피카레스크', ' 막장']",KBS 2TV,0,"['최명길', ' 소이현', ' 박윤재', ' 신정윤', ' 정유민 ']",0,0,1,1,0,0,0,0,0,0
마녀식당으로 오세요,"['판타지', ' 드라마']","TVING, tvN",1,"['송지효', ' 남지현', ' 채종협 ']",0,0,1,0,0,1,0,0,0,0
더 로드: 1의 비극,['드라마'],tvN,1,"['지진희', ' 윤세아', ' 김혜은', ' 천호진', ' 안내상', ' 김성수', ' 강성민 ']",0,0,1,0,0,0,0,0,0,0
두 번째 남편,"['복수', ' 로맨스']",MBC TV,1,"['엄현경', ' 차서원', ' 오승아', ' 한기웅 ']",0,0,1,0,0,0,0,0,0,0
경찰수업,"['캠퍼스', ' 형사물', ' 코믹']",KBS 2TV,1,"['진영', ' 차태현', ' 정수정 ']",0,1,0,0,0,0,0,0,0,0
이벤트를 확인하세요,"['로맨스', ' 코미디']",MBC TV,1,"['방민아', ' 권화운', ' 안우연 ']",0,1,1,0,0,0,0,0,0,0
갯마을 차차차,"['로맨틱', ' 휴머니즘']",tvN,1,"['신민아', ' 김선호', ' 이상이 ']",0,0,0,0,0,0,0,0,0,0
홍천기,"['사극', ' 로맨스', ' 판타지']",SBS,1,"['김유정', ' 안효섭', ' 공명', ' 곽시양 ']",0,0,1,0,0,1,0,0,1,0
인간실격,['로맨스'],JTBC,1,"['류준열', ' 전도연', ' 박병은', ' 김효진 ']",0,0,1,0,0,0,0,0,0,0
하이클래스,['드라마'],tvN,1,"['조여정', ' 김지수', ' 하준', ' 박세진', ' 공현주 ']",0,0,1,0,0,0,0,0,0,0
유미의 세포들,"['로맨스', ' 일상물']","TVING, tvN",1,"['김고은', ' 안보현', ' 이유비', ' 박지현 ']",0,0,1,0,0,0,0,0,0,0
원 더 우먼,['로맨틱 코미디 드라마'],SBS,1,"['이하늬', ' 이상윤', ' 진서연', ' 이원근 ']",0,1,1,0,0,0,0,0,0,0
검은 태양,"['액션', ' 블록버스터', ' 첩보']",MBC TV,1,"['남궁민', ' 박하선', ' 김지은', ' 김병기 ']",1,0,0,1,0,0,1,0,0,0
달리와 감자탕,['로맨틱 코미디 드라마'],KBS 2TV,1,"['김민재', ' 박규영', ' 권율', ' 황희', ' 연우 ']",0,1,1,0,0,0,0,0,0,0
홈타운,['드라마'],tvN,1,"['유재명', ' 한예리', ' 엄태구 ']",0,0,1,0,0,0,0,0,0,0
신사와 아가씨,"['멜로', ' 로맨틱 코미디', ' 가족', ' 드라마']",KBS 2TV,1,"['지현우', ' 이세희', ' 강은탁', ' 박하나 ']",0,1,1,0,0,0,1,0,0,0
국가대표 와이프,['드라마'],KBS 1TV (본방송),1,"['한다감', ' 한상진', ' 심지호 ']",0,0,1,0,0,0,0,0,0,0
연모,"['사극', ' 로맨스']",KBS 2TV,1,"['박은빈', ' 로운', ' 남윤수', ' 최병찬', ' 배윤경', ' 정채연 ']",0,0,1,0,0,0,0,0,1,0
너를 닮은 사람,"['미스터리', ' 스릴러', '하드보일드', ' 느와르', ' 피카레스크']",JTBC,1,"['고현정', ' 신현빈', ' 김재영', ' 최원영 ']",0,0,0,1,0,0,0,1,0,1
술꾼도시여자들,"['로맨틱 코미디', '우정', ' 드라마']","티빙, tvn",1,"['이선빈', ' 한선화', ' 정은지', ' 시원']",0,1,1,0,0,0,0,0,0,0
지리산,"['재난', ' 미스터리', ' 스릴러']",tvN,1,"['전지현', ' 주지훈 ']",0,0,0,1,0,0,0,1,0,0
뫼비우스 : 검은 태양,"['액션', ' 블록버스터', ' 첩보', ' 스핀오프']",MBC,1,"['박하선', ' 장영남', ' 정문성 ']",1,0,0,1,0,0,1,0,0,0
키마이라,"['범죄', ' 스릴러']",OCN,1,"['박해수', ' 수현', ' 이희준 ']",0,0,0,1,0,0,0,0,0,0
구경이,"['스릴러', ' 범죄', ' 코미디', ' 느와르']",JTBC,1,"['이영애', ' 김혜준', ' 곽선영', ' 김해숙', ' 이홍내', ' 백성철', ' 조현철 ']",0,1,0,1,0,0,0,0,0,0
해피니스,['드라마'],tvN,1,"['한효주', ' 박형식', ' 조우진 ']",0,0,1,0,0,0,0,0,0,0
너의 밤이 되어줄게,"['로맨틱 코미디', ' 음악 드라마']",SBS TV,1,"['정인선', ' 이준영', ' 장동주', ' 김종현', ' 윤지성', ' 김동현 ']",0,1,1,0,0,0,0,0,0,0
아이돌: 더 쿠데타,['청춘 드라마'],JTBC,1,"['안희연', ' 곽시양', ' 김민규 ']",0,0,1,0,0,0,0,0,0,0
어사와 조이,"['사극', '코미디', '로맨스']",tvN,1,"['옥택연', ' 김혜윤', ' 양희경', ' 정보석 ']",0,1,1,0,0,0,0,0,1,0
멜랑꼴리아,['드라마'],tvN,1,"['임수정', ' 이도현 ']",0,0,1,0,0,0,0,0,0,0
옷소매 붉은 끝동,"['사극', ' 로맨스']",MBC TV,1,"['이준호', ' 이세영', ' 강훈 ']",0,0,1,0,0,0,0,0,1,0
"지금, 헤어지는 중입니다",['멜로'],SBS TV,1,"['송혜교', ' 장기용', ' 최희서', ' 김주헌', ' 박효주', '\xa0윤나무 ']",0,0,1,0,0,0,0,0,0,0
학교 2021,['학원물 로맨스'],KBS 2TV,1,"['김요한', ' 조이현', ' 추영우', ' 황보름별', ' 전석호 ']",0,0,1,0,0,0,0,0,0,0
쇼윈도: 여왕의 집,"['멜로', ' 드라마']",채널 A,1,"['송윤아', ' 이성재', ' 전소민', ' 황찬성']",0,0,1,0,0,0,0,0,0,0
그 해 우리는,['로맨틱 코미디'],SBS,1,"['최우식', ' 김다미', ' 김성철', ' 노정의']",0,1,0,0,0,0,0,0,0,0
공작도시,"['미스터리', ' 심리', ' 스릴러', ' 로맨스']",JTBC,1,"['수애', ' 김강우', ' 김미숙', ' 이이담', ' 이학주', ' 이충주 ']",0,0,1,1,0,0,0,1,0,0
태종 이방원,['사극'],KBS 1TV,1,"['주상욱', ' 김영철', ' 박진희', ' 예지원 ']",0,0,0,0,0,0,0,0,1,0
엉클,"['로맨스', ' 휴머니즘']",TV CHOSUN,1,"['오정세', ' 전혜진', ' 이경훈', ' 박선영', ' 이상우', ' 이시원', ' 황우슬혜 ']",0,0,1,0,0,0,0,0,0,0
사랑의 꽈배기,"['가족', ' 코미디']",KBS 2TV,1,"['함은정', ' 김진엽', ' 황신혜', ' 윤다훈', ' 심혜진', ' 손성윤', ' 장세현 ']",0,1,0,0,0,0,1,0,0,0
배드 앤 크레이지,"['미스터리', ' 범죄', ' 코미디']",tvN,1,"['이동욱', ' 위하준', ' 한지은', ' 차학연 ']",0,1,0,1,0,0,0,1,0,0
불가살,"['판타지', ' 드라마']",tvN,1,"['이진욱', ' 권나라', ' 공승연', ' 이준 ']",0,0,1,0,0,1,0,0,0,0
설강화,"['드라마', ' 로맨스', ' 시대극']",JTBC,1,"['정해인', ' 지수', ' 장승조', ' 윤세아', ' 김혜윤', ' 유인나', ' 정유진 ']",0,0,1,0,0,1,0,0,0,0
꽃 피면 달 생각하고,"['사극', ' 로맨틱 코미디']",KBS 2TV,1,"['유승호', ' 이혜리', ' 변우석', ' 강미나 ']",0,1,0,0,0,0,0,0,1,0
한 사람만,"['휴먼', ' 멜로', ' 드라마']",JTBC,1,"['안은진', ' 김경남', ' 강예원', ' 박수영 ']",0,0,1,0,0,0,0,0,0,0
고스트 닥터,"['메디컬', ' 휴머니즘']",tvN,1,"['정지훈', ' 김범', ' 유이', ' 손나은', ' 성동일 ']",0,0,0,0,0,0,0,0,0,0
트레이서,"['추적활극', ' 드라마']","WAVVE, MBC",1,"['임시완', ' 고아성', ' 손현주', ' 박용우 ']",0,0,1,0,0,0,0,0,0,0
악의 마음을 읽는 자들,"['범죄', ' 논픽션', ' 스릴러', ' 미스터리']",SBS TV,1,"['김남길', ' 김소진', ' 진선규 ']",0,0,0,1,0,0,0,1,0,0
내과 박원장,"['의학', ' 코미디']",TVING tvN,1,"['이서진', ' 라미란 ']",0,1,0,0,0,0,0,0,0,0
기상청 사람들: 사내연애 잔혹사 편,"['비즈니스', ' 로맨스']","JTBC, 넷플릭스",1,"['박민영', ' 송강', ' 윤박', ' 유라 ']",0,0,1,0,0,0,0,0,0,0
스물다섯 스물하나,"['로맨스', ' 코미디', ' 청춘', ' 스포츠', ' 하이틴']",tvN,1,"['김태리', ' 남주혁', ' 김지연', ' 최현욱', ' 이주명 ']",1,1,1,0,0,0,0,0,0,0
"서른, 아홉","['드라마', ' 로맨스']",JTBC,1,"['손예진', ' 전미도', ' 김지현', ' 연우진', ' 이무생', ' 이태환 ']",0,0,1,0,0,0,0,0,0,0
스폰서,"['멜로', ' 복수', ' 스릴러']","MBN, IHQ DRAMA",1,"['한채영', ' 구자성', ' 이지훈', ' 지이수 ']",0,0,1,1,0,0,0,0,0,0
결혼작사 이혼작곡 3,"['드라마', ' 로맨스', ' 막장']",TV CHOSUN,1,"['박주미', ' 이가령', ' 이민영', ' 전수경', ' 전노민', ' 문성호', ' 강신효', ' 부배', ' 지영산 ']",0,0,1,0,0,0,0,0,0,0
군검사 도베르만,"['범죄', ' 액션', ' 군대']",tvN,1,"['안보현', ' 조보아 ']",1,0,0,1,0,0,0,0,0,0
사내 맞선,"['로맨스', ' 코미디']",SBS TV,1,"['안효섭', ' 김세정', ' 김민규', ' 설인아 ']",0,1,1,0,0,0,0,0,0,0
크레이지 러브,"['로맨틱', ' 코미디', ' 복수']",KBS 2TV,1,"['김재욱', ' 정수정', ' 하준 ']",0,1,0,0,0,0,0,0,0,0
킬힐,['드라마'],tvN,1,"['김하늘', ' 이혜영', ' 김성령 ']",0,0,1,0,0,0,0,0,0,0
우월한 하루,"['드라마', ' 스릴러']",OCN,1,"['진구', ' 하도권', ' 이원근 ']",0,0,1,1,0,0,0,0,0,0
돼지의 왕,['스릴러'],TVING,1,"['김동욱', ' 김성규', ' 채정안 ']",0,0,0,1,0,0,0,0,0,0
내일,"['휴먼', '\xa0판타지', '\xa0오피스']",MBC TV,1,"['김희선', ' 로운', ' 이수혁', ' 윤지온', ' 김해숙 ']",0,0,0,0,0,1,0,0,0,0
현재는 아름다워,['드라마'],KBS 2TV,1,"['윤시윤', ' 배다빈', ' 오민석', ' 신동미', ' 서범준', ' 최예빈 ']",0,0,1,0,0,0,0,0,0,0
그린마더스 클럽,"['드라마', ' 로맨스']",JTBC,1,"['이요원', ' 추자현', ' 김규리', ' 장혜진', ' 주민경 ']",0,0,1,0,0,0,0,0,0,0
어게인 마이 라이프,"['현대 판타지', ' 복수', ' 액션', ' 법정']",SBS TV,1,"['이준기', ' 이경영', ' 김지은', ' 정상훈 ']",1,0,0,1,0,1,0,0,0,0
우리들의 블루스,"['판타지', ' 드라마', ' 로맨스', ' 코믹']",tvN,1,"['이병헌', ' 신민아', ' 차승원', ' 이정은', ' 한지민', ' 김우빈', ' 엄정화 ']",0,1,1,0,0,1,0,0,0,0
나의 해방일지,['휴머니즘'],JTBC,1,"['이민기', ' 김지원', ' 손석구', ' 이엘 ']",0,0,0,0,0,0,0,0,0,0
으라차차 내 인생,['드라마'],KBS 1TV,1,"['남상지', ' 양병열', ' 이시강', ' 차민지 ']",0,0,1,0,0,0,0,0,0,0
비밀의 집,"['복수', ' 로맨스']",MBC,1,"['서하준', ' 이영은', ' 정헌', ' 강별', ' 이승연 ']",0,0,1,0,0,0,0,0,0,0
너에게 가는 속도 493KM,"['로맨스', ' 스포츠']",KBS 2TV,1,"['박주현', ' 채종협', ' 권소현 ']",1,0,1,0,0,0,0,0,0,0
별똥별,"['로맨스', ' 코미디']",tvN,1,"['이성경', '김영대', ' 윤종훈', ' 김윤혜', ' 박소진', ' 이정신 ']",0,1,1,0,0,0,0,0,0,0
"지금부터, 쇼타임!","['판타지', ' 코미디']",MBC,1,"['박해진', ' 진기주', ' 정준호 ']",0,1,0,0,0,1,0,0,0,0
살인자의 쇼핑목록,['드라마'],tvN,1,"['이광수', ' 김설현', ' 진희경 ']",0,0,1,0,0,0,0,0,0,0
붉은 단심,"['사극', ' 로맨스']",KBS 2TV,1,"['이준', ' 강한나', ' 장혁 ']",0,0,1,0,0,0,0,0,1,0
구필수는 없다,"['드라마', ' 휴먼', ' 가족']",ENA,1,"['곽도원', ' 윤두준', ' 한고은', ' 박원숙 ']",0,0,1,0,0,0,1,0,0,0
우리는 오늘부터,['멜로 로맨스 코미디'],SBS TV,1,"['임수향', ' 성훈', ' 신동욱', ' 홍은희', ' 홍지윤', ' 김수로 ']",0,1,1,0,0,0,0,0,0,0
황금 가면,"['복수', ' 멜로']",KBS 2TV,0,"['차예련', ' 이현진', ' 나영희', ' 이휘향 ']",0,0,1,0,0,0,0,0,0,0
이브,['드라마'],tvN,1,"['서예지', ' 박병은', ' 유선', ' 이상엽 ']",0,0,1,0,0,0,0,0,0,0
왜 오수재인가?,"['미스터리', ' 법정', ' 로맨스']",SBS,1,"['서현진', ' 허준호', ' 황인엽', ' 배인혁 ']",0,0,1,1,0,0,0,1,0,0
닥터 로이어,"['메디컬', ' 법정']",MBC TV,1,"['소지섭', ' 신성록', ' 임수향 ']",0,0,0,1,0,0,0,0,0,0
클리닝 업,"['드라마', ' 휴먼']",JTBC,1,"['염정아', ' 전소민', ' 김재화 ']",0,0,1,0,0,0,0,0,0,0
"링크:먹고 사랑하라, 죽이게","['판타지', ' 로맨스', ' 휴먼', ' 미스터리']","tvN, TVING, 디즈니+",1,"['여진구', ' 문가영 ']",0,0,1,0,0,1,0,1,0,0
인사이더,"['범죄', ' 드라마']",JTBC,1,"['강하늘', ' 이유영', ' 허성태 ']",0,0,1,1,0,0,0,0,0,0
징크스의 연인,"['판타지', ' 로맨스']",KBS 2TV,1,"['서현', ' 나인우', ' 전광렬', ' 윤지혜', ' 기도훈 ']",0,0,1,0,0,1,0,0,0,0
환혼,"['사극', '[1] 로맨스', ' 액션', ' 판타지']",tvN,1,"['이재욱', ' 정소민', ' 황민현', ' 유준상', ' 신승호', ' 오나라', ' 조재윤 ']",1,0,1,0,0,1,0,0,1,0
1,1,1,1,1,1,1,1,1,1,1,1,1,1,1
미남당,"['미스터리', ' 코미디', ' 수사']",KBS 2TV,1,"['서인국', ' 오연서', ' 곽시양', ' 강미나', ' 권수현 ']",0,1,0,0,0,0,0,1,0,0
이상한 변호사 우영우,"['법정', ' 휴먼', ' 코미디', ' 로맨스 드라마']",ENA,1,"['박은빈', ' 강태오', ' 강기영 ']",0,1,1,1,0,0,0,0,0,0
아다마스,['드라마'],tvN,1,"['지성', ' 서지혜', ' 이수경 ']",0,0,1,0,0,0,0,0,0,0
오늘의 웹툰,"['비즈니스', ' 오피스', ' 코미디']",SBS TV,1,"['김세정', ' 남윤수', ' 최다니엘 ']",0,1,0,0,0,0,0,0,0,0
빅마우스,"['범죄', ' 스릴러', ' 서스펜스', ' 느와르']",MBC TV,1,"['이종석', ' 임윤아', ' 김주헌', ' 양경원', ' 옥자연 ']",0,0,0,1,0,0,0,0,0,0
모범형사 2,"['범죄', ' 수사']",JTBC,1,"['손현주', ' 장승조', ' 김효진 ']",0,0,0,1,0,0,0,0,0,0
멧돼지 사냥,['드라마'],MBC,1,"['박호산', ' 김수진', ' 예수정']",0,0,1,0,0,0,0,0,0,0
조선 정신과 의사 유세풍,"['메디컬', ' 사극', ' 드라마', ' 로맨스']",tvN,1,"['김민재', ' 김향기', ' 김상경 ']",0,0,1,0,0,0,0,0,1,0
당신이 소원을 말하면,['휴머니즘'],KBS 2TV,1,"['지창욱', ' 성동일', ' 최수영 ']",0,0,0,0,0,0,0,0,0,0
법대로 사랑하라,"['법정', ' 로맨스']",KBS 2TV,1,"['이승기', ' 이세영 ']",0,0,1,1,0,0,0,0,0,0
멘탈코치 제갈길,"['스포츠', ' 휴머니즘']",tvN,1,"['정우', ' 이유미', ' 권율', ' 박세영 ']",1,0,0,0,0,0,0,0,0,0
블라인드,"['범죄', ' 법정', ' 미스터리']",tvN,1,"['옥택연', ' 하석진', ' 정은지', ' 조서후', ' 오민애', ' 최홍일 ']",0,0,0,1,0,0,0,1,0,0
월수금화목토,"['드라마', ' 로맨스']",tvN,1,"['박민영', ' 고경표', ' 김재영 ']",0,0,1,0,0,0,0,0,0,0
금수저,"['가족', ' 멜로', ' 복수', ' 막장 드라마']",MBC TV,1,"['육성재', ' 이종원', ' 정채연', ' 연우 ']",0,0,1,0,0,0,1,0,0,0
천원짜리 변호사,['법률'],SBS TV,1,"['남궁민', ' 김지은', ' 최대훈 ']",0,0,0,1,0,0,0,0,0,0
디 엠파이어 : 법의 제국,"['범죄', ' 드라마', ' 멜로']",JTBC,1,"['김선아', ' 안재욱', ' 신구', ' 오현경']",0,0,1,1,0,0,0,0,0,0
삼남매가 용감하게,"['복수', ' 범죄', ' 미스테리', ' 멜로', ' 피카레스크', ' 막장', ' 코미디', ' 가족', ' 로맨스']",KBS 2TV,1,"['이하나', ' 임주환', ' 이태성', ' 김승수', ' 김소은', ' 이유진 ']",0,1,1,1,0,0,1,0,0,0
치얼업,"['로맨틱 코미디', ' 미스터리', ' 청춘', ' 대학']",SBS TV,1,"['한지현', ' 배인혁', ' 김현진', ' 장규리 ']",0,1,0,0,0,0,0,1,0,0
내 눈에 콩깍지,['드라마'],KBS 1TV,1,"['백성현', ' 배누리', ' 정수환', ' 최윤라 ']",0,0,1,0,0,0,0,0,0,0
진검승부,['액션'],KBS 2TV,1,"['도경수', ' 이세희', ' 하준 ']",1,0,0,0,0,0,0,0,0,0
태풍의 신부,"['복수', ' 멜로']",KBS 2TV,1,"['박하나', ' 손창민', ' 강지섭', ' 박윤재', ' 오승아 ']",0,0,1,0,0,0,0,0,0,0
마녀의 게임,"['복수', ' 로맨스']",MBC,1,"['장서희', ' 김규선', ' 오창석', ' 한지완', ' 이현석 ']",0,0,1,0,0,0,0,0,0,0
슈룹,"['사극', ' 드라마', ' 코미디']",tvN,1,"['김혜수', ' 김해숙', ' 최원영 ']",0,1,1,0,0,0,0,0,1,0
일당백집사,['드라마'],MBC,1,"['이혜리', ' 이준영 ']",0,0,1,0,0,0,0,0,0,0
커튼콜,['휴머니즘'],KBS 2TV,1,"['강하늘', ' 하지원', ' 고두심', ' 성동일', ' 정지소 ']",0,0,0,0,0,0,0,0,0,0
연예인 매니저로 살아남기,"['로맨스', ' 코미디', ' 휴먼', ' 드라마']",tvN,1,"['이서진', ' 곽선영', ' 서현우', ' 주현영 ']",0,1,1,0,0,0,0,0,0,0
소방서 옆 경찰서,"['범죄', ' 스릴러', ' 미스터리']",SBS TV,1,"['김래원', ' 손호준', ' 공승연 ']",0,0,0,1,0,0,0,1,0,0
유미의 세포들 2,"['로맨스', ' 일상물']","TVING, tvN",1,"['김고은', ' 이유비', ' 박지현 ']",0,0,1,0,0,0,0,0,0,0
팬레터를 보내주세요,"['드라마', ' 로맨스']",MBC,1,"['최수영', ' 윤박 ']",0,0,1,0,0,0,0,0,0,0
재벌집 막내아들,"['드라마', ' 복수', ' 범죄', ' 회귀', ' 정치', ' 스릴러']",JTBC,1,"['송중기', ' 이성민', ' 박혁권', ' 김남희', ' 윤제문', ' 박지현 ']",0,0,1,1,0,0,0,0,0,1
아무것도 하고 싶지 않아,['드라마'],ENA,1,"['김설현', ' 임시완', ' 신은수', ' 방재민 ']",0,0,1,0,0,0,0,0,0,0
사장님을 잠금해제,['드라마'],ENA,1,"['채종협', ' 서은수', ' 박성웅 ']",0,0,1,0,0,0,0,0,0,0
"금혼령, 조선 혼인 금지령","['사극', ' 로맨스']",MBC TV,1,"['박주현', ' 김영대', ' 김우석', ' 양동근']",0,0,1,0,0,0,0,0,1,0
환혼 빛과 그림자,"['사극', '[1] 로맨스', ' 액션', ' 판타지']",tvN,1,"['이재욱', ' 고윤정', ' 황민현', ' 유준상', ' 신승호', ' 오나라', ' 조재윤 ']",1,0,1,0,0,1,0,0,1,0
빨간풍선,"['휴먼', ' 가족', ' 코미디', ' 드라마', ' 막장']",TV CHOSUN,1,"['서지혜', ' 이성재', ' 홍수현', ' 이상우', ' 정유민 ']",0,1,1,0,0,0,1,0,0,0
트롤리,"['멜로', ' 미스터리']",SBS TV,1,"['김현주', ' 박희순', ' 류현경', ' 김무열 ']",0,0,1,0,0,0,0,1,0,0
미씽: 그들이 있었다 2,"['미스터리', ' 스릴러', ' 범죄']",tvN,1,"['고수', ' 허준호 ']",0,0,0,1,0,0,0,1,0,0
사랑의 이해,"['멜로', ' 로맨스']",JTBC,1,"['유연석', ' 문가영', ' 금새록', ' 정가람 ']",0,0,1,0,0,0,0,0,0,0
아일랜드,"['공포', ' 스릴러', ' 판타지', ' 미스터리', ' 액션', ' 느와르']",티빙,1,"['김남길', ' 이다희', ' 차은우 ']",1,0,0,1,1,1,0,1,0,0
두뇌공조,"['코미디', ' 액션', ' 범죄', ' 메디컬']",KBS 2TV,1,"['정용화', ' 차태현', ' 곽선영', ' 예지원 ']",1,1,0,1,0,0,0,0,0,0
법쩐,"['법률', ' 복수']",SBS TV,1,"['이선균', ' 문채원', ' 강유석', ' 박훈', ' 김홍파 ']",0,0,0,1,0,0,0,0,0,0
대행사,"['오피스', ' 드라마', ' 휴먼']",JTBC,1,"['이보영', ' 조성하', ' 손나은 ']",0,0,1,0,0,0,0,0,0,0
조선 정신과 의사 유세풍 2,"['사극', ' 한의학', ' 코미디', ' 추리물']",tvN,1,"['김민재', ' 김향기', ' 김상경 ']",0,1,0,0,0,0,0,0,1,0
일타 스캔들,"['멜로', ' 미스터리', ' 스릴러', ' 코미디']",tvN,1,"['전도연', ' 정경호', ' 노윤서 ']",0,1,1,1,0,0,0,1,0,0
꼭두의 계절,"['메디컬', ' 휴머니즘']",MBC TV,1,"['김정현', ' 임수향 ']",0,0,0,0,0,0,0,0,0,0
청춘월담,"['사극', ' 로맨스', ' 추리']",tvN,1,"['박형식', ' 전소니', ' 표예진', ' 윤종석', ' 홍수현 ']",0,0,1,0,0,0,0,0,1,0
위기의 X,['드라마'],"Wavve, mbc",1,"['권상우', ' 임세미', ' 성동일', ' 박진주', ' 신현수 ']",0,0,1,0,0,0,0,0,0,0
성스러운 아이돌,"['로맨틱 코미디', ' 판타지', ' 음악']",tvN,1,"['김민규', ' 고보결', ' 이장우', ' 예지원', ' 탁재훈', ' 차주영 ']",0,1,0,0,0,1,0,0,0,0
모범택시 2,"['범죄', ' 액션', ' 스릴러', ' 느와르', ' 블랙 코미디', ' 미스터리', ' 복수', ' 첩보']",SBS TV,1,"['이제훈', ' 김의성', ' 표예진 ']",1,1,0,1,0,0,1,1,0,0
"신성한, 이혼","['법률', ' 드라마']",JTBC,1,"['조승우', ' 한혜진', ' 김성균', ' 정문성 ']",0,0,1,1,0,0,0,0,0,0
오아시스,"['시대극', ' 로맨스']",KBS 2TV,1,"['장동윤', ' 설인아', ' 추영우', ' 이한위', ' 전노민 ']",0,0,1,0,0,1,0,0,0,0
판도라: 조작된 낙원,"['드라마', ' 복수', ' 액션', ' 스릴러', ' 막장']",tvN,1,"['이상윤', ' 이지아', ' 봉태규', ' 장희진', ' 박기웅 ']",1,0,1,1,0,0,0,0,0,0
비밀의 여자,"['가족', ' 로맨스', ' 복수']",KBS 2TV,1,"['최윤영', ' 이채영', ' 이선호', ' 한기웅', ' 신고은', ' 이은형 ']",0,0,1,0,0,0,1,0,0,0
꽃선비 열애사,"['사극', ' 로맨스', ' 코미디']",SBS,1,"['신예은', ' 려운', ' 강훈', ' 정건주']",0,1,1,0,0,0,0,0,1,0
진짜가 나타났다!,"['로맨스', ' 가족', ' 코미디', ' 드라마', ' 복수', ' 미스터리', ' 서스펜스', ' 피카레스크']",KBS 2TV,1,"['백진희', ' 안재현', ' 차주영', ' 정의제 ']",0,1,1,1,0,0,1,1,0,0
금이야 옥이야,"['가족', ' 로맨스']",KBS 1TV,1,"['서준영', ' 윤다영 ']",0,0,1,0,0,0,1,0,0,0
조선변호사,"['법률', ' 사극']",MBC TV,1,"['우도환', ' 김지연', ' 차학연', ' 한소은 ']",0,0,0,1,0,0,0,0,1,0
스틸러 : 일곱 개의 조선통보,"['코미디', ' 액션', ' 케이퍼', ' 블랙 코미디']",tvN,1,"['주원', ' 이주우', ' 조한철', ' 최화정 ']",1,1,0,0,0,0,0,0,0,0
보라! 데보라,['로맨틱 코미디'],ENA,1,"['윤현민', ' 유인나', ' 주상욱 ']",0,1,0,0,0,0,0,0,0,0
닥터 차정숙,"['가족', ' 메디컬', ' 로맨스', ' 휴머니즘']",JTBC,1,"['엄정화', ' 김병철', ' 민우혁', ' 명세빈']",0,0,1,0,0,0,1,0,0,0
하늘의 인연,"['가족', ' 복수', ' 로맨스']",MBC,1,"['김유석', ' 전혜연', ' 정우연', ' 서한결', ' 진주형 ']",0,0,1,0,0,0,1,0,0,0
패밀리,"['드라마', ' 가족', ' 코미디']",tvN,1,"['장혁', ' 장나라', ' 채정안', ' 김남희', ' 이순재']",0,1,1,0,0,0,1,0,0,0
가면의 여왕,"['로맨스', ' 미스터리']",채널A,1,"['김선아', ' 오윤아', ' 신은정', ' 유선 ']",0,0,1,0,0,0,0,1,0,0
나쁜 엄마,"['드라마', ' 휴머니즘', ' 범죄']",JTBC,1,"['라미란', ' 이도현', ' 안은진', ' 유인수 ']",0,0,1,1,0,0,0,0,0,0
낭만닥터 김사부 3,"['메디컬', ' 휴머니즘', ' 로맨스', ' 가족']",SBS,1,"['한석규', ' 안효섭', ' 이성경', ' 김주헌 ']",0,0,1,0,0,0,1,0,0,0
"어쩌다 마주친, 그대","['휴먼', ' SF', ' 멜로']",KBS 2TV,1,"['김동욱', ' 진기주', ' 서지혜 ']",0,0,1,0,0,0,0,0,0,1
구미호뎐 1938,['판타지 액션 로맨스'],tvN,1,"['이동욱', ' 김범', ' 김소연', ' 류경수 ']",1,0,1,0,0,1,0,0,0,0
이로운 사기,"['케이퍼', ' 범죄', ' 복수', ' 피카레스크', ' 드라마']",tvN,1,"['천우희', ' 김동욱', ' 윤박', ' 박소진', ' 정애리', ' 김태훈']",0,0,1,1,0,0,0,0,0,0
행복배틀,"['서스펜스', ' 스릴러']",ENA,1,"['이엘', ' 진서연', ' 차예련', ' 박효주', ' 우정원 ']",0,0,0,1,0,0,0,0,0,0
이번 생도 잘 부탁해,"['로맨스', ' 코미디']",tvN,1,"['신혜선', ' 안보현', ' 하윤경', ' 안동구 ']",0,1,1,0,0,0,0,0,0,0
킹더랜드,['드라마'],JTBC,1,"['이준호', ' 임윤아', ' 고원희', ' 김가은', ' 안세하', ' 김재원 ']",0,0,1,0,0,0,0,0,0,0
마당이 있는 집,"['하드보일드', ' 범죄', ' 미스터리', ' 서스펜스', ' 스릴러', ' 느와르']",ENA,1,"['김태희', ' 임지연', ' 김성오', ' 최재림 ']",0,0,0,1,0,0,0,1,0,1
넘버스 : 빌딩숲의 감시자들,"['오피스', ' 복수', ' 범죄', ' 스릴러']",MBC,1,"['김명수', ' 최진혁', ' 최민수', ' 연우 ']",0,0,0,1,0,0,0,0,0,0
악귀,"['판타지', ' 미스터리', ' 스릴러']",SBS TV,1,"['김태리', ' 오정세', ' 홍경']",0,0,0,1,0,1,0,1,0,0
아씨두리안,"['SF', ' 드라마', ' 로맨스']","TV CHOSUN, 쿠팡플레이",1,"['박주미', ' 최명길', ' 김민준', ' 한다감', ' 전노민', ' 윤해영', ' 지영산', ' 유정후', ' 이다연 ']",0,0,1,0,0,0,0,0,0,1
가슴이 뛴다,"['공포', ' 로맨스', ' 코미디']",KBS 2TV,1,"['옥택연', ' 원지안', ' 박강현', ' 윤소희 ']",0,1,1,0,1,0,0,0,0,0
기적의 형제,['드라마'],JTBC,1,"['정우', ' 배현성', ' 박유림', ' 오만석', ' 이기우 ']",0,0,1,0,0,0,0,0,0,0
