,작품명,극본,연출,방송 기간,방송,방송사,유형,UHD,방송.1,시청,비고
0,"신비아파트 외전: 기억, 하리 2",이인혜,박용진,"2019.02.15, 2019.04.05",8,투니버스,금,nan,nan,(),1회 연장
1,너를 싫어하는 방법,"유소원, 정수현",오관진,"2019.04.1, 2019.04.2",2,"JTBC2,4","(월화), 단막",nan,nan,(),8회 연장
2,아름다운 세상,김지우,박찬홍,"2019.05.25, 2019.04.05",16,JTBC,금토,nan,nan,(),8회 연장
3,국민 여러분!,한정훈,김정현,"2019.05.28, 2019.04.01",36 (18),KBS2,월화,nan,nan,(),8회 연장
4,날 녹여주오,백미경,신우철,"2019.09.28, 2019.11.17",16,tvN,토일,nan,nan,(),사전제작
5,각색은 이미 시작됐다,김도연,정형건,2019.1.12,1,tvN,"단막, (토)",nan,nan,(),스페셜 1부작
6,용왕님 보우하사,최연걸,최은경,"2019.1.14, 2019.7.12",121,MBC,"일일, (월~금)",nan,nan,(),1회 연장
7,반야,유경민,윤현기,2019.1.26,1,tvN,"단막, (토)",nan,nan,(),1회 연장
8,바벨,"권순원, 박상욱",윤성식,"2019.1.27, 2019.3.24",16,TV조선,"(토일/미니), 주말",nan,nan,(),1회 연장
9,개같다 거지같다 아름답다,임창세,임태우,2019.1.5,1,tvN,"단막, (토)",nan,nan,(),3회 연장
10,어쩌다 발견한 하루,"인지혜, 송하영",김상협,"2019.10.02, 2019.11.21",32 (16),MBC,수목,nan,nan,(),사전제작
11,레버리지: 사기조작단,민지형,남기훈,"2019.10.13, 2019.12.8",16,TV조선,일,nan,nan,(),사전제작
12,위대한 쇼,설준석,신용휘,"2019.10.15, 2019.8.26",16,tvN,월화,nan,nan,(),21회 조기종영
13,유령을 잡아라,"이영주, 소원",신윤섭,"2019.10.21, 2019.12.10",16,tvN,월화,nan,nan,(),사전제작
14,여름아 부탁해,구지원,성준해,"2019.10.25, 2019.4.29",128,KBS1,"일일, (월~금)",nan,nan,(),8회 연장
15,황금정원,박현주,이대영,"2019.10.26, 2019.7.20",60 (30),MBC,"주말, (토/미니)",nan,nan,(),21회 조기종영
16,달리는 조사관,백정철,"김용수, 이창희","2019.10.31, 2019.9.18",14,OCN,수목,nan,nan,(),2회 조기종영
17,태양의 계절,이은주,김원용,"2019.11.1, 2019.6.3",102,KBS2,"일일, (월~금)",nan,nan,(),2회 연장
18,보좌관 2,이대일,곽정환,"2019.11.11, 2019.12.10",10,JTBC,월화,nan,nan,(),3회 연장
19,맛 좀 보실래요,김도현,윤류해,"2019.11.12, 2020.5.1",124,SBS,"일일, (월~금)",nan,nan,(),4회 연장
20,두 번은 없다,구현숙,최원석,"2019.11.2, 2020.3.7",72 (36),MBC,"주말, (토/미니)",nan,nan,(),3회 연장
21,동백꽃 필 무렵,임상춘,차영훈,"2019.11.21, 2019.9.18",40 (20),KBS2,수목,nan,nan,(),21회 조기종영
22,나의 나라,채승대,김진원,"2019.11.23, 2019.10.04",16,JTBC,금토,nan,nan,(),사전제작
23,배가본드,"장영철, 정경순",유인식,"2019.11.23, 2019.9.20",16,SBS,금토,nan,nan,(),사전제작
24,모두 다 쿵따리,박정화,한동화,"2019.11.29, 2019.7.16",99,MBC,"일일, (월~금)",nan,nan,(),21회 조기종영
25,초콜릿,이경희,이형민,"2019.11.29, 2020.1.18",16,JTBC,금토,nan,nan,(),4회 연장
26,수상한 장모,김인강,이정훈,"2019.11.8, 2019.5.20",123,SBS,"일일, (월~금)",nan,nan,(),3회 연장
27,모두의 거짓말,"전영신, 원유정",이윤정,"2019.12.1, 2019.10.12",16,OCN,토일,nan,nan,(),사전제작
28,스토브리그,이신화,정동윤,"2019.12.13, 2020.2.14",16,SBS,금토,nan,nan,(),9회 연장
29,검사내전,"박연선, 이범익, 서자연",이태곤,"2019.12.16, 2020.2.11",16,JTBC,월화,nan,nan,(),9회 연장
30,VIP,해원,이정림,"2019.12.24, 2019.10.28",16,SBS,월화,nan,nan,(),3회 연장
31,루왁인간,이보람,라하나,2019.12.30,2,JTBC,단막,nan,nan,(),9회 연장
32,눈이 부시게,"이남규, 김수진",김석윤,"2019.2.11, 2019.3.19",12,JTBC,월화,nan,nan,(),1회 연장
33,아이템,정이도,"김성욱, 박미연","2019.2.11, 2019.4.2",32 (16),MBC,월화,nan,nan,(),1회 연장
34,해치,김이영,이용석,"2019.2.11, 2019.4.30",48 (24),SBS,월화,nan,nan,(),1회 연장
35,로스:타임:라이프 - 더 라스트 찬스,이인혜,임은,"2019.2.13, 2019.2.14",2,"MBN, UMAX","단막, (수목)",nan,nan,(),1회 연장
36,파고,김민경,박정범,2019.2.2,1,tvN,"단막, (토)",nan,nan,(),1회 연장
37,최고의 치킨,"조아영, 박찬영",이승훈,"2019.2.7, 2019.1.2",12,"드라맥스, MBN",수목,nan,nan,(),3회 연장
38,트랩,남상욱,박신우,"2019.2.9, 2019.3.3",7,OCN,토일,nan,nan,(),1회 연장
39,사이코메트리 그녀석,양진아,김병수,"2019.3.11, 2019.4.30",16,tvN,월화,nan,nan,(),1회 연장
40,왜그래 풍상씨,문영남,진형욱,"2019.3.14, 2019.1.9",40 (20),KBS2,수목,nan,nan,(),스페셜 1부작
41,로맨스는 별책부록,정현정,이정효,"2019.3.17, 2019.1.26",16,tvn,토일,nan,nan,(),1회 연장
42,봄이 오나 봄,이혜선,"박승우, 김상호","2019.3.21, 2019.1.23",32 (16),MBC,수목,nan,nan,(),1회 연장
43,으라차차 와이키키 2,"서동범, 김기호, 송미소, 송지은",이창민,"2019.3.25, 2019.5.14",16,JTBC,월화,nan,nan,(),8회 연장
44,동네변호사 조들호 2: 죄와 벌,최완규,한상우,"2019.3.26, 2019.1.7",40 (20),KBS2,월화,nan,nan,(),스페셜 1부작
45,진심이 닿다,"이명숙, 최보림",박준화,"2019.3.28, 2019.2.6",16,tvN,수목,nan,nan,(),1회 연장
46,리갈 하이,박성진,김정현,"2019.3.30, 2019.2.8",16,JTBC,금토,nan,nan,(),1회 연장
47,왕이 된 남자,"신하은, 김선덕",김희원,"2019.3.4, 2019.1.7",16,tvN,월화,nan,nan,(),스페셜 1부작
48,빙의,박희강,최도훈,"2019.3.6, 2019.4.25",16,OCN,수목,nan,nan,(),1회 연장
49,빅이슈,장혁진,이동훈,"2019.3.6, 2019.5.2",32 (16),SBS,수목,nan,nan,(),1회 연장
50,그녀의 사생활,김혜영,홍종찬,"2019.4.10, 2019.5.30",16,tvN,수목,nan,nan,(),8회 연장
51,열혈사제,박재범,이명우,"2019.4.20, 2019.2.15",40 (20),SBS,금토,nan,nan,(),1회 연장
52,막돼먹은 영애씨 17,"백지현, 한설희, 홍보희",한상재,"2019.4.26, 2019.2.8",12,tvN,불금,nan,nan,(),1회 연장
53,녹두꽃,정현민,신경수,"2019.4.26, 2019.7.13",48 (24),SBS,금토,nan,nan,(),8회 연장
54,슬플 때 사랑한다,송정림,최이섭,"2019.4.27, 2019.2.23",40 (20),MBC,"주말, (토/미니)",nan,nan,(),1회 연장
55,킬잇,"손현수, 최명진",남성우,"2019.4.28, 2019.3.23",12,OCN,토일,nan,nan,(),8회 연장
56,회사 가기 싫어,"박소영, 강원영","서주완, 조나은, 이지웅","2019.4.9, 2019.7.2",12,KBS2,화,nan,nan,(),8회 연장
57,자백,임희철,"윤현기, 김철규","2019.5.12, 2019.3.23",16,tvN,토일,nan,nan,(),8회 연장
58,닥터 프리즈너,박계옥,황인혁,"2019.5.15, 2019.3.20",32 (16),KBS2,수목,nan,nan,(),1회 연장
59,절대 그이,"장아미, 양혁문",정정화,"2019.5.15, 2019.7.11",36 (18),SBS,수목,nan,nan,(),8회 연장
60,더 뱅커,"오혜란, 서은정, 배상욱",이재진,"2019.5.16, 2019.3.27",32 (16),MBC,수목,nan,nan,(),8회 연장
61,"단, 하나의 사랑",최윤교,이정섭,"2019.5.22, 2019.7.11",32 (16),KBS2,수목,nan,nan,(),3회 연장
62,봄밤,김은,안판석,"2019.5.22, 2019.7.11",32 (16),MBC,수목,nan,nan,(),3회 연장
63,특별근로감독관 조장풍,김반디,박원국,"2019.5.28, 2019.4.8",32 (16),MBC,월화,nan,nan,(),8회 연장
64,왼손잡이 아내,문은아,김명욱,"2019.5.31, 2019.1.2",103,KBS2,"일일, (월~금)",nan,nan,(),3회 연장
65,이몽,조규원,윤상호,"2019.5.4, 2019.7.13",40 (20),MBC,"주말, (토/미니)",nan,nan,(),8회 연장
66,초면에 사랑합니다,김아정,이광영,"2019.5.6, 2019.6.25",32 (16),SBS,월화,nan,nan,(),8회 연장
67,어비스,문수연,유제원,"2019.5.6, 2019.6.25",16,tvN,월화,nan,nan,(),8회 연장
68,구해줘 2,서주연,이권,"2019.6.27, 2019.5.8",16,OCN,수목,nan,nan,(),8회 연장
69,보이스 3 - 공범들의 도시,마진원,남기훈,"2019.6.30, 2019.5.11",16,OCN,토일,nan,nan,(),8회 연장
70,검색어를 입력하세요 WWW,권도은,"권영일, 정지현","2019.6.5, 2019.7.25",16,tvN,수목,nan,nan,(),2회 연장
71,조선생존기,김솔지,이형선,"2019.6.8, 2019.8.17",16,mbc,토일,nan,nan,(),2회 연장
72,"60일, 지정생존자",김태희,유종선,"2019.7.1, 2019.8.20",16,KBS2,월화,nan,nan,(),2회 연장
73,보좌관,이대일,곽정환,"2019.7.13, 2019.6.14",10,JTBC,금토,nan,nan,(),2회 연장
74,바람이 분다,황주하,정정화,"2019.7.16, 2019.5.27",16,JTBC,월화,nan,nan,(),3회 연장
75,열여덟의 순간,윤경아,심나연,"2019.7.22, 2019.9.10",16,JTBC,월화,nan,nan,(),21회 조기종영
76,퍼퓸,최현옥,김상휘,"2019.7.23, 2019.6.3",32 (16),KBS2,월화,nan,nan,(),3회 연장
77,검법남녀 2,민지은,노도철,"2019.7.29, 2019.6.3",32 (16),MBC,월화,nan,nan,(),2회 연장
78,악마가 너의 이름을 부를 때,"노혜영, 고내리",민진기,"2019.7.31, 2019.9.19",16,tvN,수목,nan,nan,(),21회 조기종영
79,레벨업,김동규,김상우,"2019.8.15, 2019.7.10",12,MBN,수목,nan,nan,(),2회 연장
80,우아한 가,권민수,한철수,"2019.8.21, 2019.10.17",16,MBN,수목,nan,nan,(),21회 조기종영
81,평일 오후 세시의 연인,유소정,김정민,"2019.8.24, 2019.7.5",16,채널A,금토,nan,nan,(),2회 연장
82,왓쳐,한상운,안길호,"2019.8.25, 2019.7.6",16,OCN,토일,nan,nan,(),2회 연장
83,타인은 지옥이다,정이도,이창희,"2019.8.31, 2019.10.6",10,OCN,토일,nan,nan,(),21회 조기종영
84,인서울 - 내가 독립하는 유일한 방법,정수윤,임지은,"2019.8.4, 2019.9.29",8,JTBC,"(일), 단막",nan,nan,(),21회 조기종영
85,웰컴2라이프,유희경,김건홍,"2019.8.5, 2019.9.24",32 (16),MBC,월화,nan,nan,(),21회 조기종영
86,너의 노래를 들려줘,김민주,이정미,"2019.8.5, 2019.9.24",32 (16),KBS2,월화,nan,nan,(),21회 조기종영
87,17세의 조건,류보리,조영민,"2019.8.6, 2019.8.5",2,SBS,"(월화), 단막",nan,nan,(),21회 조기종영
88,힙합왕 - 나스나길,권수민,이준형,"2019.8.9, 2019.9.13",6,SBS,금,nan,nan,(),21회 조기종영
89,호텔 델루나,"홍정은, 홍미란",오충환,"2019.9.1, 2019.7.13",16,tvN,토일,nan,nan,(),2회 연장
90,생일편지,김민주,이정미,"2019.9.12, 2019.9.11",4 (2),KBS2,수목,nan,nan,(),21회 조기종영
91,꽃파당: 조선혼담공작소,김이랑,김가람,"2019.9.16, 2019.11.5",16,JTBC,월화,nan,nan,(),21회 조기종영
92,시크릿 부티크,허선희,박형기,"2019.9.18, 2019.11.28",16,SBS,수목,nan,nan,(),21회 조기종영
93,에이틴 / 에이틴 시즌 2,김사라,한수지,"2019.9.2, 2019.7.29",11,Mnet,월화,nan,nan,(),21회 조기종영
94,쌉니다 천리마마트,김솔지,백승륭,"2019.9.20, 2019.12.6",12,tvN,불금,nan,nan,(),2회 조기종영
95,세상에서 제일 예쁜 내 딸,조정선,김종창,"2019.9.22, 2019.3.23",108 (54),KBS2,"주말, (토일)",nan,nan,(),8회 연장
96,아스달 연대기,"박상연, 김영현",김원석,"2019.9.22, 2019.6.1",18,tvN,토일,nan,nan,(),3회 연장
97,청일전자 미쓰리,박정화,한동화,"2019.9.25, 2019.11.14",16,tvN,수목,nan,nan,(),사전제작
98,신입사관 구해령,김호수,"강일수, 한현희","2019.9.26, 2019.7.17",40 (20),MBC,수목,nan,nan,(),21회 조기종영
99,멜로가 체질,"김영영, 이병헌","김혜영, 이병헌","2019.9.28, 2019.8.9",16,JTBC,금토,nan,nan,(),21회 조기종영
100,사랑은 뷰티풀 인생은 원더풀,배유미,한준서,"2019.9.28, 2020.3.22",100 (50),KBS2,"주말, (토일)",nan,nan,(),사전제작
101,조선로코-녹두전,"임예진, 백소연",김동휘,"2019.9.30, 2019.11.25",32 (16),KBS2,월화,nan,nan,(),사전제작
102,닥터 탐정,송윤희,박준우,"2019.9.5, 2019.7.17",16,SBS,수목,nan,nan,(),21회 조기종영
103,미스터 기간제,장홍철,"성용일, 박지현","2019.9.5, 2019.7.17",16,OCN,수목,nan,nan,(),21회 조기종영
104,저스티스,정찬미,조웅,"2019.9.5, 2019.7.17",32 (16),KBS2,수목,nan,nan,(),21회 조기종영
105,의사요한,김지운,조수원,"2019.9.7, 2019.7.19",16,SBS,금토,nan,nan,(),21회 조기종영
106,99억의 여자,한지훈,김영조,"2020.01.23, 2019.12.4",32 (16),KBS2,수목,nan,nan,(),9회 연장
107,나쁜 사랑,홍승희,김미숙,"2020.05.29, 2019.12.2",129,MBC,"일일, (월~금)",nan,nan,(),9회 연장
108,하자있는 인간들,안신유,오진석,"2020.1.16, 2019.11.27",32 (16),MBC,수목,nan,nan,(),4회 연장
109,신비아파트 외전: 연애공식 구하리,-,-,"2020.1.17, 2020.4.3",12,투니버스,금요,nan,nan,nan,nan
110,엑스가리온,고내리,민진기,"2020.1.2, 2019.8.1",44,투니버스,목,nan,nan,(),21회 조기종영
111,더 게임: 0시를 향하여,이지효,장준호,"2020.1.22, 2020.3.12",32 (16),MBC,수목,nan,nan,nan,nan
112,터치,안호경,민연홍,"2020.1.3, 2020.2.22",16,채널A,금토,nan,nan,nan,nan
113,이태원 클라쓰,광진,김성윤,"2020.1.31, 2020.3.21",16,JTBC,금토,nan,nan,nan,nan
114,싸이코패스 다이어리,류용재,이종재,"2020.1.9, 2019.11.20",16,tvN,수목,nan,nan,(),4회 연장
115,미씽: 그들이 있었다,"반기리, 정소영",민연홍,"2020.10.11, 2020.8.29",12,OCN,토일,nan,nan,(),1주 휴방
116,누가 뭐래도,고봉황,성준해,"2020.10.12, 2021.3.26",120,KBS1,월~금,nan,nan,(),5회연장
117,내가 가장 예뻤을 때,조현경,오경훈,"2020.10.15, 2020.8.19",16,MBC,수목,nan,nan,(),1주 휴방
118,써치,"고명주, GU-MO",임대웅,"2020.10.17, 2020.11.15",10,OCN,토일,nan,nan,(),5회연장
119,브람스를 좋아하세요?,류보리,조영민,"2020.10.20, 2020.8.31",16,SBS,월화,nan,nan,(),1주 휴방
120,나를 사랑한 스파이,이지민,이재진,"2020.10.21, 2020.12.17",16,MBC,수목,nan,nan,(),5회연장
121,앨리스,"김규원, 강철규, 김가영",백수찬,"2020.10.24, 2020.8.28",16,SBS,금토,nan,nan,(),1주 휴방
122,거짓말의 거짓말,김지은,김정권,"2020.10.24, 2020.9.4",16,채널A,금토,nan,nan,(),1주 휴방
123,카이로스,이수현,박승우,"2020.10.26, 2020.12.22",16,MBC,월화,nan,nan,(),사전제작
124,날아라 개천용,박상규,곽정환,"2020.10.30, 2021.1.23",20,SBS,금토,nan,nan,(),휴방 3주
125,비밀의 숲 2,이수연,박현석,"2020.10.4, 2020.8.15",16,tvN,토일,nan,nan,(),1주 휴방
126,나의 위험한 아내,황다은,이형민,"2020.10.5, 2020.11.24",16,MBN,월화,nan,nan,(),5회연장
127,사생활,유성열,남건,"2020.10.7, 2020.11.26",16,JTBC,수목,nan,nan,(),5회연장
128,도도솔솔라라솔,오지영,김민경,"2020.10.7, 2020.11.26",16,KBS2,수목,nan,nan,(),5회연장
129,구미호뎐,한우리,"조남형, 강신효","2020.10.7, 2020.12.3",16,tvN,수목,nan,nan,(),5회연장
130,기막힌 유산,김경희,김형일,"2020.10.9, 2020.4.20",122,KBS1,"일일, (월~금)",nan,nan,(),2회 연장
131,트웬티트웬티,성소은,한수지,"2020.11.15, 2020.9.6",10,JTBC,일요,nan,nan,(),1주 휴방
132,제발 그 남자 만나지 마요,김지수,오미경,"2020.11.16, 2021.1.18, 2021.1.12, 2020.11.10",10,"MBC, MBC Every1","월, 화",nan,nan,(),휴방 3주
133,라이브온,유병우,김상우,"2020.11.17, 2021.1.12",8,JTBC,화,nan,nan,(),휴방 3주
134,산후조리원,김지수,박수원,"2020.11.2, 2020.11.24",8,tvN,월화,nan,nan,(),휴방 3주
135,복수해라,김효진,강민구,"2020.11.21, 2021.1.17",16,TV조선,토일,nan,nan,(),휴방 3주
136,낮과 밤,신유담,김정현,"2020.11.30, 2021.1.19",16,tvN,월화,nan,nan,(),휴방 3주
137,철인왕후,박성훈,윤성식,"2020.12.12, 2021.2.14",20,tvN,토일,nan,nan,(),1주 휴방
138,런 온,박시현,이재훈,"2020.12.16, 2021.2.4",16,JTBC,수목,nan,nan,(),1주 휴방
139,스타트업,박혜련,오충환,"2020.12.6, 2020.10.17",16,tvN,토일,nan,nan,(),5회연장
140,여신강림,이시은,김상협,"2020.12.9, 2021.2.4",16,tvN,수목,nan,nan,(),휴방 3주
141,본 대로 말하라,"한기현, 고영재",김상훈,"2020.2.1, 2020.3.22",16,OCN,토일,nan,nan,nan,nan
142,사랑의 불시착,박지은,이정효,"2020.2.16, 2019.12.14",16,tvN,토일,nan,nan,(),9회 연장
143,안녕 드라큘라,하정윤,김다예,"2020.2.18, 2020.2.17",2,JTBC,"(월화), 단막",nan,nan,nan,nan
144,하이에나,김루리,장태유,"2020.2.21, 2020.4.11",16,SBS,금토,nan,nan,nan,nan
145,"하이바이, 마마!",권혜주,유제원,"2020.2.22, 2020.4.19",16,tvN,토일,nan,nan,nan,nan
146,낭만닥터 김사부 2,강은경,유인식,"2020.2.25, 2020.1.6",16,SBS,월화,nan,nan,nan,nan
147,블랙독,박주연,황준혁,"2020.2.4, 2019.12.16",16,tvN,월화,nan,nan,(),9회 연장
148,간택 - 여인들의 전쟁,최수미,김정민,"2020.2.9, 2019.12.14",16,TV조선,토일,nan,nan,(),9회 연장
149,방법,연상호,김용완,"2020.3.17, 2020.2.10",12,tvN,월화,nan,nan,nan,nan
150,그 남자의 기억법,"윤지현, 김윤주","오현종, 이수현","2020.3.18, 2020.5.13",32 (16),MBC,수목,nan,nan,nan,nan
151,포레스트,이선영,오종록,"2020.3.19, 2020.1.29",32 (16),KBS2,수목,nan,nan,nan,nan
152,365: 운명을 거스르는 1년,"이서윤, 이수경",김경희,"2020.3.23, 2020.4.28",24 (12),MBC,월화,nan,nan,nan,nan
153,반의 반,이숙연,이상엽,"2020.3.23, 2020.4.28",12,tvN,월화,nan,nan,nan,4회 조기종영
154,어서와,주화미,지병현,"2020.3.25, 2020.4.30",24 (12),KBS2,수목,nan,nan,nan,4회 조기종영
155,우아한 모녀,오상희,어수선,"2020.3.27, 2019.11.4",103,KBS2,"일일, (월~금)",nan,nan,(),3회 연장
156,유별나! 문셰프,"김경수, 정유리",최도훈,"2020.3.27, 2020.5.16",16,채널A,금토,nan,nan,(),4회 조기종영
157,부부의 세계,주현,모완일,"2020.3.27, 2020.5.16",16,JTBC,금토,nan,nan,(),4회 조기종영
158,한 번 다녀왔습니다,양희승,이재상,"2020.3.28, 2020.9.13",100 (50),KBS2,"주말, (토일)",nan,nan,(),4회 조기종영
159,위험한 약속,마주희,김신일,"2020.3.30, 2020.8.28",104,KBS2,"일일, (월~금)",nan,nan,(),4회 연장
160,머니게임,이영미,김상호,"2020.3.5, 2020.1.15",16,tvN,수목,nan,nan,nan,nan
161,계약우정,김주만,유영은,"2020.4.14, 2020.4.6",8 (4),KBS2,월화,nan,nan,(),4회 연장
162,꽃길만 걸어요,"나승현, 채혜영",박기현,"2020.4.17, 2019.10.28",123,KBS1,"일일, (월~금)",nan,nan,(),3회 연장
163,더 킹 : 영원의 군주,김은숙,백상훈,"2020.4.17, 2020.6.12",16,SBS,금토,nan,nan,(),4회 연장
164,화양연화,전희영,손정현,"2020.4.25, 2020.6.14",16,tvN,토일,nan,nan,(),2회 연장
165,메모리스트,"황하나, 안도하","김휘, 소재현","2020.4.30, 2020.3.11",16,tvN,수목,nan,nan,nan,nan
166,날씨가 좋으면 찾아가겠어요,한가람,한지승,"2020.5.10, 2020.2.24",16,JTBC,월화,nan,nan,nan,nan
167,아무도 모른다,김은향,이정흠,"2020.5.10, 2020.3.2",16,SBS,월화,nan,nan,nan,nan
168,루갈,도현,강철우,"2020.5.17, 2020.3.28",16,OCN,토일,nan,nan,(),4회 조기종영
169,바람과 구름과 비,방지영,윤상호,"2020.5.17, 2020.7.26",21,TV조선,토일,nan,nan,(),1회연장
170,행복의 진수,유소원,윤재원,"2020.5.18, 2020.5.19",2,JTBC,월화,nan,nan,(),1회연장
171,쌍갑포차,하윤아,전창근,"2020.5.20, 2020.6.25",12,JTBC,수목,nan,nan,(),1회연장
172,번외수사,"이유진, 정윤선",강효진,"2020.5.23, 2020.6.28",12,OCN,토일,nan,nan,(),1회연장
173,슬기로운 의사생활,이우정,신원호,"2020.5.28, 2020.3.12",12,tvN,목요,nan,nan,nan,nan
174,엄마가 바람났다,안서정,고흥식,"2020.5.4, 2020.10.23",122,SBS,"(월~금), 아침",nan,nan,(),2회 연장
175,외출,류보리,장정도,"2020.5.5, 2020.5.4",2,tvN,월화,nan,nan,(),2회 연장
176,영혼수선공,이향희,유현기,"2020.5.6, 2020.6.25",32 (16),KBS2,수목,nan,nan,(),2회 연장
177,굿캐스팅,김지하,최영훈,"2020.6.16, 2020.4.27",16,SBS,월화,nan,nan,(),사전제작
178,사이코지만 괜찮아,조용,박신우,"2020.6.20, 2020.8.9",16,tvN,토일,nan,nan,(),1회연장
179,야식남녀,박승혜,송지원,"2020.6.30, 2020.5.25",12,JTBC,월화,nan,nan,(),1회연장
180,본 어게인,정수미,진형욱,"2020.6.9, 2020.4.20",32 (16),KBS2,월화,nan,nan,(),2회 연장
181,꼰대인턴,신소라,남성우,"2020.7.1, 2020.5.20",24 (12),MBC,수목,nan,nan,(),1회연장
182,트레인,박가연,류승진,"2020.7.11, 2020.8.16",12,OCN,토일,nan,nan,(),7회 연장
183,저녁 같이 드실래요?,이수하,고재현,"2020.7.14, 2020.5.25",32 (16),MBC,월화,nan,nan,(),1회연장
184,오 마이 베이비,노선재,남기훈,"2020.7.2, 2020.5.13",16,tvN,수목,nan,nan,(),2회 연장
185,(아는 건 별로 없지만) 가족입니다,김은정,권영일,"2020.7.21, 2020.6.1",16,tvN,월화,nan,nan,(),1회연장
186,십시일반,최희경,진창규,"2020.7.22, 2020.8.13",8,MBC,수목,nan,nan,(),7회 연장
187,미쓰리는_알고_있다,서영희,이동현,"2020.7.8, 2020.7.16",4,MBC,수목,nan,nan,(),7회 연장
188,"우리, 사랑했을까",이승진,김도형,"2020.7.8, 2020.9.2",16,JTBC,수목,nan,nan,(),7회 연장
189,연애는 귀찮지만 외로운 건 싫어!,"조진국, 최유정",이현주,"2020.8.11, 2020.10.13",10,MBC Every1,화,nan,nan,(),1주 휴방
190,시네마틱드라마 SF8,"강선주, 오기환, 문주희, 강산, 김의석, 김지희, 김민경","오기환, 장철수, 이윤정, 김의석, 안국진, 한가람, 민규동, 노덕","2020.8.14, 2020.10.9",8,MBC,금,nan,nan,(),1주 휴방
191,출사표,문현경,황승기,"2020.8.20, 2020.7.1",16,KBS2,수목,nan,nan,(),7회 연장
192,모범형사,최진원,조남국,"2020.8.25, 2020.7.6",16,JTBC,월화,nan,nan,(),7회 연장
193,편의점 샛별이,손근주,이명우,"2020.8.8, 2020.6.19",16,SBS,금토,nan,nan,(),1회연장
194,그놈이 그놈이다,"정지은, 이은영",최윤석,"2020.9.1, 2020.7.6",16,KBS2,월화,nan,nan,(),7회 연장
195,오! 삼광빌라!,윤경아,홍석구,"2020.9.19, 2021.3.7",50,KBS2,"주말, (토일)",nan,nan,(),5회연장
196,좀비탐정,백은진,심재현,"2020.9.21, 2020.10.27",12,KBS2,월화,nan,nan,(),5회연장
197,18 어게인,"안은빈, 최이륜, 김도연",하병훈,"2020.9.21, 2020.11.10",16,JTBC,월화,nan,nan,(),5회연장
198,악의 꽃,유정희,김철규,"2020.9.23, 2020.7.29",16,tvN,수목,nan,nan,(),1주 휴방
199,경우의 수,조승희,최성범,"2020.9.25, 2020.11.28",16,JTBC,금토,nan,nan,(),5회연장
200,우아한 친구들,"김경선, 박효연",송현욱,"2020.9.5, 2020.7.10",17,JTBC,금토,nan,nan,(),7회 연장
201,청춘기록,하명희,안길호,"2020.9.7, 2020.10.27",16,tvN,월화,nan,nan,(),5회연장
202,선배 그 립스틱 바르지 마요,"채윤, 손정현",이동윤,"2021.01.18, 2021.03.09",16,JTBC,월화,nan,nan,(),9회 연장
203,결혼작사 이혼작곡,임성한,"이승훈, 유정준","2021.01.23, 2021.03.14",16,TV조선,토일,nan,nan,(),9회 연장
204,루카: 더 비기닝,"이희명, 백미경, 천성일",김홍선,"2021.02.01, 2021.03.09",12,tvN,월화,nan,nan,(),방송 1주 연기
205,안녕? 나야!,유송이,이현석,"2021.02.10, 2021.04.08",16,KBS2,수목,nan,nan,(),방송 3주 연기
206,시지프스 : the myth,"이제인, 백미경, 전찬호",진혁,"2021.02.17, 2021.04.08",16,JTBC,수목,nan,nan,(),방송 1주 연기
207,펜트하우스 2,김순옥,"박수진, 주동민","2021.02.19, 2021.04.02",13,SBS,금토,nan,nan,(),"사전제작, 1회 연장"
208,괴물,"서숙향, 김수진",이희명,"2021.02.19, 2021.04.10",16,JTBC,금토,nan,nan,(),방송 1주 연기
209,빈센조,박재범,김희원,"2021.02.20, 2021.05.09",20,tvN,토일,nan,nan,(),사전제작
210,마우스,최란,"이희명, 백미경, 손정현","2021.03.03, 2021.05.19",20,tvN,수목,nan,nan,(),사전제작
211,오케이 광자매,문영남,이진서,"2021.03.13, 2021.09.26",52,KBS2,주말,nan,nan,(),사전제작
212,아이를 찾습니다,김보라,조용원,"2021.03.22, 2021.03.23",2,JTBC,월화,nan,nan,(),조기종영
213,조선구마사,박계옥,신경수,"2021.03.22, 2021.03.23",2,SBS,월화,nan,nan,(),조기종영
214,나빌레라,"이은미, 손정현","김희원, 이희명","2021.03.22, 2021.04.27",12,tvN,월화,nan,nan,(),방송 1주 연기
215,타임즈,백미경,이희명,"2021.03.28, 2021.02.20",12,OCN,토일,nan,nan,(),사전제작
216,"아모르 파티 - 사랑하라, 지금","남선혜, 이영화, 이희명",배태섭,"2021.04.12, 2021.10.01",121,SBS,"(월~금), 아침",nan,nan,(),방송 1주 연기
217,달이 뜨는 강,한지훈,윤상호,"2021.04.20, 2021.02.15",20,KBS2,월화,nan,nan,(),방송 1주 연기
218,이미테이션,"김민정, 최선영",한현희,"2021.05.07, 2021.07.23",12,KBS2,금,nan,nan,(),방송 1주 연기
219,오! 주인님,조진국,"이희명, 백미경","2021.05.13, 2021.03.24",16,MBC,수목,nan,nan,(),방송 1주 연기
220,목표가 생겼다,류솔아,심소연,"2021.05.19, 2021.05.27",4,MBC,수목,nan,nan,(),방송 1주 연기
221,간 떨어지는 동거,"백선우, 최보림",남성우,"2021.05.26, 2021.07.15",16,tvN,수목,nan,nan,(),방송 1주 연기
222,모범택시,"서숙향, 오상호, 이지현","배태섭, 박준우","2021.05.29, 2021.04.09",16,SBS,금토,nan,nan,(),방송 1주 연기
223,라켓소년단,"서숙향, 정보훈, 이희명",조영광,"2021.05.31, 2021.08.09",16,SBS,월화,nan,nan,(),방송 1주 연기
224,펜트하우스 3,김순옥,"박수진, 주동민","2021.06.04, 2021.09.10",14,SBS,금,nan,nan,(),"사전제작, 2회 연장"
225,다크홀,"서숙향, 이희명",김봉주,"2021.06.05, 2021.04.30",12,OCN & tvN,금토,nan,nan,(),동시방송
226,어쩌다 가족,"김번, 성윤진, 김미윤",김진영,"2021.06.06, 2021.03.21",12,TV조선,일요,nan,nan,(),사전제작
227,오월의 청춘,백미경,송민엽,"2021.06.08, 2021.05.03",12,KBS2,월화,nan,nan,(),방송 1주 연기
228,대박부동산,"이영화, 하수진, 정연서",박진석,"2021.06.09, 2021.04.14",16,KBS2,수목,nan,nan,(),방송 1주 연기
229,로스쿨,"이희명<, 백미경, 손정현",김석윤,"2021.06.09, 2021.04.14",16,JTBC,수목,nan,nan,(),방송 1주 연기
230,언더커버,"정혜은, 송자훈, 백철현",이희명,"2021.06.12, 2021.04.23",16,JTBC,금토,nan,nan,(),방송 1주 연기
231,결혼작사 이혼작곡 2,임성한,"이승훈, 유정준","2021.06.12, 2021.08.08",16,TV조선,토일,nan,nan,(),사전제작
232,멀리서 보는 푸른 봄,"백미경, 손정현",김정현,"2021.06.14, 2021.08.03",16,KBS2,월화,nan,nan,(),사전제작
233,월간 집,명수현,이창민,"2021.06.16, 2021.08.05",16,JTBC,수목,nan,nan,(),사전제작
234,알고있지만,정원,김가람,"2021.06.19, 2021.08.21",10,JTBC,토,nan,nan,(),사전제작
235,미치지 않고서야,정도윤,최정인,"2021.06.23, 2021.08.26",16,MBC,수목,nan,nan,(),수목 드라마 폐지
236,마인:MINE,백미경,이나정,"2021.06.27, 2021.05.08",16,tvN,토일,nan,nan,(),방송 1주 연기
237,어느 날 우리집 현관으로 멸망이 들어왔다,"임메아리, 손정현",권영일,"2021.06.29, 2021.05.10",16,tvN,월화,nan,nan,(),방송 1주 연기
238,밥이 되어라,"백미경, 하청옥, 손정현",백호민,"2021.07.02, 2021.01.11",120,MBC,"일일, (월~금)",nan,nan,(),9회 연장
239,미스 몬테크리스토,정혜원,박기호,"2021.07.02, 2021.02.15",100,KBS2,"일일, (월~금)",nan,nan,(),방송 1주 연기
240,악마판사,"문유석, 백미경, 손정현",최정규,"2021.07.03, 2021.08.22",16,tvN,토일,nan,nan,(),수목 드라마 폐지
241,보쌈 - 운명을 훔치다,"김지수, 박철",권석장,"2021.07.04, 2021.05.01",20,MBN,토일,nan,nan,(),동시방송
242,너는 나의 봄,"서숙향, 이희명, 백미경","정지현, 차영훈","2021.07.05, 2021.08.31",16,tvN,월화,nan,nan,(),수목 드라마 폐지
243,빨강구두,"황순영, 서숙향",박기현,"2021.07.05, 2021.12.10",101,KBS2,"일일, (월~금)",nan,nan,(),수목 드라마 폐지
244,더 로드: 1의 비극,"손정현, 윤희정","김노원, 이희명","2021.07.28, 2021.09.09",16,tvN,수목,nan,nan,(),2020 도쿄 올림픽 방송 2주 연기
245,보이스 4,"이영화, 마진원, 서숙향",이희명,"2021.07.31, 2021.06.18",14,tvN,토일,nan,nan,(),사전제작
246,두 번째 남편,서현주,김칠봉,"2021.08.02, 2022.04.05",150,MBC,"일일, 저녁",nan,nan,(),"30회 연장, 방송 6주 연기"
247,경찰수업,서숙향,백미경,"2021.08.09, 2021.10.05",16,KBS2,월화,nan,nan,(),2020 도쿄 올림픽 방송 2주 연기
248,이벤트를 확인하세요,김태주,"이한준, 김지훈","2021.08.14, 2021.09.04",4,MBC,토요,nan,nan,(),"30회 연장, 방송 6주 연기"
249,홍천기,"정은궐, 백미경, 손정현",장태유,"2021.08.23, 2021.10.26",16,SBS,월화,nan,nan,(),"사전제작, 방송 3주 연기"
250,갯마을 차차차,"신하은, 이희명",유제원,"2021.08.28, 2021.10.17",16,tvN,토일,nan,nan,(),"30회 연장, 방송 6주 연기"
251,슬기로운 의사생활2,이우정,신원호,"2021.09.16, 2021.06.17",12,tvN,목,nan,nan,(),사전제작
252,홈타운,"이희명, 손정현","백상훈, 박현석","2021.09.22, 2021.10.28",12,tvN,수목,nan,nan,(),방송 1주 연기
253,경이로운 소문,"김새봄, †유선동(PD), †여지나",유선동,"2021.1.24, 2020.11.28",16,OCN,토일,nan,nan,(),휴방 3주
254,바람피면 죽는다,이성민,김형석,"2021.1.28, 2020.12.2",16,KBS2,수목,nan,nan,(),휴방 3주
255,펜트하우스,김순옥,주동민,"2021.1.5, 2020.10.26",21,SBS,월화,nan,nan,(),"사전제작, 1회 연장"
256,찬란한 내 인생,서정,김용민,"2021.1.8, 2020.6.29",127,MBC,"일일, (월~금)",nan,nan,(),7회 연장
257,속아도 꿈결,"손졍현, 여명재",김정규,"2021.10.01, 2021.03.29",123,KBS1,"일일, (월~금)",nan,nan,(),방송 1주 연기
258,국가대표 와이프,"김지완, 손정현",최지영,"2021.10.04, 2022.04.08",123,KBS1,"일일, (월~금)",nan,nan,(),2회 연장
259,검은 태양,"서숙향, 이희명, 손정현",김성용,"2021.10.21, 2021.09.17",12,MBC,수목,nan,nan,(),금토 드라마 신설
260,인간실격,"이영화, 김지혜, 손정현","허진호, 박홍수","2021.10.24, 2021.09.04",16,JTBC,주말,nan,nan,(),토일 드라마 신설
261,뫼비우스 : 검은 태양,"서숙향, 유상",위득규,"2021.10.29, 2021.10.30",2,MBC,수목,nan,nan,(),2회 연장
262,유미의 세포들,송재정,이상엽,"2021.10.30, 2021.09.17",14,tvN,금토,nan,nan,(),금토 드라마 신설
263,키마이라,"이희명, 백미경",김도훈,"2021.10.30, 2021.12.19",16,OCN,토일,nan,nan,(),2회 연장
264,원 더 우먼,"김윤, 백미경, 손정현",최영훈,"2021.11.06, 2021.09.17",16,SBS,금토,nan,nan,(),금토 드라마 신설
265,너의 밤이 되어줄게,유소원,안지숙,"2021.11.07, 2022.01.30",12,SBS,월화,nan,nan,(),2회 연장
266,달리와 감자탕,"박세은, 이영화, 손은혜",이정섭,"2021.11.11, 2021.09.22",16,KBS2,수목,nan,nan,(),금토 드라마 신설
267,옷소매 붉은 끝동,이희명,정지인,"2021.11.12, 2022.01.01",17,MBC,수목,nan,nan,(),"1회 연장, 방송 1주 연기"
268,"지금, 헤어지는 중입니다",제인,이길복,"2021.11.12, 2022.01.08",16,SBS,금토,nan,nan,(),"1회 연장, 방송 1주 연기"
269,하이클래스,스토리홀릭,최병길,"2021.11.16, 2021.09.06",16,tvN,월화,nan,nan,(),토일 드라마 신설
270,쇼윈도: 여왕의 집,"한보경, 박혜영","박대희, 강솔","2021.11.29, 2022.01.18",16,채널A,월화,nan,nan,(),"1회 연장, 방송 1주 연기"
271,너를 닮은 사람,유보라,임현욱,"2021.12.02, 2021.10.13",16,JTBC,수목,nan,nan,(),2회 연장
272,그 해 우리는,이나은,김윤진,"2021.12.06, 2022.01.25",16,SBS,월화,nan,nan,(),사전제작
273,공작도시,백미경,손세동,"2021.12.08, 2022.02.10",20,JTBC,수목,nan,nan,(),사전제작
274,해피니스,이희명,안길호,"2021.12.11, 2021.11.05",12,tvN,금토,nan,nan,(),2회 연장
275,지리산,"김은희, 이준모",이응복,"2021.12.12, 2021.10.23",16,tvN,토일,nan,nan,(),2회 연장
276,구경이,성초이,이정흠,"2021.12.12, 2021.10.30",12,JTBC,토일,nan,nan,(),2회 연장
277,사랑의 꽈배기,이은주,김원용,"2021.12.13, 2022.05.20",103,KBS2,일일,nan,nan,(),3회 연장
278,아이돌: 더 쿠데타,"정윤정, 이준모",노종찬,"2021.12.14, 2021.11.08",12,JTBC,월화,nan,nan,(),2회 연장
279,연모,"한희정, 서숙향",백미경,"2021.12.14, 2021.11.16",20,KBS2,월화,nan,nan,(),2회 연장
280,불가살,"서재원, 권소라",장영우,"2021.12.18, 2022.02.06",16,tvN,토일,nan,nan,(),3회 연장
281,한 사람만,문정민,오현종,"2021.12.20, 2022.02.08",16,JTBC,월화,nan,nan,(),3회 연장
282,꽃 피면 달 생각하고,"문정민, 백미경",황인혁,"2021.12.20, 2022.02.22",16,KBS2,월화,nan,nan,(),3회 연장
283,어사와 조이,이재윤,유종선,"2021.12.28, 2021.11.08",16,tvN,월화,nan,nan,(),2회 연장
284,멜랑꼴리아,김지운,김상협,"2021.12.30, 2021.11.10",16,tvN,수목,nan,nan,(),2회 연장
285,비밀의 남자,이정대,신창석,"2021.2.10, 2020.9.7",105,KBS2,"일일, (월~금)",nan,nan,(),5회연장
286,허쉬,김정민,최규식,"2021.2.6, 2020.12.11",16,JTBC,금토,nan,nan,(),1주 휴방
287,암행어사: 조선비밀수사단,"박성훈, 강민선",김정민,"2021.2.9, 2020.12.21",16,KBS2,월화,nan,nan,(),1주 휴방
288,불새 2020,이유진,이현직,"2021.4.9, 2020.10.26",120,SBS,월~금,nan,nan,(),5회연장
289,고스트 닥터,김선수,"부성철, 김영환","2022.01.03, 2022.02.22",16,tvN,월화,nan,nan,(),3회 연장
290,트레이서,김현정,"이승영, 백호민","2022.01.07, 2022.03.25",16 (32),MBC,금토,nan,nan,(),3회 연장
291,학교 2021,"조아라, 동희선",김민태,"2022.01.13, 2021.11.24",16,KBS2,수목,nan,nan,(),"1회 연장, 방송 1주 연기"
292,악의 마음을 읽는 자들,설이나,"박보람, 김재홍","2022.01.14, 2022.03.12",16 (32),SBS,금토,nan,nan,(),3회 연장
293,마녀식당으로 오세요,이영숙,"이수현, 소재현","2022.01.19, 2022.01.05",5,tvN,수목,nan,nan,(),3회 연장
294,배드 앤 크레이지,"이희명, 백미경",김희원,"2022.01.28, 2021.12.17",12,tvN,금토,nan,nan,(),3회 연장
295,엉클,박지숙,지영수,"2022.01.30, 2021.12.11",16,TV조선,토일,nan,nan,(),사전제작
296,설강화,"손정현, 유현미",이희명,"2022.01.30, 2021.12.18",16,JTBC,토일,nan,nan,(),3회 연장
297,술꾼도시여자들,위소영,김정식,"2022.02.17, 2022.02.03",5,tvN,수목,nan,nan,(),3회 연장
298,스폰서,"한희정, 이주희",이철,"2022.02.23, 2022.04.06",12,"IHQ , MBN",수목,nan,nan,(),사전 제작
299,킬힐,"신광호, 이춘우",노도철,"2022.03.09, 2022.04.21",14,tvN,수목,nan,nan,(),2회 조기 종영
300,우월한 하루,이지현,"조남형, 이희명","2022.03.13, 2022.05.01",8,OCN,일,nan,nan,(),2회 조기 종영
301,신사와 아가씨,"김사경, 백미경",신창석,"2022.03.27, 2021.09.25",52,KBS2,주말,nan,nan,(),2회 연장
302,"서른, 아홉",유영아,김상호,"2022.03.31, 2022.02.16",12,JTBC,수목,nan,nan,(),사전 제작
303,현재는 아름다워,하명희,김성근,"2022.04.02, 2022.09.18",50,KBS2,주말,nan,nan,(),2회 조기 종영
304,스물다섯 스물하나,권도은,이희명,"2022.04.03, 2022.02.12",16,tvN,토일,nan,nan,(),사전 제작
305,기상청 사람들: 사내연애 잔혹사 편,선영,차영훈,"2022.04.03, 2022.02.12",16,JTBC,토일,nan,nan,(),사전 제작
306,그린마더스 클럽,신이원,라하나,"2022.04.06, 2022.05.26",16,JTBC,수목,nan,nan,(),2회 조기 종영
307,으라차차 내 인생,구지원,성준해,"2022.04.11, 2022.09.30",120,KBS1,일일,nan,nan,(),2회 조기 종영
308,비밀의 집,원영옥,이민수,"2022.04.11, 2022.10.10",124,MBC,일일,nan,nan,(),4회 연장
309,사내 맞선,"한설희, 홍보희","이우람, 박선호","2022.04.19, 2022.02.28",16 (32),SBS,월화,nan,nan,(),사전 제작
310,군검사 도베르만,윤현호,진창규,"2022.04.26, 2022.02.28",16,tvN,월화,nan,nan,(),사전 제작
311,크레이지 러브,김보겸,"최연수, 김정현","2022.04.26, 2022.03.07",16 (32),KBS2,월화,nan,nan,(),사전 제작
312,태종 이방원,이정우,김형일,"2022.05.01, 2021.12.11",32,KBS1,토일,nan,nan,(),사전제작
313,결혼작사 이혼작곡 3,임성한,"오상원, 최영수","2022.05.01, 2022.02.26",16,TV조선,토일,nan,nan,(),사전 제작
314,우리는 오늘부터,이희명,정정화,"2022.05.09, 2022.06.21",16 (32),SBS,월화,nan,nan,(),4회 연장
315,내과 박원장,서준범,서준범,"2022.05.16, 2022.05.31",12,tvN,월화,nan,nan,(),4회 연장
316,살인자의 쇼핑목록,한지완,이언희,"2022.05.19, 2022.04.27",8,tvN,수목,nan,nan,(),4회 연장
317,내일,"박란, 박자경, 김유진","김태윤, 성치욱","2022.05.21, 2022.04.01",16 (32),MBC,금토,nan,nan,(),2회 조기 종영
318,황금 가면,김민주,어수선,"2022.05.23, 2022.10.07",100,KBS2,일일,nan,nan,(),4회 연장
319,어게인 마이 라이프,"김율, 제이",한철수,"2022.05.28, 2022.04.08",16 (32),SBS,금토,nan,nan,(),2회 조기 종영
320,나의 해방일지,"박해영, 손정현",김석윤,"2022.05.29, 2022.04.09",16,JTBC,토일,nan,nan,(),2회 조기 종영
321,클리닝 업,최경미,윤성식,"2022.06.04, 2022.07.24",16,JTBC,토일,nan,nan,(),4회 연장
322,인사이더,문만세,민연홍,"2022.06.08, 2022.07.28",16,JTBC,수목,nan,nan,(),4회 연장
323,너에게 가는 속도 493KM,허성혜,조웅,"2022.06.09, 2022.04.20",16,KBS2,수목,nan,nan,(),4회 연장
324,별똥별,최영우,이수현,"2022.06.11, 2022.04.22",16,tvN,금토,nan,nan,(),4회 연장
325,우리들의 블루스,"노희경, 이정묵",김규태,"2022.06.12, 2022.04.09",20,tvN,토일,nan,nan,(),2회 조기 종영
326,"지금부터, 쇼타임!",하윤아,"정상희, 이형민","2022.06.12, 2022.04.23",16 (32),MBC,토일,nan,nan,(),4회 연장
327,징크스의 연인,장윤미,윤상호,"2022.06.15, 2022.08.04",16 (32),KBS2,수목,nan,nan,(),4회 연장
328,환혼,"홍정은, 홍미란",박준화,"2022.06.18, 2022.08.28",20,tvN,토일,nan,nan,(),4회 연장
329,아직 최선을 다하지 않았을 뿐,"박은영, 박희권",임태우,"2022.06.18, 2022.09.03",12,tvN,토,nan,nan,(),4회 연장
330,붉은 단심,박필주,유영은,"2022.06.21, 2022.05.02",16 (32),KBS2,월화,nan,nan,(),4회 연장
331,구필수는 없다,"이해리, 손근주, 조지영","최도훈, 육정용","2022.06.23, 2022.05.04",16,ENA,수목,nan,nan,(),4회 연장
332,마녀는 살아있다,박파란,김윤철,"2022.06.25, 2022.09.10",12,TV조선,토,nan,nan,(),4회 연장
333,미남당,박혜진,"고재현, 윤라영","2022.06.27, 2022.08.30",20 (40),KBS2,월화,nan,nan,(),4회 연장
334,이브,윤영미,박봉섭,"2022.07.21, 2022.06.01",16,tvN,수목,nan,nan,(),4회 연장
335,닥터 로이어,이희명,김희원,"2022.07.23, 2022.06.03",16 (32),MBC,금토,nan,nan,(),4회 연장
336,왜 오수재인가?,김지은,박수진,"2022.07.23, 2022.06.03",16,SBS,금토,nan,nan,(),4회 연장
337,돼지의 왕,탁재영,"김상우, 김대진","2022.07.24, 2022.06.19",12,OCN,일,nan,nan,(),4회 연장
338,"링크:먹고 사랑하라, 죽이게",권기영,홍종찬,"2022.07.26, 2022.06.06",16,tvN,월화,nan,nan,(),4회 연장
339,아다마스,최태강,박승우,"2022.07.27, 2022.09.15",16,tvN,수목,nan,nan,(),4회 연장
340,오늘의 웹툰,"이재은, 조예랑","조수원, 김영환","2022.07.29, 2022.09.17",16 (32),SBS,금토,nan,nan,(),4회 연장
341,빅마우스,하람,"배현진, 오충환","2022.07.29, 2022.09.17",16 (32),MBC,금토,nan,nan,(),사전 제작
342,모범형사 2,최진원,조남국,"2022.07.30, 2022.09.18",16,JTBC,토일,nan,nan,(),사전 제작
343,멧돼지 사냥,손정현,이희명,"2022.08.01, 2022.08.22",4 (8),MBC,월,nan,nan,(),사전 제작
344,조선 정신과 의사 유세풍,"박슬기, 최민호, 이봄",박원국,"2022.08.01, 2022.09.06",12,MBC,월화,nan,nan,(),사전 제작
345,괴이,"연상호, 류용재",장건재,"2022.08.14, 2022.08.28",6,OCN,일,nan,nan,(),사전 제작
346,이상한 변호사 우영우,"문지원, 백미경",유인식,"2022.08.18, 2022.06.29",16,SBS,수목,nan,nan,(),4회 연장
347,법대로 사랑하라,임의정,이은진,"2022.08.29, 2022.10.25",16 (32),KBS2,월화,nan,nan,(),사전 제작
348,작은 아씨들,정서경,김희원,"2022.09.03, 2022.10.09",12,tvn,토일,nan,nan,(),사전 제작
349,블라인드,권기경,신용휘,"2022.09.16, 2022.11.05",16,tvN,금토,nan,nan,(),사전 제작
350,금수저,"김은희, 송현욱, 손정현",이희명,"2022.09.23, 2022.11.12",16 (32),MBC,금토,nan,nan,(),2회 조기 종영
351,디 엠파이어 : 법의 제국,"서숙향, 김일훈, 오가규","김성진, 유현기","2022.09.24, 2022.11.13",16,JTBC,토일,nan,nan,(),1회 연장
352,삼남매가 용감하게,"이희명, 손정현",박만영,"2022.09.24, 2023.03.19",51,KBS2,주말,nan,nan,(),1회 연장
353,천원짜리 변호사,"최수진, 최창완","신종훈, 부성철","2022.09.28, 2022.11.11",12 (24),SBS,금토,nan,nan,(),2회 조기 종영
354,당신이 소원을 말하면,조영수,김용완,"2022.09.29, 2022.08.10",16 (32),KBS2,수목,nan,nan,(),사전 제작
355,진검승부,임영빈,김성호,"2022.10.05, 2022.11.24",16 (32),KBS2,수목,nan,nan,(),3회 연장
356,슈룹,박바라,김형식,"2022.10.15, 2022.12.04",16,tvN,토일,nan,nan,(),1회 조기 종영
357,장미맨션,유갑열,이희명,"2022.10.23, 2022.09.18",12,OCN,일,nan,nan,(),사전 제작
358,멘탈코치 제갈길,김반디,손정현,"2022.11.01, 2022.09.12",16,tvN,월화,nan,nan,(),사전 제작
359,연예인 매니저로 살아남기,"박소영, 이찬",백승룡,"2022.11.07, 2022.12.13",16,tvN,월화,nan,nan,(),1회 조기 종영
360,소방서 옆 경찰서,민지은,신경수,"2022.11.12, 2022.12.30",12 (24),SBS,금토,nan,nan,(),1회 조기 종영
361,팬레터를 보내주세요,박태양,정상희,"2022.11.26, 2022.11.18",4 (8),MBC,금토,nan,nan,(),1회 조기 종영
362,치얼 업,차해원,"오준혁, 한태섭","2022.12.13, 2022.10.03",16 (32),SBS,월화,nan,nan,(),1회 연장
363,사랑의 이해,"이서현, 이현정","조영민, 이희명","2022.12.21, 2023.02.09",16,JTBC,수목,nan,nan,(),1회 조기 종영
364,일당백집사,"이선혜, 백미경",이희명,"2022.12.22, 2022.10.19",16 (32),MBC,수목,nan,nan,(),1회 조기 종영
365,재벌집 막내아들,"장은재, 김태희",정대윤,"2022.12.25, 2022.11.18",16,JTBC,금토일,nan,nan,(),1회 조기 종영
366,커튼 콜,조성길,윤상호,"2022.12.27, 2022.10.31",16 (32),KBS2,월화,nan,nan,(),1회 조기 종영
367,아무것도 하고 싶지 않아,홍문표,이윤정,"2022.12.27, 2022.11.21",12,ENA,월화,nan,nan,(),1회 조기 종영
368,결혼백서,최아랑,"송제영, 서주완","2022.12.27, 2022.11.22",6,채널A,화,nan,nan,(),1회 조기 종영
369,유미의 세포들 2,"김경란, 김윤주, 송재정",이상엽,"2022.12.29, 2022.11.16",14,tvN,수목,nan,nan,(),1회 조기 종영
370,월수금화목토,"고명주, 하구담","남성우, 정여진","2022.9.21, 2022.11.10",16,tvN,수목,nan,nan,(),사전 제작
371,환혼 빛과 그림자,"홍정은, 홍미란",박준화,"2023.01.08, 2022.12.10",10,tvN,토일,nan,nan,(),1회 조기 종영
372,"금혼령, 조선 혼인 금지령",천지혜,"박상우, 정훈","2023.01.21, 2022.12.09",16 (32),MBC,수목,nan,nan,(),1회 조기 종영
373,사장님을 잠금해제,김형민,이희명,"2023.01.26, 2022.12.07",16,ENA,수목,nan,nan,(),1회 조기 종영
374,미씽: 그들이 있었다 2,"반기리, 정소영",민연홍,"2023.01.31, 2022.12.19",14,tvN,월화,nan,nan,(),1회 조기 종영
375,트롤리,백미경,이희명,"2023.02.14, 2022.12.19",16 (32),SBS,월화,nan,nan,(),1회 조기 종영
376,빨간풍선,문영남,"진형욱, 이승훈","2023.02.26, 2022.12.17",20,TV조선,토일,nan,nan,(),1회 조기 종영
377,태풍의 신부,송정림,박기현,"2023.03.09, 2022.10.10",102,KBS2,일일,nan,nan,(),2회 연장
378,내 눈에 콩깍지,나승현,고영탁,"2023.03.24, 2022.10.03",123,KBS1,일일,nan,nan,(),3회 연장
379,마녀의 게임,이도현,이형선,"2023.04.14, 2022.10.11",119,MBC,일일,nan,nan,(),1회 조기 종영
380,조선 정신과 의사 유세풍 2,"박슬기, 최민호, 이봄","강희주, 박원국","2023.1.11, 2023.2.9",10,tvN,수목,nan,nan,(),1회 조기 종영
381,대행사,송수한,이창민,"2023.1.7, 2023.2.26",16,JTBC,토일,nan,nan,(),1회 조기 종영
382,법쩐,이원태,김원석,"2023.2.11, 2023.1.6",12,SBS,금토,nan,nan,(),1회 조기 종영
383,성스러운 아이돌,이천금,"박소연, 이소윤","2023.2.15, 2023.3.23",12,tvN,수목,nan,nan,(),1회 조기 종영
384,모범택시 2,오상호,이단,"2023.2.17, 2023.4.15",16,SBS,금토,nan,nan,(),1회 조기 종영
385,아일랜드,오보현,박배종,"2023.2.25, 2023.2.10",12,tvN,금토,nan,nan,(),1회 조기 종영
386,두뇌공조,박경선,이진서,"2023.2.28, 2023.1.2",16,KBS2,월화,nan,nan,(),1회 조기 종영
387,청춘월담,정현정,"김정욱, 이종재","2023.2.6, 2023.4.11",20,tvN,월화,nan,nan,(),1회 조기 종영
388,위기의 X,곽경윤,김정훈,"2023.2.7, 2023.2.21",6,MBC,화,nan,nan,(),1회 조기 종영
389,판도라: 조작된 낙원,현지민,최영훈,"2023.3.11, 2023.4.30",16,tvN,토일,nan,nan,(),사전 제작
390,비밀의 여자,이정대,신창석,2023.3.14,100,KBS2,일일,nan,nan,(),사전 제작
391,술꾼도시여자들 2,위소영,박수원,"2023.3.17, 2023.3.3",12,tvN,금토,nan,nan,(),1회 조기 종영
392,꽃선비 열애사,"김자현, 권음미",김정민,"2023.3.20, 2023.5.16",18,SBS,월화,nan,nan,(),사전 제작
393,꼭두의 계절,"허준우, 강이헌","김지훈, 백수찬","2023.3.24, 2023.1.27",16,MBC,금토,nan,nan,(),1회 조기 종영
394,진짜가 나타났다!,조정주,한준서,2023.3.25,50,KBS2,주말,nan,nan,(),사전 제작
395,금이야 옥이야,"유상영, 백은정, 채혜영",최지영,2023.3.27,120,KBS1,일일,nan,nan,(),사전 제작
396,일타 스캔들,양희승,유제원,"2023.3.5, 2023.1.14",16,tvN,토일,nan,nan,(),1회 조기 종영
397,스틸러 : 일곱 개의 조선통보,신경일,최준배,"2023.4.12, 2023.5.18",12,tvN,수목,nan,nan,(),사전 제작
398,보라! 데보라,아경,"이태곤, 서민정","2023.4.12, 2023.5.25",14,ENA,수목,nan,nan,(),사전 제작
399,하늘의 인연,여정미,김진형,2023.4.17,120,MBC,일일,nan,nan,(),사전 제작
400,오아시스,정형수,한희,"2023.4.25, 2023.3.6",16,KBS2,월화,nan,nan,(),사전 제작
401,나쁜 엄마,배세영,심나연,"2023.4.26, 2023.6.8",14,JTBC,수목,nan,nan,(),사전 제작
402,"신성한, 이혼",유영아,이재훈,"2023.4.9, 2023.3.4",12,JTBC,토일,nan,nan,(),1회 조기 종영
403,조선변호사,"허준우, 강이헌","김지훈, 백수찬","2023.5.20, 2023.3.31",16,MBC,금토,nan,nan,(),사전 제작
404,패밀리,장정도,정유선,"2023.5.23, 2023.4.17",12,tvN,월화,nan,nan,(),사전 제작
405,구미호뎐 1938,한유리,"조남형, 강신효","2023.5.6, 2023.6.11",12,tvN,토일,nan,nan,(),사전제작
406,가면의 여왕,임도완,강호중,"2023.6.13, 2023.4.24",16,채널A,월화,nan,nan,(),사전 제작
407,킹더랜드,최롬,임현욱,2023.6.17,16,JTBC,토일,nan,nan,(),사전제작
408,낭만닥터 김사부 3,"강은경, 임혜민",유인식,"2023.6.17, 2023.4.28",16,SBS,금토,nan,nan,(),사전 제작
409,이번 생도 잘 부탁해,최영림,이나정,"2023.6.17, 2023.7.23",12,tvN,토일,nan,nan,(),사전제작
410,마당이 있는 집,지아니,정지현,"2023.6.19, 2023.7.11",8,ENA,월화,nan,nan,(),사전제작
411,"어쩌다 마주친, 그대",백소연,"강수연, 이웅희","2023.6.20, 2023.5.1",16,KBS2,월화,nan,nan,(),사전제작
412,넘버스 : 빌딩숲의 감시자들,"오혜석, 정안",김칠봉,2023.6.23,16,MBC,금토,nan,nan,(),사전제작
413,악귀,김은희,이정림,2023.6.23,16,SBS,금토,nan,nan,(),사전제작
414,아씨두리안,임성한,신우철,2023.6.24,16,TV조선,토일,nan,nan,(),사전제작
415,가슴이 뛴다,"정승주, 김하나","이민수, 이현석",2023.6.26,16,KBS2,월화,nan,nan,(),사전제작
416,기적의 형제,김지우,박찬홍,2023.6.28,16,JTBC,수목,nan,nan,(),사전제작
417,닥터 차정숙,정여랑,김대진,"2023.6.4, 2023.4.15",16,JTBC,토일,nan,nan,(),사전 제작
418,이로운 사기,한우주,이수현,"2023.7.18, 2023.5.29",16,tvN,월화,nan,nan,(),사전제작
419,행복배틀,주영아,김윤철,"2023.7.20, 2023.5.31",16,ENA,수목,nan,nan,(),사전제작
