작품명,장르,방송 채널,방송 기간,방송 시간,방송 분량,방송 횟수,기획,책임프로듀서,프로듀서,제작사,연출,각본,출연자,이전,다음
"신비아파트 외전: 기억, 하리 2",,,,,,,,,,,,,,,
,,,,,,,,,,,,,,,
너를 싫어하는 방법,,,,,,,,,,,,,,,
아름다운 세상,드라마,JTBC,2019년 4월 5일 ~ 2019년 5월 25일,"매주 금요일, 토요일 밤 11시",,16부작,JTBC,함영훈,"김다예, 김경태","MI, 엔 케이 물산",박찬홍,김지우,"추자현, 박희순, 오만석, 조여정 외",리갈 하이 (2019년 2월 8일 ~ 2019년 3월 30일),보좌관 - 세상을 움직이는 사람들 (2019년 6월 14일 ~ 2019년 7월 13일)
국민 여러분!,"범죄, 코미디",KBS 2TV,2019년 4월 1일 ~ 2019년 5월 28일,"매주 월요일, 화요일 밤 10시 ~ 11시 10분",1시간 10분 (1회당 35분 / 2회 연속방송),36부작,문준하 (KBS 드라마본부),"이건준, 노상훈 (KBS 드라마운영팀)",,"몬스터유니온, 원콘텐츠",김정현,한정훈,"최시원, 이유영, 김민정, 태인호, 김의성 외",동네변호사 조들호 2: 죄와 벌 (2019년 1월 7일 ~ 2019년 3월 26일),퍼퓸 (2019년 6월 3일 ~ 2019년 7월 23일)
날 녹여주오,"판타지, 드라마",tvN,2019년 9월 28일 ~ 2019년 11월 17일,매주 토요일 밤 9시 10분 ~ 10시 23분 매주 일요일 밤 9시 10분 ~ 10시 21분,,16부작,스튜디오드래곤,,,"스튜디오드래곤, 스토리피닉스㈜","신우철, 최지영",백미경,"지창욱, 원진아 외",아스달 연대기 - 하 (2019년 9월 7일 ~ 2019년 9월 22일),사랑의 불시착 (2019년 12월 14일 ~ 2020년 2월 16일)
각색은 이미 시작됐다,,,,,,,,,,,,,,,
용왕님 보우하사,드라마,MBC,2019년 1월 14일 ~ 2019년 7월 12일,매주 평일 저녁 7:10 ~ 7:55 [1회 ~ 5회] 매주 평일 저녁 7:15 ~ 7:55 [6회 ~ 40회] 매주 평일 저녁 6:50 ~ 7:30 [41회 ~ 121회],40분,121부작,MBC 드라마본부,,,,"최은경, 김용민",,"이소연, 재희, 조안, 김형민 외",비밀과 거짓말 (2018년 6월 25일 ~ 2019년 1월 11일),모두 다 쿵따리 (2019년 7월 16일 ~ 2019년 11월 29일)
반야,,,,,,,,,,,,,,,
바벨,"범죄, 미스터리, 멜로",TV CHOSUN,2019년 1월 27일 ~ 2019년 3월 24일,"토요일, 일요일 밤 10시 50분",,16부작 + 스페셜 1부작,,,,"하이그라운드, 원츠메이커 픽쳐스",윤성식,"권순원, 박상욱","박시후, 장희진, 김해숙, 장신영, 김지훈, 송재희, 임정은 외",대군 - 사랑을 그리다 (2018년 3월 3일 ~ 2018년 5월 6일),조선생존기 (2019년 6월 8일 ~ 2019년 8월 17일)
개같다 거지같다 아름답다,,,,,,,,,,,,,,,
어쩌다 발견한 하루,"로맨틱 판타지, 로맨스 드라마",MBC,2019년 10월 2일 ~ 2019년 11월 21일,"매주 수, 목 저녁 8:55 ~ 밤 10:05",1시간 10분 (1회당 35분),32부작,김대진,,"남궁성우, 문주희",MBC 드라마본부 래몽래인[1],김상협,"인지혜, 송하영","김혜윤, 로운, 이재욱, 이나은, 정건주, 김영대, 이태리 외",신입사관 구해령 (2019년 7월 17일 ~ 2019년 9월 26일),하자있는 인간들 (2019년 11월 27일 ~ 2020년 1월 16일)
레버리지: 사기조작단,"범죄, 스릴러",TV CHOSUN,2019년 10월 13일 ~ 2019년 12월 8일,매주 일요일 오후 10시 (2회 연속방송),120분,16부작,"TV CHOSUN, 소니 픽처스 텔레비전",,,"프로덕션 H, 하이그라운드","남기훈, 서강석",민지형,"이동건, 전혜빈, 김새론",,
위대한 쇼,"정치, 가족, 로맨스",tvN,2019년 8월 26일 ~ 2019년 10월 15일,"매주 월, 화 밤 9시 30분",,16부작,,,,"화이브라더스코리아, 롯데컬처웍스","신용휘, 김정욱",설준석,"송승헌, 이선빈, 임주환, 노정의 외","60일, 지정생존자 (2019년 7월 1일 ~ 2019년 8월 20일)",유령을 잡아라! (2019년 10월 21일 ~ 2019년 12월 10일)
유령을 잡아라,"수사, 로맨스",tvN,2019년 10월 21일 ~ 2019년 12월 10일,"매주 월, 화 밤 9시 30분",,16부작,스튜디오드래곤,,,로고스 필름 (주),신윤섭,"소원, 이영주","문근영, 김선호, 정유진, 기도훈 외",위대한 쇼 (2019년 8월 26일 ~ 2019년 10월 15일),블랙독 (2019년 12월 16일 ~ 2020년 2월 4일)
여름아 부탁해,"가족, 멜로, 복수, 막장 드라마",KBS 1TV (본방송),2019년 4월 29일 ~ 2019년 10월 25일,매주 평일 저녁 8:30 ~ 9:00,30분,128부작,,전우성,구성준,KBS 드라마본부,성준해,"구지원, 장민우, 남선혜","이영은, 윤선우, 이채영, 김사권 외",비켜라 운명아 (2018년 11월 5일 ~ 2019년 4월 26일),꽃길만 걸어요 (2019년 10월 28일 ~ 2020년 4월 17일)
황금정원,드라마,MBC,2019년 7월 20일 ~ 2019년 10월 26일,매주 토요일 밤 9:05 ~ 11:05,120분 (1회당 30분 / 4회 연속 방송),60부작,김승모 (MBC),,,김종학프로덕션,"이대영, 이동현",박현주,"한지혜, 이상우, 오지은, 이태성 외",이몽 (2019년 5월 4일 ~ 2019년 7월 13일),두 번은 없다 (2019년 11월 2일 ~ 2020년 3월 7일)
달리는 조사관,휴먼,OCN,2019년 9월 18일 ~ 2019년 10월 31일,"매주 수요일, 목요일 밤 11시",60분,14부작,스튜디오드래곤,,,데이드림엔터테인먼트,김용수,백정철,"이요원, 최귀화 외",미스터 기간제  (2019년 7월 17일 ~ 2019년 9월 5일),-
태양의 계절,"복수, 멜로",KBS 2TV,2019년 6월 3일 ~ 2019년 11월 1일,매주 평일 저녁 7:50 ~ 8:30 (본방송) 매주 목요일 낮 12:10 ~ 오후 1:50 (재방송),40분,102부작,김상휘 (KBS 드라마본부),문준하 (KBS 드라마운영팀),홍은미,삼화네트웍스,김원용,이은주,"오창석, 윤소이, 최성재, 하시은 외",왼손잡이 아내 (2019년 1월 2일 ~ 2019년 5월 31일),우아한 모녀 (2019년 11월 4일 ~ 2020년 3월 27일)
보좌관 2,"정치, 피카레스크",JTBC,2019년 11월 11일 ~ 2019년 12월 10일,"매주 월, 화 밤 9시 30분 ~ 11시",65분,10부작,JTBC,함영훈,,스튜디오앤뉴,곽정환,이대일,"이정재, 신민아, 이엘리야, 김동준, 김갑수, 정웅인, 정만식, 박효주, 조복래 외",꽃파당: 조선혼담공작소 (2019년 9월 16일 ~ 2019년 11월 5일),검사내전 (2019년 12월 16일 ~ 2020년 2월 11일)
맛 좀 보실래요,드라마,SBS,2019년 11월 12일 ~ 2020년 5월 1일,매주 평일 아침 8:35 ~ 9:10,35분,124부작,이용석,,양성은,셀트리온 엔터테인먼트,윤류해,,"심이영, 서도영, 서하준, 한가림, 이슬아, 최우석 외",수상한 장모 (2019년 5월 20일 ~ 2019년 11월 8일),엄마가 바람났다 (2020년 5월 4일 ~ 2020년 10월 23일)
두 번은 없다,"복수, 가족, 코미디",MBC,2019년 11월 2일 ~ 2020년 3월 7일,매주 토요일 오후 9:05 ~ 오후 11:05,120분 (1회당 30분 / 4회 연속 방송),72부작,MBC 드라마본부,,전수정,팬엔터테인먼트,"최원석, 박상우",구현숙,"윤여정, 박세완, 곽동연, 오지호, 예지원, 박아인, 송원석 외",황금정원 (2019년 7월 20일 ~ 2019년 10월 26일),폐지
동백꽃 필 무렵,"멜로, 휴머니즘, 스릴러",KBS 2TV,2019년 9월 18일 ~ 2019년 11월 21일,"매주 수요일, 목요일 밤 10:00 ~ 11:10",1시간 10분 (1회당 35분),40부작 + 스페셜 4부작,황의경 (KBS 드라마본부),"이건준, 노상훈 (KBS 드라마운영팀)",윤재혁,팬 엔터테인먼트,"차영훈, 강민경",임상춘,"공효진, 강하늘, 김지석, 지이수, 손담비 외",저스티스 (2019년 7월 17일 ~ 2019년 9월 5일),99억의 여자 (2019년 12월 4일 ~ 2020년 1월 23일)
나의 나라,사극,JTBC,2019년 10월 4일 ~ 2019년 11월 23일,"매주 금요일, 토요일 밤 10시 50분 ~ 12시 20분",70분,16부작 + 스페셜 1부작,JTBC,오환민,"김우현, 박우람","셀트리온엔터테인먼트, 나의 나라 문화전문유한회사",김진원,,"양세종, 우도환, 김설현, 장혁, 김영철, 안내상 외",멜로가 체질 (2019년 8월 9일 ~ 2019년 9월 28일),초콜릿 (2019년 11월 29일 ~ 2020년 1월 18일)
배가본드,"범죄, 첩보, 액션, 재난, 멜로","SBS TV, 넷플릭스, WAVVE",2019년 9월 20일~11월 23일,"매주 금요일, 토요일 밤 10:00 ~ 11:10",1시간 10분 (1회당 3부 분할 방송),16부작,이영우 (SBS 드라마본부),"이용석 (SBS 드라마운영팀) 제작총괄: 고은호, 김경규",이재환,셀트리온 엔터테인먼트,유인식,"장영철, 정경순","이승기, 배수지, 신성록 외",의사요한 (2019년 7월 19일 ~ 2019년 9월 7일),스토브리그 (2019년 12월 13일 ~ 2020년 2월 14일)
모두 다 쿵따리,드라마,MBC,2019년 7월 16일 ~ 2019년 11월 29일,매주 평일 아침 7:50 ~ 8:30,40분,99부작,장재훈,,김서곤,,"김흥동, 김칠봉",김지현,"박시은, 김호진, 이보희, 강석정, 서혜진 외",용왕님 보우하사 (2019년 1월 14일 ~ 2019년 7월 12일),나쁜 사랑 (2019년 12월 2일 ~ 2020년 5월 29일)
초콜릿,드라마,JTBC,2019년 11월 29일 ~ 2020년 1월 18일,"매주 금요일, 토요일 밤 10시 50분",70분,16부작,JTBC,,,JYP픽처스,이형민,,"윤계상, 하지원, 장승조, 유태오, 민진웅, 강부자, 이재룡, 김원해 외",나의 나라 (2019년 10월 4일 ~ 2019년 11월 23일),이태원 클라쓰 (2020년 1월 31일 ~ 2020년 3월 21일)
수상한 장모,드라마,SBS,2019년 5월 20일 ~ 2019년 11월 8일,매주 평일 아침 8:35 ~ 9:10,35분,123부작,박영수,,이재형,씨제스 엔터테인먼트,이정훈,김인강,"김혜선, 신다은, 박진우, 손우혁, 안연홍, 김정현 외",강남 스캔들 (2018년 11월 26일 ~ 2019년 5월 17일),맛 좀 보실래요 (2019년 11월 12일 ~ 2020년 5월 1일)
모두의 거짓말,드라마,OCN,2019년 10월 12일 ~ 2019년 12월 1일,"토요일, 일요일 밤 10시 30분 ~ 11시 50분",60분,16부작,스튜디오드래곤,,,스튜디오드래곤,이윤정,"전영신, 원유정","이민기, 이유영 외",타인은 지옥이다 (2019년 8월 31일 ~ 2019년 10월 6일),본 대로 말하라 (2020년 2월 1일 ~ 2020년 3월 22일)
스토브리그,스포츠 드라마,SBS,2019년 12월 13일 ~ 2020년 2월 14일,"매주 금, 토 밤 10:00 ~ 11:10",70분,16부작,박영수 (SBS 드라마본부),홍성창 (SBS 드라마운영팀),조은정,길픽쳐스,"정동윤, 한태섭",이신화,"남궁민, 박은빈, 오정세, 조병규, 조한민, 하도권",배가본드 (2019년 9월 20일 ~ 2019년 11월 23일),하이에나 (2020년 2월 21일 ~ 2020년 4월 11일)
검사내전,"법정, 정치, 블랙 코미디",JTBC,2019년 12월 16일~2020년 2월 11일,"매주 월요일, 화요일 밤 9시 30분",70분,16부작,JTBC,,,(주)에스피스,이태곤,,"이선균, 정려원, 이성재, 이상희 외",보좌관 - 세상을 움직이는 사람들 시즌2 (2019년 11월 11일~2019년 12월 10일),날씨가 좋으면 찾아가겠어요 (2020년 2월 24일~2020년 4월 21일)
VIP,프라이빗 오피스 멜로,SBS,2019년 10월 28일 ~ 2019년 12월 24일,"매주 월, 화 밤 10:00 ~ 11:10","70분 (1부 40분, 2부 30분 분할 방영)",16부작,이용석,,이옥규,더스토리웍스,이정림,차해원,"장나라, 이상윤, 이청아 외",17세의 조건 (2019년 8월 5일 ~ 2019년 8월 6일),낭만닥터 김사부 2 (2020년 1월 6일 ~ 2020년 2월 25일)
루왁인간,드라마,JTBC,2019년 12월 30일,,,2부작,,,,,라하나,이보람,"안내상, 김미수, 장혜진, 최덕문, 윤경호 외",,
눈이 부시게,"로맨스, 판타지",JTBC,2019년 2월 11일 ~ 2019년 3월 19일,"매주 월, 화 밤 9:30",,12부작,,김지연,,드라마하우스,김석윤,"이남규, 김수진","김혜자, 한지민, 남주혁 외",일단 뜨겁게 청소하라 (2018년 11월 26일 ~ 2019년 2월 4일),으라차차 와이키키 2 (2019년 3월 25일 ~ 2019년 5월 14일)
아이템,"SF, 판타지, 서스펜스",MBC TV,2019년 2월 11일 ~ 2019년 4월 2일,매주 월요일 ~ 화요일 밤 10:00 ~ 11:10,70분 (1회당 35분),32부작,손형석,,"김호준, 김윤진, 김한길, 김재복",MBC 드라마본부,"김성욱, 박미연",정이도,"주지훈, 진세연, 김강우, 김유리, 박원상",나쁜 형사  (2018년 12월 3일 ~ 2019년 1월 29일),특별근로감독관 조장풍  (2019년 4월 8일 ~ 2019년 5월 28일)
해치,"사극, 미스터리 수사물",SBS,2019년 2월 11일 ~ 2019년 4월 30일,"매주 월, 화 밤 10:00 ~ 11:10",70분 (1회당 35분 / 2회 연속 방송),48부작,,박영수,SBS 드라마운영팀,(주)김종학프로덕션,이용석,,"정일우, 고아라, 권율, 박훈, 이경영, 정문성, 배정화, 한상진 외",복수가 돌아왔다  (2018년 12월 10일 ~ 2019년 2월 4일),초면에 사랑합니다  (2019년 5월 6일 ~ 2019년 6월 25일)
로스:타임:라이프 - 더 라스트 찬스,드라마,"MBN, UMAX",2019년 2월 13일 ~ 2019년 2월 14일,"수요일, 목요일 밤 11시",,2부작,"이영환, 전형진",,"김지영, 장유영","HOME CHOICE, 스토리 플랜",임은,이인혜,"송유빈, 권민아 외",최고의 치킨 (2019년 1월 2일 ~ 2019년 2월 7일),레벨업 (2019년 7월 10일 ~ 2019년 8월 15일)
최고의 치킨,드라마,"iHQ DRAMA, MBN",2019년 1월 2일 ~ 2019년 2월 7일,"수요일, 목요일 밤 11시",,12부작,,,,"iHQ, 메이퀸픽쳐스",이승훈,"박찬영, 조아영","박선호, 김소혜, 주우재 외",설렘주의보 (2018년 10월 31일 ~ 2018년 12월 20일),로스타임 라이프 : 더 라스트 찬스 (2019년 2월 13일 ~ 2019년 2월 14일)
트랩,범죄,OCN,2019년 2월 9일 ~ 2019년 3월 3일,"토요일, 일요일 밤 10시 20분",,7부작,OCN,한지형,,필름몬스터,박신우,"남상욱, 박신우","이서진, 성동일, 임화영 외",프리스트  (2018년 11월 24일 ~ 2019년 1월 20일),킬잇  (2019년 3월 23일 ~ 2019년 4월 28일)
사이코메트리 그녀석,드라마,tvN,2019년 3월 11일 ~ 2019년 4월 30일,"매주 얼요일, 화요일 밤 9시 30분",,16부작,스튜디오 드래곤,,,제이에스픽쳐스,"김병수, 오승열",양진아,"박진영, 신예은, 김권, 김다솜 외",왕이 된 남자 (2019년 1월 7일 ~ 2019년 3월 4일),어비스 (2019년 5월 6일 ~ 2019년 6월 25일)
왜그래 풍상씨,"가족, 코미디, 복수, 막장",KBS 2TV,2019년 1월 9일 ~ 2019년 3월 14일,"매주 수요일, 목요일 밤 10:00 ~ 11:10",70분 (1회당 35분 2회 연속 방송),40부작 + 스페셜 1부작,황의경 (KBS 드라마본부),이건준 (KBS 드라마운영팀),"김동휘, 이승범","초록뱀미디어, 팬 엔터테인먼트","진형욱, 이현석",문영남,"유준상, 오지호, 전혜빈, 이시영, 이창엽 외",죽어도 좋아 (2018년 11월 7일 ~ 2018년 12월 27일),닥터 프리즈너 (2019년 3월 20일 ~ 2019년 5월 15일)
로맨스는 별책부록,드라마,tvN,2019년 1월 26일 ~ 2019년 3월 17일,"매주 토요일, 일요일 밤 9시",,16부작,스튜디오드래곤,,,글앤그림미디어,이정효,정현정,"이나영, 이종석, 정유진, 위하준 외",알함브라 궁전의 추억 (2018년 12월 1일 ~ 2019년 1월 20일),자백 (2019년 3월 23일 ~ 2019년 5월 12일)
봄이 오나 봄,드라마,MBC TV,2019년 1월 23일 ~ 2019년 3월 21일,"매주 수, 목 밤 10:00 ~ 11:10",70분 (1회당 35분),32부작,박성은,,,제이에스픽쳐스,"김상호, 박승우",이혜선,"이유리, 엄지원, 이종혁, 최병모 외",붉은 달 푸른 해 (2018년 11월 21일 ~ 2019년 1월 16일),더 뱅커 (2019년 3월 27일 ~ 2019년 5월 16일)
으라차차 와이키키 2,드라마,JTBC,2019년 3월 25일 ~ 2019년 5월 14일,"매주 월요일, 화요일 밤 9시 30분",70분,16부작,JTBC,,,"씨제스프로덕션, 드라마하우스",이창민,"김기호, 송지은, 송미소, 서동범","김선호, 이이경, 신현수, 문가영, 안소희, 김예원 외",눈이 부시게 (2019년 2월 11일 ~ 2019년 3월 19일),바람이 분다 (2019년 5월 27일 ~ 2019년 7월 16일)
동네변호사 조들호 2: 죄와 벌,법률 드라마,KBS 2TV,2019년 1월 7일 ~ 2019년 3월 26일,"매주 월요일, 화요일 밤 10:00 ~ 11:10",1시간 10분 (1회당 35분 / 2회 연속 방송),40부작 + 스페셜 1부작,문준하 (KBS 드라마본부),배경수 (KBS 드라마운영팀),김형석,"온누리미디어㈜UFO프로덕션, 스튜디오인빅터스, 씨너지인터내셔날","한상우, 이호, 김정권","김서연, 손세동, 이정필, 김영찬, 조혜빈","박신양, 고현정, 이민지, 변희봉 외",땐뽀걸즈 (2018년 12월 3일 ~ 2018년 12월 25일),국민 여러분! (2019년 4월 1일 ~ 2019년 5월 28일)
진심이 닿다,드라마,tvN,2019년 2월 6일 ~ 2019년 3월 28일,"수요일, 목요일 밤 9시 30분 ~ 10시 50분",60분,16부작,스튜디오드래곤,장정도,정다형,"메가몬스터, 콘텐츠 지음","박준화, 최지영",,"유인나, 이동욱, 이상우, 손성윤 외",남자친구 (2018년 11월 28일 ~ 2019년 1월 24일),그녀의 사생활 (2019년 4월 10일 ~ 2019년 5월 30일)
왕이 된 남자,사극,tvN,2019년 1월 7일 ~ 2019년 3월 4일,월요일 화요일 밤 9시 30분,,16부작,스튜디오드래곤,장정도,"이정묵, 강상훈","스튜디오 드래곤, (주)지티스트","김희원, 명현우","김선덕, 신하은","여진구, 김상경, 이세영, 정혜영, 장광, 권해효 외",계룡선녀전 (2018년 11월 5일 ~ 2018년 12월 25일),사이코메트리 그녀석 (2019년 3월 11일 ~ 2019년 4월 30일)
빙의,드라마,OCN,2019년 3월 6일 ~ 2019년 4월 25일,"매주 수요일, 목요일 밤 11시",,16부작,스튜디오드래곤,김건홍,,데이드림엔터테인먼트,최도훈,박희강,"송새벽, 고준희, 연정훈, 조한선 외",신의 퀴즈: 리부트  (2018년 11월 14일 ~ 2019년 1월 10일),구해줘 2  (2019년 5월 8일 ~ 2019년 6월 27일)
빅이슈,,,,,,,,,,,,,,,
그녀의 사생활,드라마,tvN,2019년 4월 10일 ~ 2019년 5월 30일,매주 수요일 목요일 밤 9시 30분,60분,16부작,최진희,,,"본팩토리, 스튜디오드래곤","홍종찬, 장양호, 김혜숙",,"박민영, 김재욱 외",진심이 닿다 (2019년 2월 6일 ~ 2019년 3월 28일),검색어를 입력하세요 WWW (2019년 6월 5일 ~ 2019년 7월 25일)
열혈사제,"경찰, 액션, 블랙 코미디, 서스펜스",SBS,2019년 2월 15일~4월 20일,"매주 금, 토 밤 10:00 ~ 11:10",1시간 10분 (1회당 35분 / 2회 연속방송),40부작,조성훈 (SBS 드라마본부),한정환 (SBS 드라마운영팀),,삼화네트웍스,"이명우, 박보람",박재범,"김남길, 김성균, 이하늬, 고준, 금새록 외",SBS 금토드라마 신설,녹두꽃 (2019년 4월 26일 ~ 2019년 7월 13일)
막돼먹은 영애씨 17,드라마,tvN,2019년 2월 8일 ~ 2019년 4월 26일,매주 금요일 밤 11시,,12부작,이명한,안상휘,,CJ ENM,"한상재, 윤재순, 김새별, 조제욱","한설희, 백지현, 홍보희, 오은지","김현숙, 이승준 외",톱스타 유백이 (2018년 11월 16일 ~ 2019년 1월 25일),쌉니다 천리마마트 (2019년 9월 20일 ~ 2019년 12월 6일)
녹두꽃,사극,SBS,2019년 4월 26일~7월 13일,"매주 금, 토 밤 10:00 ~ 11:10",1시간 10분 (1회당 35분 / 2회 연속방송),48부작,박영수 (SBS 드라마본부),,이영준,씨제스엔터테인먼트,"신경수, 김승호",정현민,"조정석, 윤시윤, 한예리, 최무성 외",열혈사제 (2019년 2월 15일 ~ 2019년 4월 20일),의사요한 (2019년 7월 19일 ~ 2019년 9월 7일)
슬플 때 사랑한다,"드라마, 격정멜로, 막장",MBC,2019년 2월 23일 ~ 2019년 4월 27일,매주 토요일 밤 9:05 ~ 11:05,120분 (회당 30분 / 4회 연속 방송),40부작,김승모,,곽지훈,"DK E&M, 헬로콘텐츠","최이섭, 유범상",송정림,"지현우, 박한별, 류수영, 왕빛나 외",신과의 약속  (2018년 11월 24일 ~ 2019년 2월 16일),이몽  (2019년 5월 4일 ~ 2019년 7월 13일)
킬잇,"범죄, 액션",OCN,2019년 3월 23일 ~ 2019년 4월 28일,"토요일, 일요일 밤 10시 20분",,12부작,"OCN, 스튜디오드래곤",,,크레이브웍스,"남성우, 안지숙","손현수, 최명진","장기용, 나나 외",트랩 (2019년 2월 9일 ~ 2019년 3월 3일),보이스 3 - 공범들의 도시 (2019년 5월 11일 ~ 2019년 6월 30일)
회사 가기 싫어,드라마,KBS 2TV,2019년 4월 9일 ~ 2019년 7월 2일,매주 화요일 밤 11시 10분 ~ 12시 15분,,12부작,,,,몬스터 유니온,,,"김동완, 한수연, 소주연, 김관수",입맞춤 (2019년 3월 5일 ~ 2019년 3월 26일),지식채집프로젝트 베짱이 (2019년 7월 16일 ~ 2019년 10월 15일)
자백,드라마,tvN,2019년 3월 23일 ~ 2019년 5월 12일,매주 토요일 일요일 밤 9시,,16부작,스튜디오드래곤,김진이 CP: 김성회,"김선태, 김보경",에이스팩토리,"김철규, 윤현기",임희철,"이준호, 유재명, 신현빈, 남기애 외",로맨스는 별책부록 (2019년 1월 26일 ~ 2019년 3월 17일),아스달 연대기 - 상 (2019년 6월 1일 ~ 2019년 7월 7일)
닥터 프리즈너,"범죄, 메디컬, 서스펜스",KBS 2TV,2019년 3월 20일 ~ 2019년 5월 15일,"매주 수요일, 목요일 밤 10시 ~ 11시 10분",1시간 10분 (1회당 35분),32부작,문준하 (KBS 드라마본부),황의경 (KBS 드라마운영팀),"강민경, 김해정","주식회사 지담, 주식회사 엔케이물산","황인혁, 송민엽",박계옥,"남궁민, 권나라, 김병철, 최원영, 박은석, 이다인, 김정난, 장현성 외",왜그래 풍상씨 (2019년 1월 9일 ~ 2019년 3월 14일),"단, 하나의 사랑 (2019년 5월 22일 ~ 2019년 7월 11일)"
절대 그이,판타지 로코 드라마,SBS,2019년 5월 15일 ~ 2019년 7월 11일,"매주 수, 목 밤 10:00 ~ 11:10",70분 (1회당 35분),36부작,박영수 (SBS 드라마본부),홍성창 (SBS 드라마운영팀),,"아폴로픽쳐스, iHQ",정정화,"양혁문, 장아미","여진구, 방민아, 홍종현, 홍서영 외",빅이슈 (2019년 3월 6일 ~ 2019년 5월 2일),닥터 탐정 (2019년 7월 17일 ~ 2019년 9월 5일)
더 뱅커,"경제, 비즈니스",MBC TV,2019년 3월 27일 ~ 2019년 5월 16일,"매주 수, 목 밤 10시 ~ 11시 10분",70분 (1회당 35분),32부작,박재범 (MBC 드라마운영팀),,"윤영조, 정구영",MBC 드라마본부 래몽래인,이재진,"서은정, 오혜란, 배상욱","김상중, 채시라, 유동근, 김태우 외",봄이 오나 봄 (2019년 1월 23일 ~ 2019년 3월 21일),봄밤 (2019년 5월 22일 ~ 2019년 7월 11일)
"단, 하나의 사랑",판타지 로코 드라마,KBS 2TV,2019년 5월 22일 ~ 2019년 7월 11일,"매주 수요일, 목요일 밤 10시 ~ 11시 10분",1시간 10분 (1회당 35분 / 2회 연속방송),32부작,문준하 (KBS 드라마본부),강병택 (KBS 드라마운영팀),"권계홍, 진영주, 오유경","빅토리콘텐츠, 몬스터유니온","이정섭, 유영은",최윤교,"신혜선, 김명수, 이동건, 김보미 외",닥터 프리즈너 (2019년 3월 20일 ~ 2019년 5월 15일),저스티스 (2019년 7월 17일 ~ 2019년 9월 5일)
봄밤,멜로,"MBC, 넷플릭스",2019년 5월 22일 ~ 2019년 7월 11일 MBC 방송 2020년 5월 4일 ~ 2020년 6월 23일 MBC 드라마넷 방송,"매주 수, 목 밤 8시 55분 ~ 10시 5분 매주 월, 화 밤 10시",70분,32부작,MBC 드라마본부,,,제이에스픽쳐스,안판석,김은,"한지민, 정해인, 김준한 외",더 뱅커 (2019년 3월 27일 ~ 2019년 5월 16일),신입사관 구해령 (2019년 7월 17일 ~ 2019년 9월 26일)
특별근로감독관 조장풍,"SF, 판타지, 서스펜스",MBC TV,2019년 4월 8일 ~ 2019년 5월 28일,"매주 월, 화 밤 10:00 ~ 11:10",70분 (1회당 35분),32부작,강대선,,홍석우,"실크우드, 헬로콘텐츠",박원국,김반디,"김동욱, 박세영, 김경남, 류덕환, 외",아이템 (2019년 2월 11일 ~ 2019년 4월 2일),검법남녀 2 (2019년 6월 3일 ~ 2019년 7월 29일)
왼손잡이 아내,"복수, 멜로",KBS 2TV,2019년 1월 2일 ~ 2019년 5월 31일,매주 평일 저녁 7:50 ~ 8:30 (본방송) 매주 목요일 낮 12:10 ~ 오후 2:00 (재방송),40분,103부작,황의경 (KBS 드라마본부),김상휘 → 문준하 (KBS 드라마운영팀),최상열,팬 엔터테인먼트,김명욱,문은아,"이수경, 김진우, 진태현, 하연주, 이승연 외",끝까지 사랑 (2018년 7월 23일 ~ 2018년 12월 31일),태양의 계절 (2019년 6월 3일 ~ 2019년 11월 1일)
이몽,"첩보, 멜로",MBC,2019년 5월 4일 ~ 2019년 7월 13일,매주 토요일 밤 9:05 ~ 11:05,120분 (회당 30분 / 4회 연속 방송),40부작,김승모 (MBC 드라마본부),,,이몽스튜디오문화전문회사,윤상호 (연출가),조규원,"이요원, 유지태, 임주환, 남규리 외",슬플 때 사랑한다 (2019년 2월 23일 ~ 2019년 4월 27일),황금정원 (2019년 7월 20일 ~ 2019년 10월 26일)
초면에 사랑합니다,로맨틱 코미디,SBS,2019년 5월 6일 ~ 2019년 6월 25일,"매주 월, 화 밤 10:00 ~ 11:10",70분 (1회당 35분),32부작,SBS 드라마본부,,,비욘드제이,이광영,김아정,"김영광, 진기주, 김재경, 구자성 외",해치 (2019년 2월 11일 ~ 2019년 4월 30일),17세의 조건  (2019년 8월 5일 ~ 2019년 8월 6일)
어비스,드라마,tvN,2019년 5월 6일 ~ 2019년 6월 25일,"매주 월, 화 밤 9시 30분",,16부작,스튜디오드래곤,,,네오엔터테인먼트,"유제원, 주상규",문수연,"박보영, 안효섭 외",사이코메트리 그녀석 (2019년 3월 11일 ~ 2019년 4월 30일),"60일, 지정생존자 (2019년 7월 1일 ~ 2019년 8월 20일)"
구해줘 2,"범죄, 스릴러",OCN,2019년 5월 8일 ~ 2019년 6월 27일,"매주 수요일, 목요일 밤 11시",,16부작,스튜디오드래곤,,,히든시퀀스,"이권, 이승훈",서주연,"엄태구, 천호진, 이솜, 김영민 외[1]",빙의 (2019년 3월 6일 ~ 2019년 4월 25일),미스터 기간제 (2019년 7월 17일 ~ 2019년 9월 5일)
보이스 3 - 공범들의 도시,범죄,OCN,2019년 5월 11일 ~ 2019년 6월 30일,"토요일, 일요일 밤 10시 20분",70분,16부작,스튜디오 드래곤 (최진희),,,키이스트,남기훈,마진원,"이하나, 이진욱 외",킬잇 (2019년 3월 23일 ~ 2019년 4월 28일),왓쳐 (2019년 7월 6일 ~ 2019년 8월 25일)
검색어를 입력하세요 WWW,드라마,tvN,2019년 6월 5일 ~ 2019년 7월 25일,"매주 수요일, 목요일 밤 9시 30분",,16부작,스튜디오드래곤,,,화앤담픽쳐스,"정지현, 권영일",권도은,"임수정, 이다희, 전혜진, 장기용 외",그녀의 사생활 (2019년 4월 10일 ~ 2019년 5월 30일),악마가 너의 이름을 부를 때 (2019년 7월 31일 ~ 2019년 9월 19일)
조선생존기,"판타지, 사극",TV CHOSUN,2019년 6월 8일 ~ 2019년 8월 17일,"매주 토요일, 일요일 밤 10시 50분",,16부작,,,박경리,"화이브라더스코리아, 롯데컬처웍스, HIGROUND",장용우,박민우,"서지석, 경수진 외",바벨 (2019년 1월 27일 ~ 2019년 3월 24일),간택 - 여인들의 전쟁 (2019년 12월 14일 ~ 2020년 2월 9일)
"60일, 지정생존자","범죄, 서스펜스, 법률, 정치",tvN,2019년 7월 1일 ~ 2019년 8월 20일,"매주 월, 화 밤 9시 30분",,16부작,스튜디오드래곤,,,DK E&M,유종선,김태희,"지진희, 허준호, 강한나, 이준혁, 배종옥 외",어비스 (2019년 5월 6일 ~ 2019년 6월 25일),위대한 쇼 (2019년 8월 26일 ~ 2019년 10월 15일)
보좌관,드라마,JTBC,2019년 6월 14일 ~ 2019년 7월 13일,"매주 금요일, 토요일 밤 11시",65분,10부작,JTBC,,,스튜디오앤뉴,곽정환,,"이정재, 신민아, 이엘리야, 김동준, 정진영, 김갑수, 정웅인, 임원희 외",아름다운 세상 (2019년 4월 5일 ~ 2019년 5월 25일),멜로가 체질 (2019년 8월 9일 ~ 2019년 9월 28일)
바람이 분다,드라마,JTBC,2019년 5월 27일 ~ 2019년 7월 16일,"매주 월요일, 화요일 밤 9시 30분",70분,16부작,JTBC,김지연,김예지,"드라마하우스, 소금빛미디어","정정화, 김보경",황주하,"감우성, 김하늘, 김성철, 김가은 외",으라차차 와이키키 2 (2019년 3월 25일 ~ 2019년 5월 14일),열여덟의 순간 (2019년 7월 22일 ~ 2019년 9월 10일)
열여덟의 순간,드라마,JTBC,2019년 7월 22일 ~ 2019년 9월 10일,"매주 월요일, 화요일 밤 9시 30분",70분,16부작,JTBC,오환민,,"드라마하우스, 키이스트",심나연,윤경아,"옹성우, 김향기, 신승호, 강기영 외",바람이 분다 (2019년 5월 27일 ~ 2019년 7월 16일),꽃파당: 조선혼담공작소 (2019년 9월 16일 ~ 2019년 11월 5일)
퍼퓸,"판타지, 로맨스, 멜로",KBS 2TV,2019년 6월 3일 ~ 2019년 7월 23일,"매주 월요일, 화요일 밤 10:00 ~ 11:10",1시간 10분 (1회당 35분 / 2회 연속방송),32부작,문준하 (KBS 드라마본부),강병택 (KBS 드라마운영팀),이대경,"호가엔터테인먼트, 씨그널픽쳐스","김상휘, 유관모",최현옥,"신성록, 고원희, 하재숙, 차예련, 김민규 외",국민 여러분! (2019년 4월 1일 ~ 2019년 5월 28일),너의 노래를 들려줘 (2019년 8월 5일 ~ 2019년 9월 24일)
검법남녀 2,"범죄, 의학, 서스펜스",MBC TV,2019년 6월 3일 ~ 2019년 7월 29일,"매주 월요일, 화요일 밤 8:55 ~ 10:05",70분 (1회당 35분),32부작,손형석 (MBC 드라마본부),,,HB엔터테인먼트,"노도철, 한진선","민지은, 조원기","정재영, 정유미, 오만석, 노민우, 강승현 외",특별근로감독관 조장풍 (2019년 4월 8일 ~ 2019년 5월 28일),웰컴2라이프  (2019년 8월 5일 ~ 2019년 9월 24일)
악마가 너의 이름을 부를 때,드라마,tvN,2019년 7월 31일 ~ 2019년 9월 19일,"매주 수요일, 목요일 밤 9시 30분",,16부작,이명한,,,이엘라이즈,"민진기, 정현남","노혜영, 고내리","정경호, 박성웅, 이설, 이엘 외",검색어를 입력하세요 WWW (2019년 6월 5일 ~ 2019년 7월 25일),청일전자 미쓰리 (2019년 9월 25일 ~ 2019년 11월 14일)
레벨업,드라마,"iHQ DRAMA, MBN",2019년 7월 10일 ~ 2019년 8월 15일,매주 수요일 목요일 밤 11시,60분,12부작,"iHQ DRAMA, MBN",,,"iHQ, 어뉴",김상우,김동규,"성훈, 한보름, 차선우, 강별, 데니 안 외",로스타임 라이프 : 더 라스트 찬스 (2019년 2월 13일 ~ 2019년 2월 14일),우아한 가 (2019년 8월 21일 ~ 2019년 10월 17일)
우아한 가,드라마,"MBN, iHQ DRAMA(舊 드라맥스)",2019년 8월 21일 ~ 2019년 10월 17일,"매주 수, 목 밤 11시 ~ 12시 20분",1시간 20분,16부작,"iHQ DRAMA, MBN","컴재운, 김봉수","이건영, 김미진",삼화네트웍스,"한철수, 육정용",권민수,"임수향, 이장우, 배종옥 외",레벨업 (2019년 7월 10일 ~ 2019년 8월 15일),스폰서 (2022년 2월 23일 ~ 2022년 4월 6일)
평일 오후 세시의 연인,드라마,채널A,2019년 7월 5일 ~ 2019년 8월 24일,"매주 금요일, 토요일 밤 11시 ~ 12시 10분",1시간 10분,16부작,,,,팬엔터테인먼트,"김정민, 민정아",유소정,"박하선, 예지원, 이상엽, 조동혁 외",신설,터치 (2020년 1월 3일 ~ 2020년 2월 22일)
왓쳐,심리 스릴러,OCN,2019년 7월 6일 ~ 2019년 8월 25일,"토요일, 일요일 밤 10시 20분",70분,16부작,최진희,,,스튜디오드래곤,안길호,한상운,"한석규, 서강준, 김현주 외",보이스 3 (2019년 5월 11일 ~ 2019년 6월 30일),타인은 지옥이다 (2019년 8월 31일 ~ 2019년 10월 6일)
타인은 지옥이다,"스릴러, 공포, 범죄",OCN,2019년 8월 31일 ~ 2019년 10월 6일,토요일 일요일 밤 10시 30분 ~ 11시 50분,60분,10부작,OCN,,"박세은, 이민진","영화사 우상, 스튜디오N",이창희,정이도,"임시완, 이동욱, 이정은, 이현욱 외",왓쳐 (2019년 7월 6일 ~ 2019년 8월 25일),모두의 거짓말 (2019년 10월 12일 ~ 2019년 12월 1일)
인서울 - 내가 독립하는 유일한 방법,,,,,,,,,,,,,,,
,,,,,,,,,,,,,,,
웰컴2라이프,"법률, 로맨스, 코미디, 수사",MBC TV,2019년 8월 5일 ~ 2019년 9월 24일,"매주 월, 화 밤 8:55 ~ 10:05",70분 (1회당 35분),32부작,신현창,,,김종학프로덕션,"김근홍, 심소연",유희경,"정지훈, 임지연, 곽시양 외",검법남녀 2 (2019년 6월 3일 ~ 2019년 7월 29일),365 : 운명을 거스르는 1년 (2020년 3월 23일 ~ 2020년 4월 28일)
너의 노래를 들려줘,드라마,KBS 2TV,2019년 8월 5일 ~ 2019년 9월 24일,"매주 월요일, 화요일 밤 10:00 ~ 11:10",1시간 10분 (1회당 35분 / 2회 연속방송),32부작,KBS 드라마본부,,,JP E&M,"이정미, 최상열",김민주,"연우진, 김세정, 송재림, 박지연 외",퍼퓸 (2019년 6월 3일 ~ 2019년 7월 23일),조선로코 - 녹두전 (2019년 9월 30일 ~ 2019년 11월 25일)
17세의 조건,청춘 드라마,SBS,2019년 8월 5일 ~ 2019년 8월 6일,"매주 월, 화 밤 10:00 ~ 11:10",70분,2부작,SBS 드라마본부,,SBS 드라마운영팀,더스토리웍스,조영민,류보리,"윤찬영, 박시은 외",초면에 사랑합니다 (2019년 5월 6일 ~ 2019년 6월 25일),VIP (2019년 10월 28일 ~ 2019년 12월 24일)
힙합왕 - 나스나길,"음악, 청춘, 드라마",SBS,2019년 8월 9일 ~ 2019년 9월 13일,매주 금요일 밤 11:10 ~ 12:20,70분,6부작,,,,"(주)지포틴엔터테인먼트, 실크우드",이준형,권수민,"이호원, 이나은, 신원호, 한현민 외",더 뮤지컬 (2011년 9월 2일 ~ 2011년 12월 23일),펜트하우스 3 (2021년 6월 4일 ~2021년 9월 10일)
호텔 델루나,"드라마, 판타지, 호러, 로맨스",tvN,2019년 7월 13일 ~ 2019년 9월 1일,"매주 토, 일 밤 9시 10분~10시 40분",,16부작,스튜디오드래곤,,,(주)지티스트,"오충환, 김정현","홍정은, 홍미란","아이유, 여진구 외",아스달 연대기 - 상 (2019년 6월 1일 ~ 2019년 7월 7일),아스달 연대기 - 하 (2019년 9월 7일 ~ 2019년 9월 22일)
생일편지,"시대극, 전쟁, 드라마",KBS 2TV,2019년 9월 11일 ~ 2019년 9월 12일,"수요일 밤 10:00 ~ 11:10, 목요일 밤 9:55 ~ 11:10",35분,4부작,문준하 (KBS 드라마본부),함영훈,,에이스팩토리,김정규,배수영,"전무송, 정영숙, 송건희, 조수민 외",,
꽃파당: 조선혼담공작소,사극,JTBC,2019년 9월 16일 ~ 2019년 11월 5일,매주 월요일 화요일 밤 9시 30분,1시간 15분,16부작,JTBC,조준형,,"블러썸스토리, JP E&M","김가람, 임현욱",,"김민재, 공승연, 서지훈, 박지훈, 변우석, 고원희, 박호산, 정재성",열여덟의 순간 (2019년 7월 22일 ~ 2019년 9월 10일),보좌관 2 - 세상을 움직이는 사람들 (2019년 11월 11일 ~ 2019년 12월 10일)
시크릿 부티크,"멜로, 복수, 미스터리",SBS TV,2019년 9월 18일 ~ 2019년 11월 28일,"매주 수, 목 밤 10:00 ~ 11:10",70분,16부작,SBS 드라마본부,,,더스토리웍스,박형기,허선희,"김선아, 장미희, 박희본, 고민시, 김재영, 김태훈 외",닥터 탐정 (2019년 7월 17일 ~ 2019년 9월 5일),미정
에이틴 / 에이틴 시즌 2,,,,,,,,,,,,,,,
쌉니다 천리마마트,드라마,tvN,2019년 9월 20일 ~ 2019년 12월 6일,매주 금요일 오후 11시,,12부작,이명한,,,"STUDIO N[1], CJ ENM","백승룡, 조은솔, 손용락",김솔지,"김병철, 이동휘 외",막돼먹은 영애씨 시즌 17 (2019년 2월 8일 ~ 2019년 4월 26일),-
세상에서 제일 예쁜 내 딸,"가족, 멜로, 복수, 막장","KBS 2TV 방송 로고 KBS2HD(디지털 텔레비전), KBS2(아날로그 텔레비전)",2019년 3월 23일 ~ 2019년 9월 22일,매주 주말 저녁 7시 55분 ~ 밤 9시 15분,1시간 20분,108부작,문준하 (KBS 드라마본부),이건준 (KBS 드라마운영팀),"이재훈, 이승범","지앤지프로덕션, 미디어그룹 테이크투",김종창,조정선,"김해숙, 김소연, 홍종현, 유선 외",하나뿐인 내편 (2018년 9월 15일 ~ 2019년 3월 17일),사랑은 뷰티풀 인생은 원더풀 (2019년 9월 28일 ~ 2020년 3월 22일)
아스달 연대기,판타지 사극,tvN,2019년 6월 1일 ~ 2019년 7월 7일 (상) 2019년 9월 7일 ~ 2019년 9월 22일 (하),"매주 토요일, 일요일 밤 9시 ~ 10시 55분",70분,18부작,최진희,김영규,"조남형, 신예지, 함승훈","스튜디오 드래곤, KPJ",김원석,"김영현, 박상연","장동건, 송중기, 김지원, 김옥빈 외",자백 (2019년 3월 23일 ~ 2019년 5월 12일),호텔 델루나 (2019년 7월 13일 ~ 2019년 9월 1일)
,,,,,,,,,,,,,,tvN 토일 드라마,tvN 토일 드라마
,,,,,,,,,,,,,,호텔 델루나 (2019년 7월 13일 ~ 2019년 9월 1일),날 녹여주오 (2019년 9월 28일 ~ 2019년 11월 17일)
청일전자 미쓰리,드라마,tvN,2019년 9월 25일 ~ 2019년 11월 14일,"매주 수요일, 목요일 밤 9시 30분",,16부작,,,,스튜디오 드래곤 / 로고스필름,한동화,박정화,"이혜리, 김상경 외",악마가 너의 이름을 부를 때 (2019년 7월 31일 ~ 2019년 9월 19일),싸이코패스 다이어리 (2019년 11월 20일 ~ 2020년 1월 9일)
신입사관 구해령,"사극, 로맨스, 코미디",MBC,2019년 7월 17일 ~ 2019년 9월 26일,"매주 수요일, 목요일 저녁 8:55 ~ 밤 10:05",1시간 10분 (1회당 35분),40부작,손형석,,,초록뱀미디어,"강일수, 한현희",김호수,"신세경, 차은우 외",봄밤 (2019년 5월 22일 ~ 2019년 7월 11일),어쩌다 발견한 하루 (2019년 10월 2일 ~ 2019년 11월 21일)
멜로가 체질,"멜로, 로맨스, 드라마",JTBC,2019년 8월 9일 ~ 2019년 9월 28일,"매주 금요일, 토요일 밤 10시 50분 ~ 12시 20분",,16부작 + 스페셜 1부작,JTBC,함영훈,,삼화네트웍스,"이병헌, 김혜영",,"천우희, 전여빈, 한지은, 안재홍, 공명 외",보좌관 - 세상을 움직이는 사람들 (2019년 6월 14일 ~ 2019년 7월 13일),나의 나라 (2019년 10월 4일 ~ 2019년 11월 23일)
사랑은 뷰티풀 인생은 원더풀,"복수, 범죄, 미스테리, 멜로, 피카레스크, 막장, 가족, 로맨틱 코미디",KBS 2TV,2019년 9월 28일 ~ 2020년 3월 22일,매주 주말 저녁 7:55 ~ 밤 9:15,1시간 20분 (1회당 40분 / 2회 연속 방송),100부작 + 스페셜 4부작,황의경 (KBS 드라마본부),배경수 (KBS 드라마운영팀),"이은진, 최상열",HB엔터테인먼트,한준서,,"설인아, 김재영, 조윤희, 윤박, 오민석 외",세상에서 제일 예쁜 내 딸 (2019년 3월 23일 ~ 2019년 9월 22일),한 번 다녀왔습니다 (2020년 3월 28일 ~ 2020년 9월 13일)
조선로코-녹두전,"로맨스, 사극",KBS 2TV,2019년 9월 30일 ~ 2019년 11월 25일,"매주 월요일, 화요일 밤 10:00 ~ 11:10",1시간 10분 (1회당 35분 / 2회 연속방송),32부작,KBS 드라마본부,,,"프로덕션H, 몬스터유니온, 조선로코녹두전문화산업전문회사","김동휘, 강수연","임예진, 백소연","장동윤, 김소현, 강태오, 정준호, 김태우, 윤유선, 이승준 외",너의 노래를 들려줘 (2019년 8월 5일 ~ 2019년 9월 24일),계약우정 (2020년 4월 6일 ~ 2020년 4월 14일)
닥터 탐정,"범죄, 수사, 서스펜스",SBS,2019년 7월 17일 ~ 2019년 9월 5일,"매주 수, 목 밤 10:00 ~ 11:10",70분,16부작,박영수,,이광순 서균,더스토리웍스,박준우,송윤희,"박진희, 봉태규, 이기우 외",절대 그이 (2019년 5월 15일 ~ 2019년 7월 11일),시크릿 부티크 (2019년 9월 18일 ~ 2019년 11월 28일)
미스터 기간제,"추리, 범죄, 스릴러",OCN,2019년 7월 17일 ~ 2019년 9월 5일,"매주 수요일, 목요일 밤 11시 ~ 12시 20분",60분,16부작,스튜디오드래곤,장정도,박정준,제이에스픽쳐스,"성용일, 박지현",장홍철,"윤균상, 금새록, 이준영, 최유화 외",구해줘 2  (2019년 5월 8일 ~ 2019년 6월 27일),달리는 조사관  (2019년 9월 18일 ~ 2019년 10월 31일)
저스티스,"정치, 스릴러, 서스펜스",KBS 2TV,2019년 7월 17일 ~ 2019년 9월 5일,"매주 수요일, 목요일 밤 10:00 ~ 11:10",1시간 10분 (1회당 35분 / 2회 연속방송),32부작,문준하 (KBS 드라마본부),이건준 (KBS 드라마운영팀),,"프로덕션 H, FN 엔터테인먼트","조웅, 황승기",정찬미,"최진혁, 손현주, 나나, 박성훈 외","단, 하나의 사랑 (2019년 5월 22일 ~ 2019년 7월 11일)",동백꽃 필 무렵 (2019년 9월 18일 ~ 2019년 11월 21일)
,,,,,,,,,,,,,,KBS 월드 24 화~금 오전 7시 50분 (재: 화~금 오후 10시 50분),KBS 월드 24 화~금 오전 7시 50분 (재: 화~금 오후 10시 50분)
,,,,,,,,,,,,,,강이 되어 만나리 (2020년 5월 26일 ~ 2021년 5월 5일),폐지
의사요한,"휴먼, 메디컬",SBS,2019년 7월 19일~9월 7일,"매주 금요일, 토요일 밤 10:00 ~ 11:10","1시간 10분 (1부 40분, 2부 30분)",16부작,SBS 드라마본부,,SBS 드라마운영팀,KPJ,"조수원, 김영환, 이계준",김지운,"지성, 이세영, 이규형, 황희 외",녹두꽃 (2019년 4월 26일 ~ 2019년 7월 13일),배가본드 (2019년 9월 20일 ~ 2019년 11월 23일)
99억의 여자,"스릴러, 서스펜스",KBS 2TV,2019년 12월 4일 ~ 2020년 1월 23일,"매주 수요일, 목요일 밤 10시 ~ 11시 10분",70분 (1회당 35분 / 2회 연속방송),32부작,KBS 드라마본부,,,빅토리콘텐츠,김영조,한지훈,"조여정, 김강우, 정웅인, 오나라, 이지훈 외",동백꽃 필 무렵 (2019년 9월 18일 ~ 2019년 11월 21일),포레스트 (2020년 1월 29일 ~ 2020년 3월 19일)
나쁜 사랑,드라마,MBC,2019년 12월 2일 ~ 2020년 5월 29일,매주 평일 아침 7:50 ~ 8:30,40분,129부작,장재훈,,,,김미숙,,"신고은, 이선호, 오승아, 윤종화, 전승빈 외",모두 다 쿵따리 (2019년 7월 16일 ~ 2019년 11월 29일),찬란한 내 인생 (2020년 6월 29일 ~ 2021년 1월 8일)
하자있는 인간들,로맨틱 코미디,MBC,2019년 11월 27일 ~ 2020년 1월 16일,"매주 수, 목 저녁 8시 55분 ~ 밤 10시 5분",1시간 10분,32부작,손형석,,,에이스토리,오진석,,"오연서, 안재현, 전태열, 김슬기, 구원, 허정민 외",어쩌다 발견한 하루 (2019년 10월 2일 ~ 2019년 11월 21일),더 게임: 0시를 향하여 (2020년 1월 22일 ~ 2020년 3월 12일)
신비아파트 외전: 연애공식 구하리,"TV 드라마, 호러, 로맨스",투니버스,2020년 1월 17일[1] ~ 2020년 4월 3일,금요일 21:00~,12부작,,투니버스,,,,,,"박지예, 현준, 김도민, 배규리, 송지현, 김범수, 유병훈, 이슬 등",,
엑스가리온,,,,,,,,,,,,,,,
,,,,,,,,,,,,,,,
더 게임: 0시를 향하여,"미스터리, 범죄, 수사",MBC,2020년 1월 22일 ~ 2020년 3월 12일,"매주 수, 목 저녁 8시 55분 ~ 밤 10시 5분",45분,32부작,,,,몽작소,장준호,,"옥택연, 이연희, 임주환 외",하자있는 인간들 (2019년 11월 27일 ~ 2020년 1월 16일),그 남자의 기억법 (2020년 3월 18일 ~ 2020년 5월 13일)
터치,,,,,,,,,,,,,,,
이태원 클라쓰,"드라마, 로맨스","JTBC, 넷플릭스",2020년 1월 31일 ~ 2020년 3월 21일,"매주 금, 토 밤 10시 50분 ~ 12시 30분",70분,16부작,,,,,김성윤,,"박서준, 김다미, 유재명, 권나라, 김동희, 안보현, 김혜은, 류경수 (배우), 이주영 , 이다윗 외",초콜릿 (2019년 11월 29일 ~ 2020년 1월 18일),부부의 세계 (2020년 3월 27일 ~ 2020년 5월 16일)
싸이코패스 다이어리,"스릴러, 범죄",tvN,2019년 11월 20일 ~ 2020년 1월 9일,"매주 수요일, 목요일 밤 9시 30분 ~ 10시 50분",70분,16부작,스튜디오드래곤,,,"스튜디오드래곤, 키이스트","이종재, 최영수","류용재, 김환채, 최성준","윤시윤, 정인선, 박성훈 외",청일전자 미쓰리 (2019년 9월 25일 ~ 2019년 11월 14일),머니게임 (2020년 1월 15일 ~ 2020년 3월 5일)
미씽: 그들이 있었다,"미스터리, 판타지",OCN,2020년 8월 29일 ~ 2020년 10월 11일,매주 토요일 일요일 밤 10시 30분,,12부작,스튜디오드래곤,"장정도, CP 박제영",박정준,메이스엔터테인먼트,민연홍,"반기리, 정소영","고수, 허준호, 안소희, 하준 외",트레인 (2020년 7월 11일 ~ 2020년 8월 16일),써치 (2020년 10월 17일 ~ 2020년 11월 15일)
누가 뭐래도,"가족, 로맨스",KBS 1TV (본방송),2020년 10월 12일 ~ 2021년 3월 26일,매주 평일 저녁 8:30 ~ 밤 9:00,30분,120부작,,김상휘 (KBS 드라마운영팀),김수진,KBS 드라마본부,성준해,,"나혜미, 최웅, 정민아, 정헌 외",기막힌 유산 (2020년 4월 20일 ~ 2020년 10월 9일),속아도 꿈결 (2021년 3월 29일 ~ 2021년 10월 1일)
내가 가장 예뻤을 때,드라마,MBC TV,2020년 8월 19일 ~ 2020년 10월 15일,"매주 수요일, 목요일 밤 9시 30분 ~ 10시 50분 [1회~7회] 매주 수요일, 목요일 밤 9시 20분 ~ 10시 40분 [8회~16회]",80분,16부작,,,,"메이퀸픽쳐스, 래몽래인","오경훈, 송연화",,"임수향, 지수, 하석진, 황승언 외",십시일반 (2020년 7월 22일 ~ 2020년 8월 13일),나를 사랑한 스파이 (2020년 10월 21일 ~2020년 12월 17일)
써치,밀리터리 스릴러,OCN,2020년 10월 17일 ~ 2020년 11월 15일,토요일 일요일 10시 30분,,10부작,OCN STUDIO,,,영화사 반딧불,"임대웅, 명현우","구모 , 고명주","장동윤, 정수정, 윤박, 문정희, 이현욱 외",미씽: 그들이 있었다 (2020년 8월 29일 ~ 2020년 10월 11일),경이로운 소문 (2020년 11월 28일 ~ 2021년 1월 24일)
브람스를 좋아하세요?,"클래식, 멜로, 드라마",SBS,2020년 8월 31일 ~ 2020년 10월 20일,"매주 월, 화 밤 10:00 ~ 11:10","70분 (1부, 2부 분할 방송)",16부작,SBS 드라마본부,,,스튜디오 S,조영민,,"박은빈, 김민재, 김성철, 박지현",굿캐스팅 (2020년 4월 27일 ~ 2020년 6월 16일),펜트하우스 (2020년 10월 26일 ~ 2021년 1월 5일)
나를 사랑한 스파이,"액션, 첩보, 멜로",MBC,2020년 10월 21일 ~ 2020년 12월 17일,"매주 수, 목 밤 9시 20분 ~ 10시 40분",80분,16부작,김승모 (MBC 드라마운영팀),,,글앤그림미디어,"이재진, 강인",,"에릭, 유인나, 임주환 외",내가 가장 예뻤을 때 (2020년 8월 19일 ~ 2020년 10월 15일),오! 주인님 (2021년 3월 24일 ~ 2021년 5월 13일)
앨리스,판타지 드라마,SBS TV,2020년 8월 28일~10월 24일,"매주 금요일, 토요일 밤 10:00 ~ 11:10",1시간 10분,16부작,SBS 드라마본부,,,스튜디오S,"백수찬, 김재현","김규원, 강철규, 김가영","김희선, 주원, 곽시양, 이다인, 김상호, 최원영 외",편의점 샛별이 (2020년 6월 19일 ~ 2020년 8월 8일),날아라 개천용 (2020년 10월 30일 ~ 2021년 1월 23일)
거짓말의 거짓말,"멜로, 서스펜스",채널A,2020년 9월 4일 ~ 2020년 10월 24일,"매주 금요일, 토요일 오후 10시 50분 ~ 오전 0시 10분",80분,16부작,정회욱 채널A,박종은 제작총괄: 김상근,"홍상욱, 최지영",래몽래인,김정권,김지은,"이유리, 연정훈, 이일화, 권화운, 이원종, 임주은",유별나! 문셰프 (2020년 3월 27일 ~ 2020년 5월 16일),-
카이로스,"타임 크로싱, 판타지, 스릴러",MBC,2020년 10월 26일 ~ 2020년 12월 22일,매주 월요일 ~ 화요일 오후 9시 20분 ~ 오후 10시 40분,1시간 20분,16부작,권성창,김호준,,"오에이치스토리, 블러썸스토리","박승우, 성치욱",이수현,"신성록, 이세영, 안보현, 남규리 외",저녁 같이 드실래요 (2020년 5월 25일 ~ 2020년 7월 14일),미정
날아라 개천용,법률,SBS TV,2020년 10월 30일 ~ 2021년 1월 23일,"매주 금, 토 밤 10:00 ~ 11:10",70분,20부작,스튜디오 S,"조성훈, 홍성창",,스튜디오 앤 뉴,"곽정환, 박상빈",,"권상우, 정우성, 김주현, 이정재 외",앨리스 (2020년 8월 28일 ~ 2020년 10월 24일),펜트하우스 2 (2021년 2월 19일 ~ 2021년 4월 2일)
비밀의 숲 2,"스릴러, 범죄",tvN,2020년 8월 15일~2020년 10월 4일,"매주 토요일, 일요일 오후 9시15분",70분,16부작,스튜디오드래곤,유상원,"안창호, 정연지",에이스팩토리,박현석,이수연,"조승우, 배두나, 전혜진, 최무성, 이준혁, 윤세아 외",사이코지만 괜찮아 (2020년 6월 20일~2020년 8월 9일),스타트업 (2020년 10월 17일~2020년 12월 6일)
나의 위험한 아내,,,,,,,,,,,,,,,
,,,,,,,,,,,,,,,
,,,,,,,,,,,,,,,
,,,,,,,,,,,,,,,
,,,,,,,,,,,,,,,
사생활,드라마,JTBC,2020년 10월 7일 ~ 2020년 11월 26일,매주 수요일 ~ 목요일 밤 9시 30분 ~ 11시,90분,16부작,JTBC,,,도레미엔터테인먼트,남건,유성열,"서현, 고경표, 김효진, 김영민 외","우리, 사랑했을까 (2020년 7월 8일 ~ 2020년 9월 2일)",런 온 (2020년 12월 16일 ~ 2021년 2월 4일)
도도솔솔라라솔,로맨틱 코미디,KBS 2TV,2020년 10월 7일 ~ 2020년 11월 26일,"매주 수요일, 목요일 밤 9:30 ~ 10:40","70분 (1회당 1부 40분 , 2부 30분 분할방송)",16부작,KBS 드라마본부,윤재혁 (KBS 드라마운영팀),,몬스터유니온,"김민경, 구성준",오지영,"고아라, 이재욱, 김주헌, 예지원, 이순재, 신은수 외",출사표 (2020년 7월 1일 ~ 2020년 8월 20일),바람피면 죽는다 (2020년 12월 2일 ~ 2021년 1월 28일)
구미호뎐,판타지 액션 로맨스,tvN,2020년 10월 7일 ~ 2020년 12월 3일,"매주 토, 일 밤 9시 25분 ~",70분(1시간10분),16부작,"스튜디오드래곤, ㈜플러스엠엔터테인먼트","CP 신선주, 라보라, 유몽열 SD",이상희,"스튜디오드래곤, 하우픽쳐스, ㈜플러스엠엔터테인먼트","강신효, 조남형",,"이동욱, 조보아, 김범 외",악의 꽃 (2020년 7월 29일 ~ 2020년 9월 23일),여신강림 (2020년 12월 9일 ~ 2021년 2월 4일)
기막힌 유산,"코미디, 가족, 로맨스",KBS 1TV (본방송),2020년 4월 20일 ~ 2020년 10월 9일,매주 평일 저녁 8:30 ~ 밤 9:00,30분,122부작,,김상휘 (KBS 드라마운영팀),이웅희,KBS 드라마본부,김형일,김경희[1],"박인환, 강세정, 신정윤 외",꽃길만 걸어요 (2019년 10월 28일 ~ 2020년 4월 17일),누가 뭐래도 (2020년 10월 12일 ~ 2021년 3월 26일)
트웬티트웬티,,,,,,,,,,,,,,,
제발 그 남자 만나지 마요,로맨틱 코미디,MBC every1,MBC every1 : 2020년 11월 10일 ~ 2021년 1월 12일 MBC TV : 2020년 11월 16일 ~ 2021년 1월 18일,MBC every1 : 화요일 밤 10시 40분 ~ MBC TV : 월요일 밤 10시 40분 ~,70분,10부작,최윤정,,,코너스톤 픽쳐스,오미경,,"송하윤, 이준영, 공민정, 윤보미 외",연애는 귀찮지만 외로운 건 싫어! (2020년 8월 11일 ~ 2020년 10월 13일),러브 씬 넘버 (2021년 2월 1일 ~ 2021년 2월 8일)
라이브온,드라마,JTBC,2020년 11월 17일 ~ 2021년 1월 12일,매주 화요일밤 9시 30분 (1회~3회)  매주 화요일밤 9시 (4회~8회),70분,8부작,,"함영훈, 박우람",박영진,,김상우,방유정,"황민현, 정다빈, 노종현, 양혜지, 연우, 최병찬, 우연 외",,
산후조리원,"멜로, 가족, 코미디",tvN,2020년 11월 2일 ~ 2020년 11월 24일,"매주 월, 화 밤 9:00 ~ 10:10",70분,8부작,최진희,,,"tvN, (주)래몽래인",박수원,,"엄지원, 박하선, 장혜진, 윤박, 최리 외",청춘기록 (2020년 9월 7일 ~ 2020년 10월 27일),낮과 밤 (2020년 11월 30일 ~ 2021년 1월 19일)
복수해라,"복수, 로맨스, 서스펜스",TV CHOSUN,2020년 11월 21일 ~ 2021년 1월 17일,매주 토요일 ~ 일요일 밤 9시 ~ 10시 13분,"80분 (1부, 2부 분할방송)",16부작,정회석,,"정형서, 박채원","하이그라운드, 이야기사냥꾼",강민구,,"김사랑, 윤현민, 유선, 정욱 외",바람과 구름과 비 (2020년 5월 17일 ~ 2020년 7월 26일),결혼작사 이혼작곡 (2021년 1월 23일 ~ 2021년 3월 14일)
낮과 밤,"범죄, 미스터리, 서스펜스",tvN,2020년 11월 30일 ~ 2021년 1월 19일,"매주 월, 화 밤 9시 ~",70분,16부작,스튜디오드래곤,,"손기원, 김남표, 김재헌","김종학프로덕션, 스토리바인픽쳐스",김정현,,"남궁민, 이청아, 김설현 외",산후조리원 (2020년 11월 2일 ~ 2020년 11월 24일),루카 (2021년 2월 1일 ~ 2021년 3월 9일)
철인왕후,"사극, 로맨스, 코미디",tvN,2020년 12월 12일 ~ 2021년 2월 14일,"매주 토, 일 밤 9시 15분~10시 35분",,20부작,"스튜디오드래곤 강철구, 김영규","이찬호, 제작총괄: 백충화 조광휘","박재섭, 김근영","YG STUDIOPLEX, 크레이브웍스","윤성식, 장양호",,"신혜선, 김정현 외",스타트업  (2020년 10월 17일~2020년 12월 6일),빈센조 (2021년 2월 20일~2021년 5월 2일)
런 온,로맨스,JTBC,2020년 12월 16일 ~ 2021년 2월 4일,매주 수요일 ~ 목요일 오후 9시 ~,70분,16부작,JTBC 드라마본부,김형철,,"메이스, 콘텐츠 지음",이재훈,박시현,"임시완, 신세경 최수영, 강태오외",사생활 (2020년 10월 7일 ~ 2020년 11월 26일),시지프스 : the myth (2021년 2월 17일 ~ 2021년 4월 8일)
스타트업,로맨틱 코미디 드라마,tvN,2020년 10월 17일 ~ 2020년 12월 6일,"매주 토, 일 밤 9시 15분 ~ 10시 40분",,16부작,스튜디오드래곤,유상원,"손사영, 임형섭, 권경현",하이스토리,"오충환, 배현진",,"배수지, 남주혁, 김선호, 강한나 외",비밀의 숲 2  (2020년 8월 15일 ~ 2020년 10월 4일),철인왕후 (2020년 12월 12일 ~ 2021년 2월 14일)
여신강림,"드라마, 로맨스, 코미디",tvN,2020년 12월 9일 ~ 2021년 2월 4일,"수, 목 밤 10시 40분 ~ 11시 50",70분,16부작,"tvN, 스튜디오드래곤","김영규, 송진선",,"스튜디오N,[1] 본팩토리","김상협, 박지현",이시은,"문가영, 차은우, 황인엽, 박유나 외",구미호뎐 (2020년 10월 7일 ~ 2020년 12월 3일),마우스 (2021년 3월 3일 ~ 2021년 5월 19일)
본 대로 말하라,드라마,OCN,2020년 2월 1일 ~ 2020년 3월 22일,"토요일, 일요일 밤 10시 50분 ~ 12시 10분",60분,16부작,스튜디오드래곤,,,"스튜디오드래곤, 에이치하우스",김상훈,"고영재, 한기현","장혁, 수영, 진서연 외",모두의 거짓말 (2019년 10월 12일 ~ 2019년 12월 1일),루갈 (2020년 3월 28일 ~ 2020년 5월 17일)
사랑의 불시착,로맨틱 드라마[1] 로맨틱 코미디[2],tvN,2019년 12월 14일 ~ 2020년 2월 16일,"매주 토요일, 일요일 밤 9:10 ~ 11:00",,16부작,스튜디오 드래곤,"이지현 ,강진이 운현기, 장영우",이세희,"문화창고, 스튜디오 드래곤","이정효, 김희원, 김나영",박지은,"현빈, 손예진, 서지혜, 김정현, 전국환 외",날 녹여주오 (2019년 9월 28일 ~ 2019년 11월 17일),"하이바이, 마마! (2020년 2월 22일 ~ 2020년 4월 19일)"
안녕 드라큘라,드라마,JTBC,2020년 2월 17일 ~ 2020년 2월 18일,,,2부작,,,,드라마하우스,김다예,하정윤,"서현, 이지현, 이주빈, 고나희, 서은율 외",,
하이에나,,,,,,,,,,,,,,,
"하이바이, 마마!",휴먼 판타지 드라마,tvN,2020년 2월 22일 ~ 2020년 4월 19일,매주 토요일 밤 9시 10분 ~ 10시 35분 매주 일요일 밤 9시 10분 ~ 10시 32분,,16부작,스튜디오드래곤,,,"스튜디오드래곤, 엠아이",유제원,권혜주,"김태희, 이규형, 고보결, 서우진, 김미경, 박수영, 김미수, 신동미 외",사랑의 불시착 (2019년 12월 14일 ~ 2020년 2월 16일),화양연화 - 삶이 꽃이 되는 순간 (2020년 4월 25일 ~ 2020년 6월 14일)
낭만닥터 김사부 2,"메디컬, 휴머니즘, 로맨스",SBS,2020년 1월 6일~2020년 2월 25일,"매주 월요일, 화요일 밤 9:40~11:00","80분(회당 1, 2부 분할방송) ※ 최종회만 1, 2, 3부 분할방송",16부작,홍성창(SBS 드라마본부),,"박현지, 송혜진",삼화네트웍스,"유인식, 이길복",,"한석규, 안효섭, 이성경, 김주헌 외",VIP (2019년 10월 28일~2019년 12월 24일),아무도 모른다 (2020년 3월 2일~2020년 4월 21일)
블랙독,드라마,tvN,2019년 12월 16일 ~ 2020년 2월 4일,"매주 월, 화 밤 9시 30분",,16부작,스튜디오드래곤,,,얼반웍스,황준혁,박주연,"서현진, 라미란, 하준 이창훈외",유령을 잡아라 (2019년 10월 21일 ~ 2019년 12월 10일),방법 (2020년 2월 10일 ~ 2020년 3월 17일)
간택 - 여인들의 전쟁,"로맨스, 사극",TV조선,2019년 12월 14일 ~ 2020년 2월 9일,"매주 토요일, 일요일 밤 11시 ~ 밤 12시",60분,16부작,정회석,,정형서,"하이그라운드, 코탑미디어",김정민,최수미,"진세연, 김민규, 도상우, 이열음, 이시언 외",조선 생존기 (2019년 6월 8일 ~ 2019년 8월 17일),바람과 구름과 비 (2020년 5월 17일 ~ 2020년 7월 26일)
방법,미스터리 스릴러,tvN,2020년 2월 10일 ~ 2020년 3월 17일,"매주 월, 화 밤 9시 30분 ~ 10시 40분",,12부작,스튜디오드래곤,장정도,이정묵,레진 스튜디오,김용완,연상호,"엄지원, 정지소, 성동일, 조민수 외",블랙독 (2019년 12월 16일 ~ 2020년 2월 4일),반의 반 (2020년 3월 23일 ~ 2020년 4월 28일)
그 남자의 기억법,"로맨스, 휴먼, 멜로",MBC TV,2020년 3월 18일 ~ 2020년 5월 13일,"매주 수요일, 목요일 밤 8시 55분 ~ 10시 5분",70분,32부작,손형석,,,초록뱀미디어,"오현종, 이수현",,"김동욱, 문가영 외",더 게임: 0시를 향하여 (2020년 1월 22일 ~ 2020년 3월 12일),꼰대인턴 (2020년 5월 20일 ~ 2020년 7월 1일)
포레스트,"메디컬, 로맨스",KBS 2TV,2020년 1월 29일 ~ 2020년 3월 19일,"매주 수요일, 목요일 밤 10시 ~ 11시 10분",70분 (1회당 35분 / 2회 연속방송),32부작,KBS 드라마본부,,,"iHQ, 스타포스, 가지컨텐츠",오종록,이선영,"박해진, 조보아 외",99억의 여자 (2019년 12월 4일 ~ 2020년 1월 23일),어서와 (2020년 3월 25일 ~ 2020년 4월 30일)
365: 운명을 거스르는 1년,"판타지, 미스터리, 스릴러",MBC TV,2020년 3월 23일 ~ 2020년 4월 28일,"매주 월, 화 밤 8시 55분 ~ 10시 5분",70분,24부작,,,,HB엔터테인먼트,김경희,,"이준혁, 남지현, 김지수 외",웰컴2라이프 (2019년 8월 5일 ~ 2019년 9월 24일),저녁 같이 드실래요? (2020년 5월 25일 ~ 2020년 7월 14일)
반의 반,멜로,tvN,2020년 3월 23일 ~ 2020년 4월 28일,"매주 월, 화 밤 9시",70분,12부작,스튜디오드래곤,,,"THE UNICORN, (주)무비락",이상엽,,"정해인, 채수빈, 이하나, 김성규 외",방법 (2020년 2월 10일 ~ 2020년 3월 17일),외출 (2020년 5월 4일 ~ 2020년 5월 5일)
어서와,판타지 로코 드라마,KBS 2TV,2020년 3월 25일 ~ 2020년 4월 30일,"매주 수요일, 목요일 밤 10:00 ~ 11:10",70분 (1회당 35분 / 2회 연속방송),24부작,KBS 드라마본부,강병택 (KBS 드라마운영팀),,길픽쳐스,지병현,주화미,"김명수, 신예은, 서지훈, 윤예주, 강훈 외",포레스트 (2020년 1월 29일 ~ 2020년 3월 19일),영혼수선공 (2020년 5월 6일 ~ 2020년 6월 25일)
우아한 모녀,"미스터리, 복수, 멜로",KBS 2TV,2019년 11월 4일 ~ 2020년 3월 27일,매주 평일 저녁 7:50 ~ 8:30 (본방송) 매주 목요일 낮 12:10 ~ 오후 1:50 (재방송),40분,103부작,김상휘 (KBS 드라마본부),문준하 (KBS 드라마운영팀),이대경,아이윌미디어,어수선,오상희,"최명길, 차예련, 김흥수, 오채이 외",태양의 계절 (2019년 6월 3일 ~ 2019년 11월 1일),위험한 약속 (2020년 3월 30일 ~ 2020년 8월 28일)
유별나! 문셰프,드라마,채널A,2020년 3월 27일 ~ 2020년 5월 16일,"매주 금, 토 오후 10시50분 ~ 오전 12시10분",60분,16부작,채널A,,,"스토리네트웍스, 글로빅엔터테인먼트",최도훈 정헌수,정유리 김경수,"에릭, 고원희 외",터치 (2020년 1월 3일 ~ 2020년 2월 22일),거짓말의 거짓말 (2020년 9월 4일 ~ 2020년 10월 24일)
부부의 세계,"드라마, 멜로, 복수, 막장",JTBC,2020년 3월 27일 ~ 2020년 5월 16일,"정규 방송 시간: 매주 금, 토 밤 10시 50분 ~ 12시 30분[1] 스페셜 방송 시간: 밤 10시 50분 ~ 12시 20분 (5월 22일, 5월 23일)",70분,16부작 + 스폐셜 2부작,JTBC,,,드라마하우스 (JTBC스튜디오),"모완일, 김성진",,"김희애, 박해준, 한소희, 박선영, 김영민 외",이태원 클라쓰 (2020년 1월 31일 ~ 2020년 3월 21일),우아한 친구들 (2020년 7월 10일 ~ 2020년 9월 5일)
한 번 다녀왔습니다,드라마,KBS 2TV,2020년 3월 28일 ~ 2020년 9월 13일,매주 주말 저녁 7:55 ~ 밤 9:15,1시간 20분 (1회당 40분 / 2회 연속 방송),100부작,문준하 → 김상휘 (KBS 드라마본부),황의경 (1회 ~ 4회) → 기민수 (5회 ~ 100회) (KBS 드라마운영팀),송민엽,"스튜디오드래곤, 본팩토리",이재상,,"천호진, 차화연, 이민정, 이상엽, 오대환, 오윤아 외",사랑은 뷰티풀 인생은 원더풀 (2019년 9월 28일 ~ 2020년 3월 22일),오! 삼광빌라! (2020년 9월 19일 ~ 2021년 3월 7일)
위험한 약속,"복수, 멜로",KBS 2TV,2020년 3월 30일 ~ 2020년 8월 28일,매주 평일 저녁 7:50 ~ 8:30,40분,104부작,기민수 (KBS 드라마본부),"이황선 (KBS 예능, 드라마운영팀)","이민수, 백승민",메가몬스터,김신일[1],"마주희, 최수영","박하나, 고세원, 강성민, 박영린, 이창욱 외",우아한 모녀 (2019년 11월 4일 ~ 2020년 3월 27일),비밀의 남자 (2020년 9월 7일 ~ 2021년 2월 10일)
머니게임,금융,tvN,2020년 1월 15일 ~ 2020년 3월 5일,밤 9시 30분 ~ 밤 10시 55분,70분,16부작,스튜디오드래곤,,,제이에스픽쳐스,김상호,,"고수, 이성민, 심은경 외",싸이코패스 다이어리 (2019년 11월 20일 ~ 2020년 1월 9일),메모리스트 (2020년 3월 11일 ~ 2020년 4월 30일)
계약우정,"로맨스, 코미디, 학교",KBS 2TV,2020년 4월 6일 ~ 2020년 4월 14일,"매주 월요일, 화요일 밤 10:00 ~ 11:10",1시간 10분 (1회당 35분 / 2회 연속방송),8부작,김상휘 (KBS 드라마본부),문준하 (KBS 드라마운영팀),,메가몬스터,유영은,김주만,"이신영, 신승호, 김소혜, 오희준, 민도희, 조이현 외",조선로코 - 녹두전 (2019년 9월 30일 ~ 2019년 11월 25일),본 어게인 (2020년 4월 20일 ~ 2020년 6월 9일)
꽃길만 걸어요,"드라마, 가족, 막장",KBS 1TV (본방송),2019년 10월 28일 ~ 2020년 4월 17일,매주 평일 저녁 8:30 ~ 9:00,30분,123부작,,전우성 (KBS 드라마운영팀),,KBS 드라마본부,박기현,"채혜영, 나승현, 유상영 (2회~11회), 백은정 (50회~123회)","최윤소, 설정환, 심지호, 정유민 외",여름아 부탁해 (2019년 4월 29일 ~ 2019년 10월 25일),기막힌 유산 (2020년 4월 20일 ~ 2020년 10월 9일)
더 킹 : 영원의 군주,"판타지, 로맨스, 범죄, 시대극","SBS, 넷플릭스",2020년 4월 17일~6월 12일,"매주 금요일, 토요일 밤 10:00 ~ 11:20",1시간 20분,"16부작 (1부, 2부 분할 방송)",SBS 드라마본부,,,"화앤담픽쳐스, 스튜디오드래곤","백상훈, 정지현, 유제원",김은숙,"이민호, 김고은, 우도환, 김경남, 정은채, 이정진",하이에나 (2020년 2월 21일 ~ 2020년 4월 11일),편의점 샛별이 (2020년 6월 19일 ~ 2020년 8월 8일)
화양연화,휴먼 판타지 드라마,tvN,2020년 4월 25일 ~ 2020년 6월 14일,매주 토요일 밤 9시 10분 ~ 10시 30분 매주 일요일 밤 9시 10분 ~ 10시 35분,,16부작,스튜디오드래곤,,,"스튜디오드래곤, 본팩토리",손정현,전희영,"유지태, 이보영 외","하이바이, 마마! (2020년 2월 22일 ~ 2020년 4월 19일)",사이코지만 괜찮아 (2020년 6월 20일 ~ 8월 9일)
메모리스트,"미스터리, 스릴러",tvN,2020년 3월 11일 ~ 2020년 4월 30일,"매주 수, 목 밤 10시 50분",70분,16부작,스튜디오드래곤,소재현,,스튜디오 605,"김휘, 소재현",,"유승호, 이세영 외",머니게임 (2020년 1월 15일 ~ 2020년 3월 5일),오 마이 베이비 (2020년 5월 13일 ~ 2020년 7월 2일)
날씨가 좋으면 찾아가겠어요,드라마,JTBC,2020년 2월 24일 ~ 2020년 4월 21일,"매주 월, 화 밤 9시 30분 ~ 10시 42분",70분,16부작,JTBC,오환민,,에이스팩토리,한지승[1] 장지연,한가람,"박민영, 서강준, 문정희, 이재욱, 임세미, 김환희, 김민주 외",검사내전 (2019년 12월 16일 ~ 2020년 2월 11일),야식남녀 (2020년 5월 25일 ~ 2020년 6월 30일)
아무도 모른다,"범죄, 미스터리, 서스펜스, 감성",SBS TV,2020년 3월 2일 ~ 2020년 4월 21일,"매주 월, 화 밤 9:40 ~ 11시","80분 (회당 1,2부 분할방송)",16부작,SBS 드라마본부,,,더스토리웍스,이정흠,,"김서형, 류덕환, 박훈, 안지호 외",낭만닥터 김사부 2 (2020년 1월 6일 ~ 2020년 2월 25일),굿캐스팅 (2020년 4월 27일 ~2020년 6월 16일)
루갈,사이언스 액션 히어로,OCN,2020년 3월 28일 ~2020년 5월 17일,"매주 토요일, 일요일 밤 10시 50분",60분,16부작,스튜디오 드래곤,송진선,강상훈 김겨레,리옌루갈,강철우 이정수,도현,"최진혁, 박성웅, 조동혁, 정혜인, 한지완, 김민상, 박선호 외",본 대로 말하라 (2020년 2월 1일 ~ 2020년 3월 22일),번외수사 (2020년 5월 23일 ~ 2020년 6월 28일)
바람과 구름과 비,,,,,,,,,,,,,,,
행복의 진수,드라마,JTBC,2020년 5월 18일 ~ 2020년 5월 19일,"월, 화 밤 9시 30분",65분,2부작,JTBC,조준형,정승순,드라마하우스,윤재원,유소원,"공명, 박소진, 이윤희, 오만석 외",,
쌍갑포차,"코미디, 드라마",JTBC,2020년 5월 20일 ~ 2020년 6월 25일,"매주 수요일, 목요일 밤 9시 30분 ~ 10시 45분",70분,12부작,JTBC,오환민,김보경,"드라마하우스, 삼화네트웍스",전창근,하윤아,"황정음, 육성재, 최원영 외",친애하는 당신에게 (2012년 6월 27일 ~ 2012년 8월 16일),"우리, 사랑했을까 (2020년 7월 8일 ~ 2020년 9월 2일)"
번외수사,"범죄, 액션",OCN,2020년 5월 23일 ~ 2020년 6월 28일,"매주 토요일, 일요일 밤 10시 50분",60분,12부작,"OCN, 팀 고릴라[1]",,김울안이,콘텐츠 지음,강효진,"이유진, 정윤선","차태현, 이선빈, 정상훈, 윤경호, 지승현 외",루갈 (2020년 3월 28일 ~ 2020년 5월 17일),트레인 (2020년 7월 11일 ~ 2020년 8월 16일)
슬기로운 의사생활,"의학, 휴먼, 드라마, 로맨스",tvN,2020년 3월 12일 ~ 2020년 5월 28일,매주 목요일 밤 9:00 ~ 10:30,80분 ~ 113분,12부작 + (스페셜 1편),이명한,,,에그이즈커밍,신원호,,"조정석, 유연석, 정경호, 김대명, 전미도 외",잉여공주 (2014년 8월 7일 ~ 2014년 10월 9일),슬기로운 의사생활 2 (2021년 6월 17일 ~ 2021년 9월 16일)
엄마가 바람났다,"가족, 로맨스",SBS,2020년 5월 4일 ~ 2020년 10월 23일,매주 평일 아침 8:35 ~ 9:10,35분,122부작,홍성창 → 박영수,,"공재원, 전예진 (메가몬스터)",메가몬스터,고흥식[1],,"현쥬니, 이재황, 문보령, 김형범 외",맛 좀 보실래요 (2019년 11월 12일 ~ 2020년 5월 1일),불새 2020 (2020년 10월 26일 ~ 2021년 4월 9일)
외출,,,,,,,,,,,,,,,
영혼수선공,"메디컬, 휴머니즘",KBS 2TV,2020년 5월 6일 ~ 2020년 6월 25일,"매주 수요일, 목요일 밤 10시 ~ 11시 10분",70분 (1회당 35분 / 2회 연속방송),32부작,문준하 (KBS 드라마본부),강병택 (KBS 드라마운영팀),"나수지, 김해정","몬스터유니온, 이매진아시아",유현기,이향희,"신하균, 정소민, 태인호, 박예진 외",어서와 (2020년 3월 25일 ~ 2020년 4월 30일),출사표 (2020년 7월 1일 ~ 2020년 8월 20일)
굿캐스팅,"액션, 코미디, 로맨스",SBS,2020년 4월 27일 ~ 2020년 6월 16일,"매주 월요일, 화요일 밤 9:40 ~ 11:00","80분 (회당 1, 2부 분할방송)",16부작,SBS 드라마본부,홍성창 (스튜디오 S),,박스미디어,최영훈,박지하,"최강희, 이상엽, 유인영, 이준영, 김지영, 이종혁 외",아무도 모른다 (2020년 3월 2일 ~ 2020년 4월 21일),브람스를 좋아하세요? (2020년 8월 31일 ~ 2020년 10월 20일)
사이코지만 괜찮아,드라마,tvN,2020년 6월 20일 ~ 2020년 8월 9일,매주 토요일 밤 9시 10분 ~ 10시 38분 매주 일요일 밤 9시 10분 ~ 밤 10시 35분,"70분 (1부, 2부 분할 방송)",16부작,스튜디오드래곤,,,"STORY TV, 골드메달리스트",박신우,,"김수현, 서예지, 오정세, 박규영 외",화양연화 - 삶이 꽃이 되는 순간 (2020년 4월 25일 ~ 2020년 6월 14일),비밀의 숲 2  (2020년 8월 15일 ~ 2020년 10월 4일)
야식남녀,로맨틱 코미디,JTBC,2020년 5월 25일 ~ 2020년 6월 30일,월~화 밤 9시 30분 ~ 10시 44분,70분,12부작,"최진호, 최관용",,,"헬로콘텐츠, SMC",송지원,박승혜,"정일우, 강지영, 이학주 외",날씨가 좋으면 찾아가겠어요 (2020년 2월 24일 ~ 2020년 4월 21일),모범형사 (2020년 7월 6일 ~2020년 8월 25일)
본 어게인,미스터리 멜로,KBS 2TV,2020년 4월 20일 ~ 2020년 6월 9일,"매주 월요일, 화요일 밤 10:00 ~ 11:10",1시간 10분 (1회당 35분 / 2회 연속방송),32부작,기민수 (KBS 드라마본부),김상휘 (KBS 드라마운영팀),,"온누리미디어㈜ UFO프로덕션, 몬스터유니온","진형욱, 이현석",,"장기용, 진세연, 이수혁 외",계약우정 (2020년 4월 6일 ~ 2020년 4월 14일),그놈이 그놈이다 (2020년 7월 6일 ~ 2020년 9월 1일)
꼰대인턴,"코미디, 오피스, 휴먼",MBC TV,2020년 5월 20일 ~ 2020년 7월 1일,"매주 수요일, 목요일 밤 8시 55분 ~ 10시 5분 [1회~22회] 매주 수요일 밤 9시 30분 ~ 10시 50분 [23회~24회]",30분,24부작 + 스페셜 2부작,홍석우,,"정구영, 윤홍미, 김지하, 문주희",스튜디오 HIM,남성우,,"박해진, 김응수 외",그 남자의 기억법 (2020년 3월 18일 ~ 2020년 5월 13일),미쓰리는 알고 있다 (2020년 7월 8일 ~ 2020년 7월 16일)
트레인,"미스터리, 스릴러",OCN,2020년 7월 11일 ~ 2020년 8월 16일,매주 토요일 밤 10시 30분 ~ 11시 31분 매주 일요일 밤 10시 30분 ~ 11시 34분,70분,12부작,스튜디오드래곤,,,doFRAME,"류승진, 이승훈",박가연,"윤시윤, 경수진, 신소율 외",번외수사 (2020년 5월 23일 ~ 2020년 6월 28일),미씽: 그들이 있었다 (2020년 8월 29일 ~ 2020년 10월 4일)
저녁 같이 드실래요?,로맨스,MBC,2020년 5월 25일 ~ 2020년 7월 14일,"매주 월요일, 화요일 밤 9:30 ~ 10:40 [1회~4회] 매주 월요일, 화요일 밤 9:30 ~ 10:50 [5회~32회]",1시간 20분,32부작 (1회당 40분),,,,빅토리콘텐츠,"고재현, 박봉섭","김주, 이주하","송승헌, 서지혜, 이지훈, 손나은 외",365: 운명을 거스르는 1년 (2020년 3월 23일 ~ 2020년 4월 28일),카이로스 (2020년 10월 26일 ~ 2020년 12월 22일)
오 마이 베이비,드라마,tvN,2020년 5월 13일 ~ 2020년 7월 2일,"매주 수, 목 밤 10시 50분",70분,16부작,"스튜디오앤뉴, 스튜디오드래곤",,,"스튜디오앤뉴, 스튜디오드래곤",남기훈,,"장나라, 고준, 박병은, 정건주 외",메모리스트 (2020년 3월 11일 ~ 2020년 4월 30일),악의 꽃 (2020년 7월 29일 ~ 2020년 9월 17일)
(아는 건 별로 없지만) 가족입니다,"멜로, 가족",tvN,2020년 6월 1일 ~ 2020년 7월 21일,"매주 월요일, 화요일 밤 9시",70분,16부작,최진희,,,스튜디오드래곤,권영일,,"한예리, 김지석, 추자현, 정진영, 원미경, 신재하, 신동욱 외",외출 (2020년 5월 4일 ~ 2020년 5월 5일),청춘기록 (2020년 9월 7일 ~ 2020년 10월 27일)
십시일반,"미스터리, 블랙 코미디",MBC,2020년 7월 22일 ~ 2020년 8월 13일,"매주 수요일, 목요일 밤 9시 30분 ~ 10시 50분",80분,8부작,,,,MBC 드라마본부,진창규,최경,"김혜준, 한수현, 오나라 외",미쓰리는 알고 있다 (2020년 7월 8일 ~ 2020년 7월 16일),내가 가장 예뻤을 때 (2020년 8월 19일 ~ 2020년 10월 15일)
미쓰리는_알고_있다,미스터리,MBC TV,2020년 7월 8일 ~ 2020년 7월 16일,"매주 수요일, 목요일 밤 9시 30분 ~ 10시 45분",75분,4부작,권성창,,"유현종, 윤홍미",스튜디오 HIM,이동현,,"조한선, 강성연 외",꼰대인턴 (2020년 5월 20일 ~ 2020년 7월 1일),십시일반 (2020년 7월 22일 ~ 2020년 8월 13일)
"우리, 사랑했을까",로맨스,JTBC,2020년 7월 8일 ~ 2020년 9월 2일,"매주 수, 목 밤 9시 30분",70분,16부작,JTBC,,,"드라마하우스, 길픽쳐스",김도형,이승진,"송지효, 손호준, 송종호, 김민준, 구자성, 김다솜 외",쌍갑포차 (2020년 5월 20일 ~ 2020년 6월 25일),사생활 (2020년 10월 7일 ~ 2020년 11월 26일)
연애는 귀찮지만 외로운 건 싫어!,로맨틱 코미디,"MBC every1, MBC",MBC every1 : 2020년 8월 11일 ~ 2020년 10월 13일 MBC TV : 2020년 8월 17일 ~ 2020년 10월 19일,MBC every1 : 매주 화요일 밤 10시 50분 ~ 12시 MBC TV : 매주 월요일 밤 9시 20분 ~ 10시 30분,70분,10부작,,,,,이현주,,"지현우, 김소은, 박건일, 한지완 외",신설,제발 그 남자 만나지 마요 (2020년 11월 10일 ~ 2020년 1월 12일)
시네마틱드라마 SF8,SF 시리즈,"WAVVE, MBC",2020년 8월 14일 ~ 2020년 10월 9일,매주 금요일 밤 10:10 ~ 11:10,60분,8부작,민규동,,"안수연, 강가미, 박준호, 이용수, 박선혜, 정혜영, 박진성, 나현준",수필름,,,"이유영, 예수정, 이시영, 하준, 김보라, 최성은, 이연희, 이동휘, 안희연, 이세희, 최시원, 유이, 이다윗, 신은수, 문소리, 장유상 외",편애중계 (2020.2.21 ~ 2020.7.10),트로트의 민족 (2020.10.23 ~ 2021.1.8)
출사표,로맨틱 코미디,KBS 2TV,2020년 7월 1일 ~ 2020년 8월 20일,"매주 수요일, 목요일 밤 9:30 ~ 10:40","1시간 10분 (1회당 1부 40분, 2부 30분 분할방송)",16부작,KBS 드라마본부,강병택 (KBS 드라마운영팀),,"셀트리온 엔터테인먼트, 프레임미디어","황승기, 최연수",문현경,"나나, 박성훈, 유다인, 한준우, 안내상 외",영혼수선공 (2020년 5월 6일 ~ 2020년 6월 25일),도도솔솔라라솔 (2020년 10월 7일 ~ 2020년 11월 26일)
모범형사,"범죄, 수사",JTBC,2020년 7월 6일 ~ 2020년 8월 25일,"매주 월, 화 밤 9시 30분",70분,16부작,JTBC,,,"블러썸스토리, JTBC스튜디오",조남국,최진원,"손현주, 장승조, 이엘리야, 오정세, 지승현 외",야식남녀 (2020년 5월 25일 ~ 2020년 6월 30일),18 어게인 (2020년 9월 21일 ~ 2020년 11월 10일)
편의점 샛별이,로맨틱 코미디,"SBS, 아이치이[1]",2020년 6월 19일~8월 8일,"매주 금요일, 토요일 밤 10:00 ~ 11:10",1시간 10분,16부작,SBS 드라마본부,박영수,최명기,"태원엔터테인먼트, ARI",이명우,,"지창욱, 김유정, 한선화, 안솔빈, 도상우 외",더 킹 : 영원의 군주 (2020년 4월 17일 ~ 2020년 6월 12일),앨리스 (2020년 8월 28일 ~ 2020년 10월 24일)
그놈이 그놈이다,판타지 로코 드라마,KBS 2TV,2020년 7월 6일 ~ 2020년 9월 1일,"매주 월요일, 화요일 밤 9:30 ~ 10:40","1시간 10분 (1회당 1부 40분, 2부 30분 분할방송)",16부작,김상휘 (KBS 드라마본부),문준하 (KBS 드라마운영팀),,아이윌미디어,"최윤석, 이호",,"황정음, 윤현민, 서지훈, 최명길, 조우리 外",본 어게인 (2020년 4월 20일 ~ 2020년 6월 9일),좀비탐정 (2020년 9월 21일 ~ 2020년 10월 27일)
오! 삼광빌라!,"가족, 로맨스, 코미디",KBS 2TV,2020년 9월 19일 ~ 2021년 3월 7일,매주 주말 저녁 7:55 ~ 밤 9:15,"1시간 20분 (1부, 2부 분할 방송)",50부작,김상휘 (KBS 드라마본부),윤재혁 (KBS 드라마운영팀),"이현경, 이승범","몬스터유니온[1], 프로덕션에이치㈜",홍석구,,"전인화, 정보석, 황신혜, 진기주, 이장우",한 번 다녀왔습니다 (2020년 3월 28일 ~ 2020년 9월 13일),오케이 광자매 (2021년 3월 13일 ~ 2021년 9월 18일)
좀비탐정,"액션, 스릴러, 판타지, 느와르, 코믹, 모험, 낭만, 좀비, 공포",KBS 2TV,2020년 9월 21일 ~ 2020년 10월 27일,"매주 월요일, 화요일 밤 9:30 ~ 10:40","70분 (1회당 1부 40분, 2부 30분 분할방송)",12부작,KBS 드라마본부,기민수 (KBS 드라마운영팀),박지영,(주)래몽래인,심재현,,"최진혁, 박주현 외",그놈이 그놈이다 (2020년 7월 6일 ~ 2020년 9월 1일),암행어사: 조선비밀수사단 (2020년 12월 21일 ~ 2021년 2월 9일)
18 어게인,드라마,JTBC,2020년 9월 21일 ~ 2020년 11월 10일,매주 월요일 오후 9시 35분 ~ 10시 45분 매주 화요일 밤 9시 35분 ~ 10시 43분,,16부작,미정,,,JTBC스튜디오,하병훈,"김도연, 안은빈, 최이륜","김하늘, 윤상현, 이도현 외",모범형사 (2020년 7월 6일 ~ 2020년 8월 25일),선배 그 립스틱 바르지 마요 (2021년 1월 18일 ~ 2021년 3월 9일)
악의 꽃,,,,,,,,,,,,,,,
경우의 수,로맨틱 코미디,JTBC,2020년 9월 25일 ~ 2020년 11월 28일,매주 금요일 ~ 토요일 오후 10시 50분 ~ 오전 0시 20분,70분,16부작,김지연,,"박우람, 송현석","JTBC 스튜디오, 지음콘텐츠",최성범,,"옹성우, 신예은, 김동준, 안은진, 백수민, 최찬호, 표지훈 외",우아한 친구들 (2020년 7월 10일 ~ 2020년 9월 5일),허쉬 (2020년 12월 11일 ~ 2021년 2월 6일)
우아한 친구들,드라마,JTBC,2020년 7월 10일 ~ 2020년 9월 5일,"매주 금, 토 밤 10시 50분 ~ 12시 20분",70분,17부작,JTBC,,,"스튜디오앤뉴, JCN","송현욱, 박소연",,"유준상, 송윤아, 배수빈, 한다감 외",부부의 세계 (2020년 3월 27일 ~ 2020년 5월 16일),경우의 수 (2020년 9월 25일 ~ 2020년 11월 28일)
청춘기록,"청춘 성장, 로맨스, 드라마","TVN, Netflix",2020년 9월 7일 ~ 2020년 10월 27일,"매주 월요일, 화요일 밤 9시",70분,16부작,,김선태,,"팬엔터테인먼트, 스튜디오드래곤","안길호, 윤현기",,"박보검, 박소담, 변우석 외",(아는 건 별로 없지만) 가족입니다 (2020년 6월 1일 ~ 2020년 7월 21일),산후조리원 (2020년 11월 2일 ~ 2020년 11월 24일)
선배 그 립스틱 바르지 마요,드라마,JTBC,2021년 1월 18일 ~ 2021년 3월 9일,매주 월요일 ~ 화요일 밤 9:00 ~ 10:10,70분,16부작,,,,,,,"원진아, 로운, 이현욱, 이주빈, 이규한",18 어게인 (2020년 9월 21일 ~ 2020년 11월 10일),아이돌: 더 쿠데타 (2021년 11월 8일 ~ 2021년 12월 14일)
결혼작사 이혼작곡,"드라마, 막장",TV CHOSUN,2021년 1월 23일 ~ 2021년 3월 14일,아래 참조,,16부작,서혜진,정회석,"황보상미, 박채원","지담[1], 초록뱀미디어[2]","유정준, 이승훈",,"성훈, 이태곤, 박주미, 이가령, 이민영, 전수경, 전노민 외",복수해라 (2020년 11월 21일 ~ 2021년 1월 17일),결혼작사 이혼작곡 2 (2021년 6월 12일 ~ 2021년 8월 8일)
루카: 더 비기닝,"범죄, 미스터리, 서스펜스",tvN,2021년 2월 1일 ~ 2021년 3월 9일,매주 월요일 ~ 화요일 오후 9시 ~ 10시10분,70분,12부작,"스튜디오드래곤, tvN",김륜희,"정민채, 김홍선, 박종학","스튜디오드래곤, 테이크원컴퍼니, 에이치하우스",김홍선,,"김래원, 이다희, 김성오 외",낮과 밤 (2020년 11월 30일 ~ 2021년 1월 19일),나빌레라 (2021년 3월 22일 ~ 2021년 4월 27일)
안녕? 나야!,"판타지, 로코, 성장, 드라마",KBS 2TV,2021년 2월 17일 ~ 2021년 4월 8일,"매주 수요일, 목요일 밤 9:30 ~ 10:40","70분 (1회당 1부 40분, 2부 30분 분할방송)",16부작,문준하 (KBS 드라마본부),김상휘 (KBS 드라마운영팀),,"비욘드제이[1], 에이스메이커무비웍스","이현석, 나수지",,"최강희, 김영광, 이레, 음문석 외",바람피면 죽는다 (2020년 12월 2일 ~ 2021년 1월 28일),대박부동산 (2021년 4월 14일 ~ 2021년 6월 9일)
시지프스 : the myth,"SF, 판타지, 미스터리, 로맨스",JTBC,2021년 2월 17일 ~ 2021년 4월 8일,"매주 수요일, 목요일 오후 9시",70분,16부작,,정승순,,"드라마하우스, JTBC 스튜디오","진혁, 김승호","이제인, 전찬호","조승우, 박신혜, 김병철 외",런 온 (2020년 12월 16일 ~ 2021년 2월 4일),로스쿨 (2021년 4월 14일 ~ 2021년 6월 9일)
펜트하우스 2,"서스펜스, 복수, 범죄, 스릴러, 로맨스",SBS,2021년 2월 19일 ~ 2021년 4월 2일,매주 금요일 밤 10:00 ~ 11:10 매주 토요일 밤 10:00 ~ 11:20,"70분 (1회 1부, 2부, 마지막회 1부, 2부, 3부 분할 방송)",13부작 + 스페셜 2부작,스튜디오 S,박영수,,스튜디오 S 초록뱀미디어,"주동민, 박수진",,"유진, 김소연, 이지아 외",날아라 개천용 (2020년 10월 30일 ~ 2021년 1월 23일),모범택시 (2021년 4월 9일 ~ 2021년 5월 29일)
괴물,,,,,,,,,,,,,,,
빈센조,"범죄, 블랙 코미디, 스릴러, 로맨스",tvN,2021년 2월 20일 ~ 2021년 5월 2일,매주 토요일 밤 9시 16분 ~ 10시 41분 매주 일요일 밤 9시 18분 ~ 10시 45분,70분,20부작,"김영규, 김제현 스튜디오드래곤 (tvN)",조문주,"함승훈, 조수영",로고스필름,"김희원, 함승훈",,"송중기, 전여빈, 옥택연 외",철인왕후 (2020년 12월 12일 ~ 2021년 2월 14일),마인:MINE (2021년 5월 8일 ~ 2021년 6월 27일)
마우스,"범죄, 스릴러, 서스펜스 추리",tvN,2021년 3월 3일 ~ 2021년 5월 19일,"매주 수요일, 목요일 밤 10시 30분 ~ 11시 40분",70분,20부작 + 스폐셜 1부작,tvN 최진희,,,"HIGROUND, 스튜디오 인빅투스","최준배, 성치욱",최란,"이승기, 이희준, 박주현, 경수진 등",여신강림 (2020년 12월 9일 ~ 2021년 2월 4일),간 떨어지는 동거 (2021년 5월 26일 ~ 2021년 7월 15일)
오케이 광자매,드라마,KBS 2TV,2021년 3월 13일 ~ 2021년 9월 18일,매주 주말 저녁 7:55 ~ 밤 9:15,1시간 20분,50부작 + 스페셜 2부작,김상휘 (KBS 드라마본부),강병택 (KBS 드라마운영팀),"이호, 김해정","초록뱀미디어, 팬엔터테인먼트",이진서,,"윤주상, 홍은희, 전혜빈, 고원희, 김경남, 이보희, 이병준 외",오! 삼광빌라! (2020년 9월 19일 ~ 2021년 3월 7일),신사와 아가씨 (2021년 9월 25일 ~ 2022년 3월 27일)
아이를 찾습니다,,,,,,,,,,,,,,,
조선구마사,"엑소시즘, 사극",SBS,2021년 3월 22일 ~ 2021년 3월 23일[1],"매주 월, 화 밤 10:00 ~ 11:15",70분,2부작 (프로그램 기획서에서 당초 16부작으로 기획되었음),조성훈 (STUDIO S),홍성창 (SBS 드라마운영팀),,"YG STUDIOPLEX, 크레이브웍스,","신경수, 남태진",,"감우성, 장동윤, 박성훈 외",펜트하우스 (2020년 10월 26일 ~ 2021년 1월 5일),라켓소년단 (2021년 5월 31일 ~ 2021년 8월 9일)
나빌레라,"코미디, 휴머니즘",tvN,2021년 3월 22일 ~ 2021년 4월 27일,"매주 월요일, 화요일 밤 9시 ~",70분,12부작,"tvN, 스튜디오드래곤",,,"스튜디오드래곤, 더그레이트쇼",한동화,,"박인환, 송강 외",루카 (2021년 2월 1일 ~ 2021년 3월 9일),어느 날 우리집 현관으로 멸망이 들어왔다 (2021년 5월 10일 ~ 2021년 6월 29일)
타임즈,"범죄, SF",OCN,2021년 2월 20일 ~ 2021년 3월 28일,"매주 토요일, 일요일 오후 10시 30분",70분,12부작,스튜디오드래곤,유상원,장신애. 김겨레,이야기사냥꾼,윤종호,"이새봄, 안혜진","이서진, 이주영, 김영철",경이로운 소문 (2020년 11월 28일 ~ 2021년 1월 24일),다크홀 (2021년 4월 30일 ~ 2021년 6월 5일)
"아모르 파티 - 사랑하라, 지금","드라마, 막장, 로맨스",SBS,2021년 4월 12일 ~ 2021년 10월 1일,매주 평일 아침 8:35 ~ 오전 9:10,35분,120부작,박영수,,양성은,㈜와이콘엔터테인먼트,배태섭,,"최정윤, 안재모, 배슬기, 박형준 외",불새 2020 (2020년 10월 26일 ~ 2021년 4월 9일),폐지
달이 뜨는 강,"사극, 로맨스",KBS 2TV,2021년 2월 15일 ~ 2021년 4월 20일,"매주 월요일, 화요일 밤 9:30 ~ 10:40","70분 (1회당 1부 40분, 2부 30분 분할방송)",20부작,김상휘 (KBS 드라마본부),"강병택, 김영조 (KBS 드라마운영팀)",백승민,빅토리콘텐츠,윤상호,한지훈,"김소현, 나인우, 이지훈, 최유화 외",암행어사: 조선비밀수사단 (2020년 12월 21일 ~ 2021년 2월 9일),오월의 청춘 (2021년 5월 3일 ~ 2021년 6월 8일)
이미테이션,"뮤지컬, 로맨스",KBS2,2021년 5월 7일 ~ 2021년 7월 23일,매주 금요일 밤 11시 20분 ~ 12시 30분,70분,12부작,"카카오엔터테인먼트 이진수, 홍민영","이황선, 박지영","송나래, 정동석",히든시퀀스,한현희[1],"최선영, 김민정","이준영, 정지소, 박지연, 정윤호, 데니 안, 강찬희 외",오렌지 마말레이드 (2015년 5월 15일 ~ 2015년 7월 24일),폐지
오! 주인님,"로맨스, 멜로",MBC,2021년 3월 24일 ~ 2021년 5월 13일,매주 수요일 ~ 목요일 오후 9시 20분 ~ 오후 10시 30분,1시간 10분,16부작,김호영,,,주식회사 넘버쓰리픽쳐스,오다영,,"이민기, 나나, 강민혁 외",나를 사랑한 스파이 (2020년 10월 21일 ~ 2020년 12월 17일),미치지 않고서야 (2021년 6월 23일 ~ 2021년 8월 26일)
목표가 생겼다,멜로,MBC,2021년 5월 19일 ~ 2021년 5월 27일,"매주 수, 목 밤 9시 20분 ~ 10시 30분",70분,4부작,홍석우,,,"빅오션ENM, 슈퍼문픽쳐스",심소연[1],,"김환희, 류수영, 김도훈, 이영진 외",오! 주인님 (2021년 3월 24일 ~ 2021년 5월 13일),미치지 않고서야 (2021년 6월 23일 ~ 2021년 8월 26일)
간 떨어지는 동거,로맨틱 코미디,tvN,2021년 5월 26일 ~ 2021년 7월 15일,수요일 목요일 오후 10시 30분,,16부작,"스튜디오드래곤, iQIYI",장정도,,"드라마하우스, 콘텐츠지음","남성우, 이영옥","백선우, 최보림","장기용, 이혜리, 강한나, 김도완, 배인혁 외",마우스 (2021년 3월 3일 ~ 2021년 5월 19일),더 로드: 1의 비극 (2021년 8월 4일 ~ 2021년 9월 9일)
모범택시,"범죄, 액션, 복수",SBS TV,2021년 4월 9일 ~ 2021년 5월 29일,"매주 금요일, 토요일 밤 10:00 ~ 11:20","80분 (1, 2부 분할방송)",16부작,조성훈 (스튜디오 S),,이옥규,"스튜디오 S, 그룹에이트",박준우,,"이제훈, 이솜, 김의성, 표예진 외",펜트하우스 2 (2021년 2월 19일 ~ 2021년 4월 3일),원 더 우먼 (2021년 9월 17일 ~ 2021년 11월 6일)
라켓소년단,스포츠 드라마,SBS TV,2021년 5월 31일 ~ 2021년 8월 9일,"매주 월, 화 밤 10시 ~ 11시 10분",70분,16부작,조성훈 (스튜디오 S),박영수 (SBS 드라마운영팀),"양정현, 이주호",팬엔터테인먼트,"조영광, 안종연",정보훈,"김상경, 오나라, 탕준상, 손상연, 최현욱, 김강훈, 이재인, 이지원, 김민기 외",조선구마사 (2021년 3월 22일 ~ 2021년 3월 23일),홍천기 (2021년 8월 30일 ~ 2021년 10월 26일)
펜트하우스 3,"복수, 범죄, 서스펜스, 로맨스, 블랙 코미디, 교육, 느와르, 공포, 판타지",SBS,2021년 6월 4일 ~ 2021년 9월 10일,매주 금요일 밤 10:00 ~ 11:30,90분,14부작 + 스페셜 2부작,스튜디오 S,박영수 (SBS 드라마 운영팀),,스튜디오 S 초록뱀미디어,"주동민, 박수진",,"유진, 김소연, 이지아 외",힙합왕 - 나스나길 (2019년 8월 9일 ~ 2019년 9월 13일),폐지
다크홀,"공포, 스릴러","OCN, tvN",2021년 4월 30일 ~ 2021년 6월 5일,"매주 금요일, 토요일 밤 10:50~11:50",60분,12부작,OCN,,"박세은, 김울안이, 김다흰","㈜영화사우상, ㈜키위미디어그룹","김봉주, 이영태",정이도,"김옥빈, 이준혁 외",타임즈 (2021년 2월 20일 ~ 2021년 3월 28일),키마이라 (2021년 10월 30일 ~ 2021년 12월 19일)
어쩌다 가족,예능 드라마,TV CHOSUN,2021년 3월 21일 ~ 2021년 6월 6일,매주 일요일 오전 11시 50분(5월 9일부터 변경),,12부작,송아리미디어,정규찬,,송아리미디어,이채승,"백지현, 성윤진, 오은지","성동일, 진희경, 김광규 외",,
오월의 청춘,"시대극, 멜로, 휴머니즘",KBS 2TV,2021년 5월 3일 ~ 2021년 6월 8일,"매주 월요일, 화요일 밤 9:30 ~ 10:40","70분 (1회당 1부 40분, 2부 30분 분할 방송)",12부작,기민수 (KBS 드라마본부),윤재혁 (KBS 드라마운영팀),,이야기사냥꾼,"송민엽, 이대경",이강,"이도현, 고민시, 이상이, 금새록 외",달이 뜨는 강 (2021년 2월 15일 ~ 2021년 4월 20일),멀리서 보면 푸른 봄 (2021년 6월 14일 ~ 2021년 7월 20일)
대박부동산,"코믹, 스릴러, 판타지, 엑소시즘",KBS 2TV,2021년 4월 14일 ~ 2021년 6월 9일,"매주 수요일, 목요일 밤 9:30 ~ 10:40","70분 (1회당 1부 40분, 2부 30분 분할방송)",16부작 + 스페셜 1부작,김상휘 (KBS 드라마본부),"기민수, 노상훈 (KBS 드라마운영팀)",,"몬스터유니온, 메이퀸픽쳐스","박진석, 이웅희",,"장나라, 정용화 외",안녕? 나야! (2021년 2월 17일 ~ 2021년 4월 8일),달리와 감자탕 (2021년 9월 22일 ~ 2021년 11월 11일)
로스쿨,"법정, 범죄, 휴먼, 코미디",JTBC,2021년 4월 14일 ~ 2021년 6월 9일,"매주 수요일, 목요일 밤 9시 ~ 10시 30분",70분,16부작,,,,"JTBC스튜디오, 스튜디오 피닉스, 공감동하우스","김석윤, 고혜진",서인,"김명민, 김범, 류혜영, 이정은외",시지프스 : the myth (2021년 2월 17일 ~ 2021년 4월 8일),월간 집 (2021년 6월 16일 ~ 2021년 8월 5일)
언더커버,,,,,,,,,,,,,,,
결혼작사 이혼작곡 2,"드라마, 막장",TV CHOSUN,2021년 6월 12일 ~ 2021년 8월 8일,아래 참조,,16부작,서혜진,,"황보상미, 박채원","지담[1], 하이그라운드, 초록뱀미디어[2]","유정준, 이승훈",,"성훈, 이태곤, 박주미, 이가령, 이민영, 전수경, 전노민, 송지인, 임혜영, 문성호, 부배 외",결혼작사 이혼작곡 (2021년 1월 23일 ~ 2021년 3월 14일),엉클 (2021년 12월 11일 ~ 2022년 1월 30일)
멀리서 보면 푸른 봄,"청춘, 캠퍼스",KBS 2TV,2021년 6월 14일 ~ 2021년 7월 20일,"매주 월요일, 화요일 밤 9:30 ~ 10:40",70분,12부작,홍석구 (KBS 드라마본부),강병택 (KBS 드라마운영팀),"지병현, 백승민",빅토리콘텐츠,"김정현, 박건호",,"박지훈, 강민아, 배인혁 외",오월의 청춘 (2021년 5월 3일 ~ 2021년 6월 8일),경찰수업 (2021년 8월 9일 ~ 2021년 10월 5일)
월간 집,"드라마, 로맨스",JTBC,2021년 6월 16일 ~ 2021년 8월 5일,매주 수요일 ~ 목요일 밤 8:50~ 10:30,70분,16부작,"JTBC, iQIYI",,"권민경, 김보름","JTBC Studios, 드라마하우스",이창민,,"정소민, 김지석, 정건주 외",로스쿨 (2021년 4월 14일 ~ 2021년 6월 9일),너를 닮은 사람 (2021년 10월 13일 ~ 2021년 12월 2일)
알고있지만,로맨스,JTBC,2021년 6월 19일 ~ 2021년 8월 21일,매주 토요일 밤 11:00 ~ 12:11,70분,10부작,JTBC,,,"비욘드제이, 스튜디오N, JTBC스튜디오",김가람,,"송강, 한소희 외",신설,미정
미치지 않고서야,드라마,MBC,2021년 6월 23일 ~ 2021년 8월 26일,매주 수요일 ~ 목요일 오후 9시 ~ 오후 10시 20분,1시간 20분,16부작,김호준,,,주식회사 아이윌미디어,최정인,,"문소리, 정재영, 김가은, 이상엽 외",오! 주인님 (2021년 3월 24일 ~ 2021년 5월 13일),일당백집사 (2022년 10월 19일 ~ 2022년 12월 22일)
마인:MINE,"드라마, 미스터리, 스릴러",tvN,2021년 5월 8일 ~ 2021년 6월 27일,매주 토요일 밤 9시 12분 ~ 10시 22분 매주 일요일 밤 9시 19분 ~ 10시 32분,70분,16부작,"스튜디오드래곤 (tvN) 김영규, 김제현",김건홍,신예지,제이에스픽쳐스,"이나정, 오승열, 김형준",백미경,"이보영, 김서형, 이현욱, 옥자연, 차학연, 정이서, 박혁권, 박원숙 외",빈센조 (2021년 2월 20일 ~ 2021년 5월 2일),악마판사 (2021년 7월3일 ~2021년 8월 22일)
어느 날 우리집 현관으로 멸망이 들어왔다,드라마,tvN,2021년 5월 10일 ~ 2021년 6월 29일,"매주 월요일, 화요일 오후 9시",1시간 10분,16부작,스튜디오드래곤 (tvN),장정도,,스튜디오앤뉴,"권영일, 유제원",,"서인국, 박보영 외",나빌레라 (2021년 3월 22일 ~ 2021년 4월 27일),너는 나의 봄 (2021년 7월 5일 ~ 2021년 8월 24일)
밥이 되어라,"가족, 로맨스",MBC,2021년 1월 11일 ~ 2021년 7월 2일,매주 평일 저녁 7:05 ~ 7:40 (본방송)[1] 매주 평일 아침 8:50 ~ 9:30 (재방송),"40분 → 35분, 30분(목요일)",120부작,"김호영, 장재훈",,정상희,,백호민,,"정우연, 재희, 권혁, 강다현, 조한준 외",찬란한 내 인생 (2020년 6월 29일 ~ 2021년 1월 8일),두 번째 남편 (2021년 8월 9일 ~ 2022년 4월 5일)
미스 몬테크리스토,"복수, 멜로",KBS 2TV,2021년 2월 15일 ~ 2021년 7월 2일,매주 평일 저녁 7:50 ~ 8:30,40분,100부작,기민수 (KBS 드라마본부),김상휘 (KBS 드라마운영팀),함영걸,"유비컬쳐[1], 메이퀸픽쳐스[2]",박기호,정혜원[3],"이소연, 최여진, 경성환, 이상보 외",비밀의 남자 (2020년 9월 7일 ~ 2021년 2월 10일),빨강 구두 (2021년 7월 5일 ~ 2021년 12월 10일)
악마판사,"법률, 로맨스",tvN,2021년 7월 3일 ~ 2021년 8월 22일,"매주 토요일, 일요일 밤 9시 ~ 10시 40분",70분,16부작,스튜디오 드래곤 (tvN-김제현),장정도,"강상훈, 이지윤, 신윤하, 장민애, 김현경",스튜디오앤뉴,"최정규, 박지현",문유석,"지성, 김민정, 박진영, 박규영 외",마인:MINE (2021년 5월 8일 ~ 2021년 6월 27일),갯마을 차차차 (2021년 8월 28일 ~ 2021년 10월 17일)
보쌈 - 운명을 훔치다,사극,MBN,2021년 5월 1일~7월 4일,매주 토요일 ~ 일요일 오후 9시 40분 ~ 10시 50분,1시간 10분,20부작,"박태호, 이태현","김재훈, 정욱, 김홍기","황혁, 황인화","제이에스픽쳐스, 이엘라이즈","권석장, 김나영","김지수, 박철","정일우, 권유리, 신현수, 김태우, 이재용, 송선미 외",천국의 눈물 (2014년 10월 11일 ~ 2015년 1월 3일),미정
너는 나의 봄,드라마,tvN,2021년 7월 5일 ~ 2021년 8월 24일,"매주 월요일, 화요일 오후 9시",1시간 10분,16부작,"김제현, 김종훈 스튜디오드래곤 (tvN)",김선태,"허석원, 박헌주",화앤담픽쳐스,정지현,,"서현진, 김동욱, 윤박, 남규리 외",어느 날 우리 집 현관으로 멸망이 들어왔다 (2021년 5월 10일 ~ 2021년 6월 29일),하이클래스 (2021년 9월 6일 ~ 2021년11월1일)
빨강구두,"복수, 범죄, 미스테리, 멜로, 피카레스크, 막장",KBS 2TV,2021년 7월 5일 ~ 2021년 12월 10일,매주 평일 저녁 7:50 ~ 8:30 (본방송) 매주 목요일 오전 11:00 ~ 낮 12:50 (스페셜),40분,100부작,기민수 (KBS 드라마본부),홍석구 (KBS 드라마운영팀),"손석진, 이승범",오에이치스토리,박기현,황순영,"최명길, 소이현, 박윤재, 신정윤, 정유민 외",미스 몬테크리스토 (2021년 2월 15일 ~ 2021년 7월 2일),사랑의 꽈배기 (2021년 12월 13일 ~ 2022년 5월 20일)
더 로드: 1의 비극,드라마,tvN,2021년 8월 4일 ~ 2021년 9월 9일,"매주 수요일, 목요일 오후 10시 50분",85분,12부작,김제현 tvN 스튜디오드래곤 (김영규),김건홍,유시연,더그레이트쇼,김노원,윤희정,"지진희, 윤세아, 김혜은, 천호진, 안내상, 김성수, 강성민 외",간 떨어지는 동거 (2021년 5월 26일 ~ 2021년 7월 15일),홈타운 (2021년 9월 22일 ~ 2021년 10월 28일)
보이스 4,범죄,tvN,2021년 6월 18일 ~ 2021년 7월 31일,매주 금 · 토요일 밤 10시 50분,70분,14부작,"스튜디오드래곤, tvN",,,"스튜디오 드래곤, 보이스 프로덕션","신용휘, 윤라영","마진원, 김정현","송승헌, 이하나, 이규형 외",시카고 타자기 (2017년 4월 7일 ~ 2017년 6월 3일),유미의 세포들  (2021년 9월 17일 ~ 2021년 10월 30일)
두 번째 남편,"복수, 로맨스",MBC TV,2021년 8월 9일 ~ 2022년 4월 5일,매주 평일 저녁 7:05 ~ 7:40 (본방송)[1] 매주 평일 아침 8:50 ~ 9:30 (재방송),"35분, 30분 (목요일)",150부작 + 스페셜 3부작,장재훈,,김서곤,,김칠봉,,"엄현경, 차서원, 오승아, 한기웅 외",밥이 되어라 (2021년 1월 11일 ~ 2021년 7월 2일),비밀의 집 (2022년 4월 11일 ~ 2022년 10월 10일)
경찰수업,"캠퍼스, 형사물, 코믹",KBS 2TV,2021년 8월 9일 ~ 2021년 10월 5일,"매주 월요일, 화요일 밤 9:30 ~ 10:40",70분,16부작,기민수 (KBS 드라마본부),이은진 (KBS 드라마운영팀),"이민수, 박진형",로고스필름,유관모,민정,"진영, 차태현, 정수정 외",멀리서 보면 푸른 봄 (2021년 6월 14일 ~ 2021년 7월 20일),연모 (2021년 10월 11일 ~ 2021년 12월 14일)
이벤트를 확인하세요,"로맨스, 코미디",MBC TV,2021년 8월 14일 ~ 2021년 9월 4일,매주 토요일 밤 9시 50분 ~ 10시 50분,60분,4부작,홍석우 (MBC 드라마스튜디오 EP),,,"빅오션 ENM, 슈퍼문픽쳐스","김지훈, 이한준",,"방민아, 권화운, 안우연 외",,
홍천기,"사극, 로맨스, 판타지",SBS,2021년 8월 30일 ~ 2021년 10월 26일,"매주 월요일, 화요일 밤 10:00 ~ 11:10",70분,16부작,"박영수, 조성훈 (스튜디오 S)",홍성창 (스튜디오S),"이광순, 서균","스튜디오 S, 스튜디오 태유","장태유, 남태진",하은,"김유정, 안효섭, 공명, 곽시양 외",라켓소년단 (2021년 5월 31일 ~ 2021년 8월 9일),그 해 우리는  (2021년 12월 6일 ~ 2022년 1월 25일)
갯마을 차차차,"로맨틱, 휴머니즘",tvN,2021년 8월 28일 ~ 2021년 10월 17일,"매주 토요일, 일요일 밤 9시 10분 ~ 10시 45분",95분,16부작,스튜디오드래곤,조문주,이상민,"스튜디오드래곤, 지티스트, 아티스트 드래곤, 트레이드 엔드씰",유제원,신하은,"신민아, 김선호, 이상이 외",악마판사 (2021년 7월 3일 ~ 2021년 8월 22일),지리산 (2021년 10월 23일 ~ 2021년 12월 12일)
슬기로운 의사생활2,"의학, 휴먼, 드라마, 로맨스",tvN,2021년 6월 17일 ~ 2021년 9월 16일,매주 목요일 밤 9:00 ~ 10:50,90분,12부작,트레이드 엔드버즈씰,김원중,,에그이즈커밍,신원호,,"조정석, 유연석, 정경호, 김대명, 전미도 외",슬기로운 의사생활 (2020년 3월 12일 ~ 2020년 5월 28일),미정
홈타운,드라마,tvN,2021년 9월 22일 ~ 2021년 10월 28일,"매주 수요일, 목요일 오후 10시 30분",70분,12부작,,김건홍,권병욱,,박현석,주진,"유재명, 한예리, 엄태구 외",더 로드: 1의 비극 (2021년 8월 4일 ~ 2021년 9일 9일),멜랑꼴리아 (2021년 11월 10일 ~ 2021년 12월 30일)
경이로운 소문,"판타지, 액션, 미스터리, 스릴러","OCN, 넷플릭스, tvN",2020년 11월 28일 ~ 2021년 1월 24일,"매주 토요일, 일요일 오후 10시 30분 ~ 11시 40분",70분,16부작,OCN,,,".mw-parser-output .plainlist ol,.mw-parser-output .plainlist ul{line-height:inherit;list-style:none;margin:0;padding:0}.mw-parser-output .plainlist ol li,.mw-parser-output .plainlist ul li{margin-bottom:0} 스튜디오드래곤 네오엔터테인먼트","유선동, 박봉섭","여지나(1회 ~ 12회) , 유선동(13회), 김새봄 (14회 ~ 16회)","조병규, 유준상, 김세정, 염혜란, 안석환, 이홍내, 옥자연, 정원창, 최광일 외",써치 (2020년 10월 17일 ~ 2020년 11월 15일),타임즈 (2021년 2월 20일 ~ 2021년 3월 28일)
바람피면 죽는다,"코믹, 스릴러, 미스터리",KBS 2TV,2020년 12월 2일 ~ 2021년 1월 28일,"매주 수요일, 목요일 밤 9:30 ~ 10:40","70분 (1회당 1부 40분, 2부 30분 분할방송)",16부작,문준하 (KBS 드라마본부),"기민수, 노상훈 (KBS 드라마운영팀)",박진형,에이스토리,김형석,이성민,"조여정, 고준, 김영대, 연우 외",도도솔솔라라솔 (2020년 10월 7일 ~ 2020년 11월 26일),안녕? 나야! (2021년 2월 17일 ~ 2021년 4월 8일)
펜트하우스,"드라마, 연속극, 서스펜스, 복수, 범죄, 스릴러, 막장",SBS,2020년 10월 26일 ~ 2021년 1월 5일,"매주 월, 화 밤 10:00 ~ 11:15분 매주 일요일 밤 10시","3~21회 70분 (1, 2부 분할 방송) 1회,2회 100분(1, 2, 3부 분할 방송)",21부작,스튜디오 S,최영훈 (스튜디오 S),조성훈,스튜디오 S 초록뱀미디어,"주동민, 박보람",김순옥,"이지아, 김소연, 유진 외",브람스를 좋아하세요? (2020년 8월 31일 ~ 2020년 10월 20일),조선구마사 (2021년 3월 22일 ~ 2021년 3월 23일)
찬란한 내 인생,"가족, 로맨스",MBC,2020년 6월 29일 ~ 2021년 1월 8일,매주 평일 저녁 7:10 ~ 7:50 (본방송) 매주 평일 아침 8:50 ~ 9:30 (재방송),35분 → 40분,127부작,장재훈 (MBC 드라마 운영팀),,김서곤,,김용민[1],,"심이영, 진예솔, 최성재, 원기준 외",나쁜 사랑 (2019년 12월 2일 ~ 2020년 5월 29일),밥이 되어라 (2021년 1월 11일 ~ 2021년 7월 2일)
속아도 꿈결,"가족, 로맨스",KBS 1TV (본방송),2021년 3월 29일 ~ 2021년 10월 1일,매주 평일 저녁 8:30 ~ 밤 9:00 (1TV 본방송),30분,120부작,기민수 (총괄프로듀서),노상훈 (6회 ~ 47회) → 홍석구 (48회 ~ 120회) (KBS 드라마 운영팀),장민석,KBS 드라마본부,김정규,,"최정우, 박준금, 류진, 박탐희 외",누가 뭐래도 (2020년 10월 12일 ~ 2021년 3월 26일),국가대표 와이프 (2021년 10월 4일 ~ 2022년 4월 8일)
국가대표 와이프,드라마,KBS 1TV (본방송),2021년 10월 4일 ~ 2022년 4월 8일,매주 평일 저녁 8:30 ~ 9:00 (1TV 본방송),30분,122부작 + 스페셜 5부작,기민수 (총괄프로듀서),강병택 (KBS 드라마운영팀),김해정,,최지영,,"한다감, 한상진, 심지호 외",속아도 꿈결 (2021년 3월 29일 ~ 2021년 10월 1일),으라차차 내 인생 (2022년 4월 11일 ~ 2022년 9월 30일)
검은 태양,"액션, 블록버스터, 첩보",MBC TV,2021년 9월 17일 ~ 2021년 10월 23일,매주 금요일 ~ 토요일 오후 9시 50분 ~ 오후 11시 10분,1시간 20분(중간 광고 포함),12부작,홍석우,,"김재복, 김지하","MBC, 3Mana Creative, (주)아떼오드",김성용,,"남궁민, 박하선, 김지은, 김병기 외",신설,옷소매 붉은 끝동 (2021년 11월 12일 ~ 2022년 1월 1일)
인간실격,로맨스,JTBC,2021년 9월 4일 ~ 2021년 10월 24일,"매주 토요일, 일요일 밤 10:30 ~ 11:50",70분,16부작,JTBC,"박병철, 정승순, 홍성화","김보람, 김혜인, 박우람, 김보름","씨제스엔터테인먼트, 드라마하우스스튜디오","허진호, 박홍수",,"류준열, 전도연, 박병은, 김효진 외",신설,구경이 (2021년 10월 30일 ~ 2021년 12월 12일)
뫼비우스 : 검은 태양,"액션, 블록버스터, 첩보, 스핀오프",MBC,2021년 10월 29일 ~ 2021년 10월 30일,"매주 금요일, 토요일 밤 9:50 ~ 11:10",80분(중간 광고 포함),2부작,,,,"MBC, 3Mana Creative, (주)아떼오드",위득규,,"박하선, 장영남, 정문성 外",검은 태양 (2021년 9월 17일 ~ 2021년 10월 23일),옷소매 붉은 끝동 (2021년 11월 12일 ~ 2022년 1월 1일)
유미의 세포들,"로맨스, 일상물","TVING, tvN",시즌1: 2021년 9월 17일 ~ 2021년 10월 30일 시즌2 2022년 6월 10일,"TVING: 매주 금요일, 토요일 오전 11:00 선공개 tvN: 매주 금요일, 토요일 오후 10:50 ~ 본방송",,시즌1: 14부작,"양지을, 이명한",조문수,"한소진, 유슬기, 정우식, 이응준","스튜디오드래곤, 스튜디오N, 메리카우",이상엽,,"김고은, 안보현, 이유비, 박지현 외",보이스 4 (2021년 6월 18일 ~ 2021년 7월 31일) 별똥별 (2022년 4월 22일 ~2022년 6월 11일),해피니스 (2021년 11월 5일 ~ 2021년 12월 11일)
키마이라,"범죄, 스릴러",OCN,2021년 10월 30일 ~ 2021년 12월 19일,"매주 토요일, 일요일 밤 10시 30분",70분,16부작,OCN,이경식,,JS픽쳐스,"김도훈, 조록환",이진매,"박해수, 수현, 이희준 외",다크홀 (2021년 4월 30일~2021년 6월 5일),폐지
원 더 우먼,로맨틱 코미디 드라마,SBS,2021년 9월 17일 ~ 2021년 11월 6일,매주 금요일 밤 10:00 ~ 11:20 매주 토요일 밤 10:00 ~ 11:10,,16부작,박영수 (스튜디오 S),홍성창 (SBS 드라마운영팀),박선아,길픽쳐스,최영훈,,"이하늬, 이상윤, 진서연, 이원근 외",모범택시 (2021년 4월 9일 ~ 2021년 5월 29일),"지금, 헤어지는 중입니다 (2021년 11월 12일 ~ 2022년 1월 8일)"
너의 밤이 되어줄게,"로맨틱 코미디, 음악 드라마",SBS TV,2021년 11월 7일 ~ 2022년 1월 23일,매주 일요일 밤 11:05 ~ 12:15,70분,12부작,박유선,"장성욱 (제작총괄) 이태경, 김은미",홍용석,"빅오션ENM , 슈퍼문픽쳐스",안지숙,,"정인선, 이준영, 장동주, 김종현, 윤지성, 김동현 외",메디컬 센터  (2000년 10월 22일 ~ 2001년 8월 12일),폐지
달리와 감자탕,로맨틱 코미디 드라마,KBS 2TV,2021년 9월 22일 ~ 2021년 11월 11일,"매주 수요일, 목요일 밤 9:30 ~ 10:40",70분,16부작 + 스페셜 1부작,홍석구 (KBS 드라마본부),기민수 (KBS 드라마운영팀),"최정은, 박진형","몬스터유니온, 코퍼스코리아",이정섭,"손은혜, 박세은","김민재, 박규영, 권율, 황희, 연우 외",대박부동산 (2021년 4월 14일 ~ 2021년 6월 9일),학교 2021 (2021년 11월 24일 ~ 2022년 1월 13일)
옷소매 붉은 끝동,"사극, 로맨스",MBC TV,2021년 11월 12일 ~ 2022년 1월 1일,매주 금요일 ~ 토요일 오후 9시 50분 ~ 오후 11시 10분,80분,17부작,김호영,,이월연,"위매드, 앤피오엔터테인먼트","정지인, 송연화",,"이준호, 이세영, 강훈 외",검은 태양 (2021년 9월 17일 ~ 2021년 10월 23일),트레이서 (2022년 1월 7일 ~ 2022년 2월 26일)
"지금, 헤어지는 중입니다",멜로,SBS TV,2021년 11월 12일 ~ 2022년 1월 8일,"매주 금요일, 토요일 밤 10:00 ~ 11:10",70분,16부작,SBS 드라마본부 (스튜디오 S),박영수 (SBS 드라마운영팀),,삼화네트웍스 UAA,"이길복, 김재현",,"송혜교, 장기용, 최희서, 김주헌, 박효주, 윤나무 외",원 더 우먼 (2021년 9월 17일 ~ 2021년 11월 6일),악의 마음을 읽는 자들 (2022년 1월 14일 ~ 2022년 3월 12일)
하이클래스,드라마,tvN,2021년 9월 6일 ~ 2021년 11월 1일,"매주 월요일, 화요일 오후 10시 30분",1시간 10분,16부작,"김제현, 김종훈 스튜디오드래곤 (tvN)",김건홍,정세령,"프로덕션에이치, 에이치월드픽쳐스",최병길,,"조여정, 김지수, 하준, 박세진, 공현주 외",너는 나의 봄 (2021년 7월 5일 ~ 2021년 8월 24일),어사와 조이 (2021년 11월 8일 ~ 2021년 12월 28일)
쇼윈도: 여왕의 집,"멜로, 드라마",채널 A,2021년 11월 29일 ~ 2022년 1월 18일,"월요일, 화요일 밤 22:30 ~",,16부작,정회욱 (채널 A),박종은,권예림,㈜코탑미디어,"강솔, 박대희","한보경, 박혜영","송윤아, 이성재, 전소민, 황찬성",굿바이 마눌 (2012년 5월 7일 ~ 2012년 7월 10일),가면의 여왕 (2023년 4월 24일 ~ 2023년 6월 13일)
너를 닮은 사람,"미스터리, 스릴러,하드보일드, 느와르, 피카레스크",JTBC,2021년 10월 13일 ~ 2021년 12월 2일,"매주 수, 목 10시 30분",70분,16부작,,"조나현, 정대웅, 정고은","박우람, 김보름","JTBC스튜디오, 셀트리온엔터테인먼트","임현욱, 조용원",,"고현정, 신현빈, 김재영, 최원영 외",월간 집 (2021년 6월 16일 ~ 2021년 8월 5일),공작도시 (2021년 12월 8일 ~ 2022년 2월 10일)
그 해 우리는,로맨틱 코미디,SBS,2021년 12월 6일 ~ 2022년 1월 25일,"매주 월요일, 화요일 밤 10:00 ~ 11:10",70분,16부작,조성훈 (스튜디오 S),박영수 (스튜디오 S),"홍성창, 한혜원","스튜디오N, 빅오션ENM","김윤진, 이단",,"최우식, 김다미, 김성철, 노정의",홍천기  (2021년 8월 30일 ~ 2021년 10월 26일),사내맞선  (2022년 2월 28일 ~ 2022년 4월 5일)
공작도시,"미스터리, 심리, 스릴러, 로맨스",JTBC,2021년 12월 8일 ~ 2022년 2월 10일,"매주 수요일, 목요일 오후 10시 30분 ~ 11시 30분",70분,20부작,JTBC스튜디오,"이수범, 조성훈","한민정, 방진호, 김보름","HiStory D&C, JTBC스튜디오","전창근, 이소정",손세동,"수애, 김강우, 김미숙, 이이담, 이학주, 이충주 외",너를 닮은 사람 (2021년 10월 13일 ~ 2021년 12월 2일),"서른, 아홉 (2022년 2월 16일 ~ 2022년 3월 31일)"
해피니스,드라마,tvN,2021년 11월 5일 ~ 2021년 12월 11일,"매주 금요일, 토요일 밤 10시 40분 ~",70분,12부작,"김제현 (제작기획) 양지을, 이명한",조문주,"홍원주, 정세미",스튜디오드래곤,안길호,한상운,"한효주, 박형식, 조우진 외",유미의 세포들 (2021년 9월 17일 ~ 2021년 10월 30일),배드 앤 크레이지 (2021년 12월 17일 ~ 2022년 1월 28일)
지리산,,,,,,,,,,,,,,,
구경이,"스릴러, 범죄, 코미디, 느와르",JTBC,2021년 10월 30일 ~ 2021년 12월 12일,"매주 토요일, 일요일 밤 10:30 ~ 11:50",70분,12부작,JTBC,송민선,"김지원, 박우람, 윤재순","키이스트, 그룹에이트, JTBC 스튜디오",이정흠,,"이영애, 김혜준, 곽선영, 김해숙, 이홍내, 백성철, 조현철 외",인간실격 (2021년 9월 4일 ~ 2021년 10월 24일),설강화: snowdrop (2021년 12월 18일 ~ 2022년 1월 30일)
사랑의 꽈배기,"가족, 코미디",KBS 2TV,2021년 12월 13일 ~ 2022년 5월 20일,매주 평일 저녁 7:50 ~ 8:30,40분,103부작,김상휘 (KBS 드라마본부),박기호 (KBS 드라마운영팀),,,김원용,,"함은정, 김진엽, 황신혜, 윤다훈, 심혜진, 손성윤, 장세현 외",빨강 구두 (2021년 7월 5일 ~ 2021년 12월 10일),황금 가면 (2022년 5월 23일 ~ 2022년 10월 7일)
아이돌: 더 쿠데타,청춘 드라마,JTBC,2021년 11월 8일 ~ 2021년 12월 14일,매주 월요일 ~ 화요일 밤 11:00 ~ 12:30,90분,12부작,JTBC,"(제작충판) 성지혜, 문성호","박우람, 김보름",JTBC 스튜디오 미디어그룹테이크투 트랜스페어런츠아츠,"노종찬, 사석춘",,"안희연, 곽시양, 김민규 외",선배 그 립스틱 바르지 마요 (2021년 1월 18일 ~ 2021년 3월 9일),한 사람만 (2021년 12월 20일 ~2022년2월8일 )
연모,"사극, 로맨스",KBS 2TV,2021년 10월 11일 ~ 2021년 12월 14일,"매주 월요일, 화요일 밤 9:30 ~ 10:45",75분,20부작,홍석구 (KBS 드라마본부),"윤재혁 (KBS 드라마운영팀) 한혜연, 송민주, 박춘호 (제작총괄)",백승민,"아크미디어, 몬스터유니온","송현욱, 이현석",한희정,"박은빈, 로운, 남윤수, 최병찬, 배윤경, 정채연 외",경찰수업 (2021년 8월 9일 ~ 2021년 10월 5일),꽃 피면 달 생각하고 (2021년 12월 20일 ~ 2022년 2월 22일)
불가살,"판타지, 드라마",tvN,2021년 12월 18일 ~ 2022년 2월 6일,"매주 토요일, 일요일 밤 9:00 ~ 10:40",70분,16부작,tvN 총괄기획 (김제현) 스튜디오드래곤 (김영규),소재현,"김민정, 조연수","스튜디오드래곤, 쇼러너스","장영우, 함승훈, 김혜주",,"이진욱, 권나라, 공승연, 이준 외",지리산 (2021년 10월 23일 ~ 2021년 12월 12일),스물다섯 스물하나 (2022년 2월 12일 ~ 2022년 4월 3일)
한 사람만,"휴먼, 멜로, 드라마",JTBC,2021년 12월 20일 ~ 2022년 2월 8일,"매주 월, 화 오후 11시",,16부작,JTBC,,"김지원, 방진호, 김보름","키이스트, JTBC 스튜디오","오현종, 강희주",,"안은진, 김경남, 강예원, 박수영 외",아이돌: 더 쿠데타 (2021년 11월 8일 ~ 2021년 12월 14일),미정
꽃 피면 달 생각하고,"사극, 로맨틱 코미디",KBS 2TV,2021년 12월 20일 ~ 2022년 2월 22일,"매주 월요일, 화요일 밤 9:30 ~ 10:40",70분(중간 광고 포함),16부작 + 스페셜 1부작,홍석구 (KBS 드라마본부),기민수 (KBS 드라마운영팀),"김수진, 김성근, 김해정","몬스터유니온, 피플스토리컴퍼니",황인혁,김아록,"유승호, 이혜리, 변우석, 강미나 외",연모 (2021년 10월 11일 ~ 2021년 12월 14일),크레이지 러브 (2022년 3월 7일 ~ 2022년 4월 26일)
어사와 조이,"사극,코미디,로맨스",tvN,2021년 11월 8일 ~ 2021년 12월 28일,"매주 월요일, 화요일 밤 10시 30분",70분,16부작,"김제현, 김영규 tvN, 스튜디오 드래곤",김륜희 (제작총괄) 김기태 (제작이사) 전흥만,"이지민, 김창수, 박유정",,유종선,,"옥택연, 김혜윤, 양희경, 정보석 외",하이클래스 (2021년 9월 6일 ~ 2021년 11월 1일),고스트 닥터 (2022년 1월 3일 ~ 2022년 2월 22일)
멜랑꼴리아,드라마,tvN,2021년 11월 10일 ~ 2021년 12월 30일,"매주 수요일, 목요일 오후 10시 30분",70분,16부작,"tvN, 스튜디오 드래곤",이혜영 김락현 (제작총괄),"유범상, 함근호","스튜디오 드래곤, 본팩토리","김상협, 박미연",,"임수정, 이도현 외",홈타운 (2021년 9월 22일 ~ 2021년 10월 28일),마녀식당으로 오세요 (2022년 1월 5일 ~ 2022년 1월 26일)
비밀의 남자,"복수, 멜로",KBS 2TV,2020년 9월 7일 ~ 2021년 2월 10일,매주 평일 저녁 7:50 ~ 8:30,40분,105부작,기민수 (KBS 드라마본부),문준하 (KBS 드라마운영팀),최정은,셀트리온 엔터테인먼트,신창석,이정대,"강은탁, 엄현경, 이채영, 이시강 외",위험한 약속 (2020년 3월 30일 ~ 2020년 8월 28일),미스 몬테크리스토 (2021년 2월 15일 ~ 2021년 7월 2일)
허쉬,회사 드라마,JTBC,2020년 12월 11일 ~ 2021년 2월 6일,매주 금요일 ~ 토요일 오후 10시 50분 ~ 오전 0시 20분,70분,16부작,,,,"키이스트, JTBC 스튜디오",최규식,,".mw-parser-output .plainlist ol,.mw-parser-output .plainlist ul{line-height:inherit;list-style:none;margin:0;padding:0}.mw-parser-output .plainlist ol li,.mw-parser-output .plainlist ul li{margin-bottom:0} 황정민 임윤아",경우의 수 (2020년 9월 25일 ~ 2020년 11월 28일),괴물 (2021년 2월 19일 ~ 2021년 4월 10일)
암행어사: 조선비밀수사단,코믹 미스터리 사극 드라마,KBS 2TV,2020년 12월 21일 ~ 2021년 2월 9일,"매주 월요일, 화요일 밤 9:30 ~ 10:40","70분 (1회당 1부 40분, 2부 30분 분할방송)",16부작,김상휘 (KBS 드라마본부),윤재혁 (KBS 드라마운영팀),백승민,아이윌미디어,"김정민, 이민수","박성훈, 강민선","김명수, 권나라, 이이경, 이태환, 조수민 외",좀비탐정 (2020년 9월 21일 ~ 2020년 10월 27일),달이 뜨는 강 (2021년 2월 15일 ~ 2021년 4월 20일)
불새 2020,멜로,SBS,2020년 10월 26일 ~ 2021년 4월 9일,매주 평일 아침 8:35 ~ 9:10,35분,120부작,SBS 드라마본부,"최영훈 (1회 ~ 60회), 박영수 (61회 ~ 120회)",,삼화네트웍스,이현직,,"홍수아, 이재우, 서하준, 박영린 외",엄마가 바람났다 (2020년 5월 4일 ~ 2020년 10월 23일),"아모르 파티 - 사랑하라, 지금 (2021년 4월 12일 ~ 2021년 10월 1일)"
고스트 닥터,"메디컬, 휴머니즘",tvN,2022년 1월 3일 ~ 2022년 2월 22일,"매주 월요일, 화요일 밤 22:30 ~ 23:50",80분 (중간 광고 포함),16부작,홍기성 (tvN) 화앤담픽쳐스 (김영규),"이해영 (제작총괄) 윤기택, 오진승","이승훈, 조아라","몬스터유니온, 본팩토리","부성철, 김영환",김선수,"정지훈, 김범, 유이, 손나은, 성동일 외",어사와 조이 (2021년 11월 8일 ~ 2021년 12월 28일),군검사 도베르만 (2022년 2월 28일 ~ 2022년 4월 26일)
트레이서,"추적활극, 드라마","WAVVE, MBC",2022년 1월 7일 ~ 2022년 3월 25일,매주 금요일 ~ 토요일 오후 9시 50분 ~ 오후 11시 10분,1시간 20분,16부작,스튜디오 웨이브 (Wavve Studios),,"용하득, 박재섭",㈜웨스트월드스토리,"이승영, 백호민",,"임시완, 고아성, 손현주, 박용우 외",옷소매 붉은 끝동 (2021년 11월 12일 ~ 2022년 1월 1일),내일 (2022년 4월 1일 ~ 2022년 5월 21일)
학교 2021,학원물 로맨스,KBS 2TV,2021년 11월 24일 ~ 2022년 1월 13일,"매주 수요일, 목요일 밤 9:30 ~ 10:40",70분,16부작,김상휘 (KBS 드라마본부),이정미 (KBS 드라마운영팀),"김창민, 최상열","래몽래인, 킹스랜드","김민태, 홍은미","동희선, 조아라","김요한, 조이현, 추영우, 황보름별, 전석호 외",달리와 감자탕 (2021년 9월 22일 ~ 2021년 11월 11일),너에게 가는 속도 493KM (2022년 4월 20일 ~ 2022년 6월 9일)
악의 마음을 읽는 자들,"범죄, 논픽션, 스릴러, 미스터리",SBS TV,2022년 1월 14일 ~ 2022년 3월 12일,"매주 금요일, 토요일 밤 10:00 ~ 11:10",70분,12부작,SBS 드라마본부,박영수 (스튜디오 S),"김시환, 박기열 이슬기, 김미주 (기획PD)",스튜디오 S,"박보람, 김재홍",,"김남길, 김소진, 진선규 외","지금, 헤어지는 중입니다 (2021년 11월 12일 ~ 2022년 1월 8일)",어게인 마이 라이프 (2022년 4월 8일 ~ 2022년 5월 28일)
마녀식당으로 오세요,"판타지, 드라마","TVING, tvN",2021년 7월 16일 ~ 2021년 8월 13일 2022년 1월 5일 ~ 2022년 1월 19일,"매주 수요일, 목요일 밤 22:30 ~ 23:50",,8부작 5부작,,,,,"소재현, 이수현",,"송지효, 남지현, 채종협 외",멜랑꼴리아 (2021년 11월 10일 ~ 2021년 12월 30일),술꾼도시여자들 (2022년 2월 3일 ~ 2022년 2월 17일)
배드 앤 크레이지,"미스터리, 범죄, 코미디",tvN,2021년 12월 17일 ~ 2022년 1월 28일,"매주 금요일, 토요일 밤 10시 40분 ~ 11시 50분",70분,12부작,tvN 총괄기획 (김제현)강희준김영규,김선태이민하 (제작 총괄),왕성,스튜디오드래곤밍크엔터테인먼트,유선동,김새봄,"이동욱, 위하준, 한지은, 차학연 외",해피니스 (2021년 11월 5일 ~ 2021년 12월 11일),별똥별 (2022년 4월 22일 ~ 2022년 6월 11일)
엉클,"로맨스, 휴머니즘",TV CHOSUN,2021년 12월 11일 ~ 2022년 1월 30일,매주 주말 밤 9:00 ~ 10:20,70분,16부작,정회석,"황보상미  박재성, 박춘호(제작총괄)",박채원,하이그라운드(주)몬스터유니온,"지영수, 성도준",,"오정세, 전혜진, 이경훈, 박선영, 이상우, 이시원, 황우슬혜 외",결혼작사 이혼작곡 2 (2021년 6월 12일 ~ 2021년 8월 8일),결혼작사 이혼작곡 3 (2022년 2월 26일 ~ 2022년 5월 1일)
설강화,"드라마, 로맨스, 시대극",JTBC,2021년 12월 18일 ~ 2022년 1월 30일,"매주 토요일, 일요일 밤 10:30 ~ 11:47",70분,16부작,,"(총괄 프로듀서) 이해광, 정다정",,"드라마하우스, JTBC 스튜디오","조현탁, 김도형",,"정해인, 지수, 장승조, 윤세아, 김혜윤, 유인나, 정유진 외",구경이 (2021년 10월 30일 ~ 2021년 12월 12일),기상청 사람들: 사내연애 잔혹사 편 (2022년 2월 12일 ~2022년 4월 3일 )
술꾼도시여자들,"로맨틱 코미디,우정, 드라마","티빙, tvn",2021년 10월 22일 ~ 2021년 11월 26일,수 목 오후 10시 30분,30분,12부작,TVING,윤기택 (제작총괄) 양시권,최아름,,김정식,,"이선빈, 한선화, 정은지, 시원",마녀식당으로 오세요 (2022년 1월 5일 ~ 2022년 1월 19일),킬힐 (2022년 3월 9일 ~2022년4월21일 )
스폰서,"멜로, 복수, 스릴러","MBN, IHQ DRAMA",2022년 2월 23일 ~ 2022년 4월 6일,"매주 수요일, 목요일 밤 11:00 ~ 11:56",55분,12부작,IHQ,"박종진, 허환, 정진용","배현지, 이효민, 최상은",빅토리콘텐츠,이철,,"한채영, 구자성, 이지훈, 지이수 외",우아한 가 (2019년 8월 21일 ~ 2019년 10월 17일),-
킬힐,드라마,tvN,2022년 3월 9일 ~ 2022년 4월 21일,"매주 수요일, 목요일 밤 22:30 ~ 23:50",70분,14부작,tvN,"이경선, 양영일 CP","안효림, 김을안이, 이슬바",㈜유비컬쳐 / 메이퀸픽쳐스,"노도철, 김새별",,"김하늘, 이혜영, 김성령 외",술꾼도시여자들 (2022년 2월 3일 ~ 2022년 2월 17일),살인자의 쇼핑목록 (2022년 4월 27일 ~ 2022년 5월 19일)
우월한 하루,"드라마, 스릴러",OCN,2022년 3월 13일 ~ 2022년 5월 1일,일요일 밤 10시 30분 ~,70분,8부작,스튜디오 드래곤,,,아이윌미디어,조남형,이지현,"진구, 하도권, 이원근 외",,
신사와 아가씨,"멜로, 로맨틱 코미디, 가족, 드라마",KBS 2TV,2021년 9월 25일 ~ 2022년 3월 27일,매주 토요일 ~ 일요일 저녁 7시 55분 ~ 밤 9시 15분 [1회~44회] 매주 토요일 ~ 일요일 저녁 8시 ~ 밤 9시 20분 [45회~52회],1시간 20분 (중간 광고 포함),52부작,문준하 (KBS 드라마본부),김상휘 (KBS 드라마운영팀),이민수,지앤지프로덕션,신창석,,"지현우, 이세희, 강은탁, 박하나 외",오케이 광자매 (2021년 3월 13일 ~ 2021년 9월 18일),현재는 아름다워 (2022년 4월 2일 ~ 2022년 9월 18일)
"서른, 아홉","드라마, 로맨스",JTBC,2022년 2월 16일 ~ 2022년 3월 31일,"매주 수요일, 목요일 밤 10:30 ~ 11:40",70분,12부작,,양세진,"방진호, 김보름",롯데엔터테인먼트,김상호,,"손예진, 전미도, 김지현, 연우진, 이무생, 이태환 외",공작도시 (2021년 12월 8일 ~ 2022년 2월 10일),그린마더스 클럽 (2022년 4월 6일 ~ 2022년 5월 26일)
현재는 아름다워,드라마,KBS 2TV,2022년 4월 2일 ~ 2022년 9월 18일,"매주 토요일, 일요일 저녁 8:05 ~ 밤 9:25",1시간 20분 (중간 광고 포함),50부작,김상휘 (KBS 드라마본부),기민수 (KBS 드라마운영팀),,"SLL중앙, 드라마하우스스튜디오, 콘텐츠지음","김성근, 이현석 (25회~50회)",,"윤시윤, 배다빈, 오민석, 신동미, 서범준, 최예빈 외",신사와 아가씨 (2021년 9월 25일 ~ 2022년 3월 27일),삼남매가 용감하게 (2022년 9월 24일 ~ 2023년 3월 19일)
스물다섯 스물하나,"로맨스, 코미디, 청춘, 스포츠, 하이틴",tvN,2022년 2월 12일 ~ 2022년 4월 3일,"매주 토요일, 일요일 밤 9:15 ~ 10:40 (방영 종료)",70분,16부작 + 스페셜 1부작,홍기성 (tvN) 스튜디오드래곤 (김영규),김선태 제작총괄 : 김범래,"허석원, 박헌주",㈜화앤담픽쳐스,"정지현, 김승호",,"김태리, 남주혁, 김지연, 최현욱, 이주명 외",불가살 (2021년 12월 18일 ~ 2022년 2월 6일),우리들의 블루스 (2022년 4월 9일 ~ 2022년 6월 12일)
기상청 사람들: 사내연애 잔혹사 편,"비즈니스, 로맨스","JTBC, 넷플릭스",2022년 2월 12일 ~ 2022년 4월 3일,매주 토요일 밤 10:32 ~ 11:44 매주 일요일 밤 10:40 ~ 12:04,60분,16부작,,,"한정훈, 정지한","JTBC 스튜디오, 앤피오엔터테인먼트","차영훈, 고혜진",,"박민영, 송강, 윤박, 유라 외",설강화: snowdrop (2021년 12월 18일 ~ 2022년 1월 30일),나의 해방일지 (2022년 4월 9일 ~ 2022년 5월 29일)
그린마더스 클럽,"드라마, 로맨스",JTBC,2022년 4월 6일 ~ 2022년 5월 26일,"매주 수요일, 목요일 밤 10:30 ~ 11:40",70분,16부작,,황라경,"김도연, 방진호","JTBC 스튜디오, (주) 메가폰",,,"이요원, 추자현, 김규리, 장혜진, 주민경 외","서른, 아홉 (2022년 2월 16일 ~ 2022년 3월 31일)",인사이더 (2022년 6월 8일 ~ 2022년 7월 28일)
으라차차 내 인생,드라마,KBS 1TV,2022년 4월 11일 ~ 2022년 9월 30일,매주 평일 저녁 8:30 ~ 밤 9:00 (KBS 1TV 본방송) 매주 평일 오전 9:20 ~ 10:00 (KBS 2TV 재방송),30분,120부작,기민수 (KBS 드라마본부),김상휘 (KBS 드라마운영팀),홍석구 (총괄),몬스터유니온,성준해,,"남상지, 양병열, 이시강, 차민지 외",국가대표 와이프 (2021년 10월 4일 ~ 2022년 4월 8일),내 눈에 콩깍지 (2022년 10월 3일 ~ 2023년 3월 24일)
비밀의 집,"복수, 로맨스",MBC,2022년 4월 11일 ~ 2022년 10월 10일,매주 평일 저녁 7:05 ~ 7:40 (본방송)[1] 매주 평일 아침 8:50 ~ 오전 9:30 (재방송),"35분, 30분 (목요일)",124부작,장재훈,,,,"이민수, 김진형",,"서하준, 이영은, 정헌, 강별, 이승연 외",두 번째 남편 (2021년 8월 9일 ~ 2022년 4월 5일),마녀의 게임 (2022년 10월 11일 ~ 2023년 4월 14일)
사내 맞선,"로맨스, 코미디",SBS TV,2022년 2월 28일 ~ 2022년 4월 5일,"매주 월요일, 화요일 밤 10:00 ~ 11:03",,12부작 + 스페셜 1부작,스튜디오S,이옥규 (SBS 드라마운영팀),,"카카오엔터테인먼트, 크로스픽쳐스","박선호, 이우람",,"안효섭, 김세정, 김민규, 설인아 외",그 해 우리는 (2021년 12월 6일 ~ 2022년 1월 25일),우리는 오늘부터  (2022년 5월 9일 ~ 2022년 6월 21일)
군검사 도베르만,"범죄, 액션, 군대",tvN,2022년 2월 28일 ~ 2022년 4월 26일,매주 월요일 밤 10:31 ~ 11:45 매주 화요일 밤 10:31 ~ 11:39,70분,16부작,"tvN, 스튜디오드래곤","김영규, 이혜영","이명진, 이유빈",로고스필름,진창규,윤현호,"안보현, 조보아 외",고스트 닥터 (2022년 1월 3일 ~ 2022년 2월 22일),내과 박원장 (2022년 5월 16일 ~ 2022년 5월 31일)
크레이지 러브,"로맨틱, 코미디, 복수",KBS 2TV,2022년 3월 7일 ~ 2022년 4월 26일,"매주 월요일, 화요일 밤 9:30 ~ 10:40",70분(중간 광고 포함),16부작 + 스페셜 1부작,홍석구 (KBS 드라마본부),김상휘 (KBS 드라마운영팀),"이승범 장일지, 김민정, 윤예빈","㈜아크미디어, 슬링샷스튜디오","김정현, 최연수",,"김재욱, 정수정, 하준 외",꽃 피면 달 생각하고 (2021년 12월 20일 ~ 2022년 2월 22일),붉은 단심 (2022년 5월 2일 ~ 2022년 6월 21일)
태종 이방원,사극,KBS 1TV,2021년 12월 11일 ~ 2022년 5월 1일,"매주 토요일, 일요일 밤 9:40 ~ 10:30",50분,32부작,기민수 (KBS 드라마본부),강병택 (KBS 드라마운영팀),"함영걸, 김창민",몬스터유니온,"김형일, 심재현",,"주상욱, 김영철, 박진희, 예지원 외",장영실 (2016년 1월 2일 ~ 2016년 3월 26일),고려거란전쟁 (2023년 11월 4일 ~ 2024년 2월 18일)
결혼작사 이혼작곡 3,"드라마, 로맨스, 막장",TV CHOSUN,2022년 2월 26일 ~ 2022년 5월 1일,아래 참조,70분,16부작,서혜진,황보상미,"박채원, 백지수","㈜지담, 하이그라운드, 초록뱀미디어","오상원, 최영수",,"박주미, 이가령, 이민영, 전수경, 전노민, 문성호, 강신효, 부배, 지영산 외",엉클 (2021년 12월 11일 ~ 2022년 1월 30일),마녀는 살아있다 (2022년 6월 25일 ~ 2022년 9월 10일)
우리는 오늘부터,멜로 로맨스 코미디,SBS TV,2022년 5월 9일 ~ 2022년 6월 21일,"월요일, 화요일 밤 10:00 ~ 11:03",70분,14부작,스튜디오S,"이슬기, 제작총괄 김태은",,크리에이티브리더스그룹에이트,정정화,,"임수향, 성훈, 신동욱, 홍은희, 홍지윤, 김수로 외",사내 맞선 (2022년 2월 28일 ~ 2022년 4월 5일),치얼업 (2022년 10월 3일 ~ 2022년 12월 13일)
내과 박원장,"의학, 코미디",TVING tvN,2022년 1월 14일 ~ 2022년 2월 28일 2022년 5월 16일 ~ 2022년 5월 31일,"매주 금요일 오후 4시 매주 월요일, 화요일 밤 10시 30분",60분,12부작,TVING,,,"싸이더스 픽처스, XL 픽쳐스",,서준범,"이서진, 라미란 外",군검사 도베르만 (2022년 2월 28일 ~ 2022월 4월 26일),"링크:먹고 사랑하라, 죽이게 (2022년 6월 6일 ~ 2022년 7월 26일)"
살인자의 쇼핑목록,드라마,tvN,2022년 4월 27일 ~ 2022년 5월 19일,"매주 수요일, 목요일 밤 22:30 ~ 23:39",70분,8부작,"tvN, 스튜디오드래곤","유상원, 조사현 C.P","최순규, 권경현",㈜비욘드제이,이언희,,"이광수, 김설현, 진희경 외",킬힐 (2022년 3월 9일 ~ 2022년 4월 21일),이브 (2022년 6월 1일 ~ 2022년 7월 21일)
내일,,,,,,,,,,,,,,,
황금 가면,"복수, 멜로",KBS 2TV,2022년 5월 23일 ~ 2022년 10월 7일,매주 평일 저녁 7:50 ~ 8:30 (본방송),40분,100부작,박기호 (KBS 드라마본부),홍석구 (KBS 드라마운영팀),,,어수선,,"차예련, 이현진, 나영희, 이휘향 외",사랑의 꽈배기 (2021년 12월 13일 ~ 2022년 5월 20일),태풍의 신부 (2022년 10월 10일 ~ 2023년 3월 9일)
어게인 마이 라이프,"현대 판타지, 복수, 액션, 법정",SBS TV,2022년 4월 8일 ~ 2022년 5월 28일,매주 금요일 밤 10:00 ~ 11:20 매주 토요일 밤 10:00 ~ 11:10,70분,16부작,홍성창 (스튜디오 S),이광순 (스튜디오 S) 제작총괄 : 황철민,허정,"삼화네트웍스, 크로스픽쳐스","한철수, 김용민",,"이준기, 이경영, 김지은, 정상훈 외",악의 마음을 읽는 자들 (2022년 1월 14일 ~ 2022년 3월 12일),왜 오수재인가 (2022년 6월 3일 ~ 2022년 7월 23일)
나의 해방일지,휴머니즘,JTBC,2022년 4월 9일 ~ 2022년 5월 29일,"매주 토요일,일요일 밤 10:30 ~ 11:50",80분,16부작,,,,스튜디오피닉스 초록뱀미디어 SSL,김석윤,,"이민기, 김지원, 손석구, 이엘 외",기상청 사람들: 사내연애 잔혹사 편 (2022년 2월 12일 ~ 2022년 4월 3일),클리닝 업 (2022년 6월 4일 ~ 2022년 7월 24일)
클리닝 업,"드라마, 휴먼",JTBC,2022년 6월 3일 ~ 2022년 7월 24일,매주 토요일 밤 10:30 ~ 11:37 매주 일요일 밤 10:30 ~ 11:44,60분,16부작,,이세영,,"드라마하우스, JTBC 스튜디오",윤성식,,"염정아, 전소민, 김재화 외",나의 해방일지 (2022년 4월 9일 ~ 2022년 5월 29일),모범형사 2 (2022년 7월 30일 ~ 2022년 9월 18일)
인사이더,"범죄, 드라마",JTBC,2022년 6월 8일 ~ 2022년 7월 28일,"매주 수요일, 목요일 밤 10:30 ~ 11:40",70분,16부작,,황라경,"김성균, 배정훈, 방진호 (총괄 김성회, 전준호)","JTBC 스튜디오, (주)에이스팩토리",민연홍,,"강하늘, 이유영, 허성태 외",그린마더스 클럽 (2022년 4월 6일 ~ 2022년 5월 26일),사랑의 이해 (2022년 12월 21일 ~ 2023년 2월 9일)
너에게 가는 속도 493KM,"로맨스, 스포츠",KBS 2TV,2022년 4월 20일 ~ 2022년 6월 9일,"매주 수요일, 목요일 밤 9:50 ~ 11:00",70분(중간 광고 포함),16부작,홍석구 (KBS 드라마본부),윤재혁 (KBS 드라마운영팀),,블리츠웨이스튜디오[2],"조웅, 구성준",,"박주현, 채종협, 권소현 외",학교 2021 (2021년 11월 24일 ~ 2022년 1월 13일),징크스의 연인 (2022년 6월 15일 ~ 2022년 8월 4일)
별똥별,"로맨스, 코미디",tvN,2022년 4월 22일 ~ 2022년 6월 11일,매주 금요일 ~ 토요일 오후 10시 40분 ~ 오전 12시,1시간 20분,16부작,"tvN, 스튜디오드래곤",,"김겨레, 이민아",스튜디오드래곤  메이스엔터테인먼트,이수현,최연수,"이성경,김영대, 윤종훈, 김윤혜, 박소진, 이정신 외",배드 앤 크레이지 (2021년 12월 17일 ~ 2022년 1월 28일),블라인드 (2022년 9월 16일 ~ 2022년 11월 5일)
우리들의 블루스,"판타지, 드라마, 로맨스, 코믹",tvN,2022년 4월 9일 ~ 2022년 6월 12일,"토요일, 일요일 밤 9시 10분 ~",70분,20부작,스튜디오드래곤,장정도,"김성민, 김누리",지티스트,"김규태, 이정묵, 김양희",,"이병헌, 신민아, 차승원, 이정은, 한지민, 김우빈, 엄정화 외",스물다섯 스물하나 (2022년 2월 12일 ~ 2022년 4월 3일),환혼 (2022년 6월 18일 ~ 2022년 8월 28일)
"지금부터, 쇼타임!","판타지, 코미디",MBC,2022년 4월 23일~6월 12일,매주 토요일 오후 8시 40분 ~ 오후 9시 55분 매주 일요일 오후 9시 ~ 오후 10시 30분,"토요일 : 1시간 15분, 일요일 : 1시간 30분",16부작,MBC 드라마스튜디오,,,주식회사 삼화네트웍스,"이형민, 정상희",,"박해진, 진기주, 정준호 외",신설,미정
징크스의 연인,"판타지, 로맨스",KBS 2TV,2022년 6월 15일 ~ 2022년 8월 4일,"매주 수요일, 목요일 밤 9:50 ~ 11:00",70분(중간 광고 포함),16부작,김상휘 (KBS 드라마본부),권계홍 (KBS 드라마운영팀) 제작총괄: 최재순,"김해정, 오형일",빅토리콘텐츠,윤상호,,"서현, 나인우, 전광렬, 윤지혜, 기도훈 외",너에게 가는 속도 493KM (2022년 4월 20일 ~ 2022년 6월 9일),당신이 소원을 말하면 (2022년 8월 10일 ~ 2022년 9월 29일)
환혼,"사극,[1] 로맨스, 액션, 판타지",tvN,2022년 6월 18일 ~ 2022년 8월 28일,"매주 토요일, 일요일 밤 9:10 ~ 10:30",70분,20부작,"tvN, 스튜디오드래곤","장정도, 이영옥",안소정,"스튜디오드래곤, 하이퀄리티","박준화, 장양호","홍정은, 홍미란[2]","이재욱, 정소민, 황민현, 유준상, 신승호, 오나라, 조재윤 외",우리들의 블루스 (2022년 4월 9일 ~ 2022년 6월 12일),작은 아씨들 (2022년 9월 3일 ~ 2022년 10월 9일)
아직 최선을 다하지 않았을 뿐,,tvN,2022년 6월 18일 ~ 2022년 9월 3일,,,12부작,,,,,,,,별똥별 (2022년 4월 22일 ~ 2022년 6월 11일),블라인드 (2022년 9월 16일 ~ 2022년 11월 5일)
붉은 단심,"사극, 로맨스",KBS 2TV,2022년 5월 2일 ~ 2022년 6월 21일,"매주 월요일, 화요일 밤 9:30 ~ 10:40",70분 (중간 광고 포함),16부작,홍석구 (KBS 드라마본부),"김상휘 (KBS 드라마운영팀) 제작총괄 최재석, 이정철","장민석, 백승민",GnG프로덕션,유영은,,"이준, 강한나, 장혁 외",크레이지 러브 (2022년 3월 7일 ~ 2022년 4월 26일),미남당 (2022년 6월 27일 ~ 2022년 8월 23일)
구필수는 없다,"드라마, 휴먼, 가족",ENA,2022년 5월 4일~2022년 6월 23일,"매주 수요일, 목요일 밤 9:00 ~ 10:25",70분,16부작,,김현정,,"KT스튜디오지니, 캐빈74, 오즈아레나","최도훈, 육정용",,"곽도원, 윤두준, 한고은, 박원숙 외",-,신병 (드라마) (2022년 7월 23일 ~ 2022년 8월 20일)
마녀는 살아있다,블랙 코미디,TV조선,2022년 6월 25일 ~ 9월 10일,토요일 밤 10:40 ~ 12:00,80분,12,정회석 (TV CHOSUN),정형서 (TV조선),"박채원, 백지수","하이그라운드, 제이에스픽쳐스, 대단한이야기",김윤철,박파란,"이유리, 이민영, 윤소이, 정상훈 외",결혼작사 이혼작곡 3 (2022년 2월 26일 ~ 2022년 5월 1일),빨간풍선 (2022년 12월 17일 ~ 2023년 2월 26일)
미남당,"미스터리, 코미디, 수사",KBS 2TV,2022년 6월 27일 ~ 2022년 8월 23일,"매주 월요일, 화요일 밤 9:50 ~ 11:00",70분(중간 광고 포함),18부작,이정미 (KBS 드라마본부),윤재혁 (KBS 드라마운영팀),이승범,"피플스토리컴퍼니, AD406, 몬스터유니온","고재현, 윤라영",박혜진,"서인국, 오연서, 곽시양, 강미나, 권수현 외",붉은 단심 (2022년 5월 2일 ~ 2022년 6월 21일),법대로 사랑하라 (2022년 9월 5일 ~ 2022년 10월 25일)
이브,,,,,,,,,,,,,,,
닥터 로이어,"메디컬, 법정",MBC TV,80분,2022년 6월 3일 ~ 2022년 7월 23일,"금요일, 토요일 밤 9시 50분 ~",16부작,김호준,,,"셀트리온엔터테인먼트, 몽작소","이용석, 이동현",,"소지섭, 신성록, 임수향 외",내일 (2022년 4월 1일 ~ 2022년 5월 21일),빅마우스 (2022년 7월 29일 ~ 2022년 9월 17일)
왜 오수재인가?,"미스터리, 법정, 로맨스",SBS,2022년 6월 3일~2022년 7월 23일,"매주 금요일, 토요일 밤 10:00 ~ 11:10[1]",70분,16부작,SBS 드라마본부,박영수 (SBS 드라마운영팀),이재우,"스튜디오 S, VO미디어","박수진, 김지연, 강보승",,"서현진, 허준호, 황인엽, 배인혁 외",어게인 마이 라이프 (2022년 4월 8일 ~ 2022년 5월 28일),오늘의 웹툰 (2022년 7월 29일 ~ 2022년 9월 17일)
돼지의 왕,스릴러,TVING,2022년 3월 18일 ~ 2022년 4월 22일,매주 금요일 오후 4시,60분 (매주 2회 연속),12부작,,장정도,김경규,"스튜디오드래곤, 히든시퀀스","김대진, 김상우",,"김동욱, 김성규, 채정안 外",,
"링크:먹고 사랑하라, 죽이게","판타지, 로맨스, 휴먼, 미스터리","tvN, TVING, 디즈니+",2022년 6월 6일 ~ 2022년 7월 26일,"매주 월요일, 화요일 밤 10:30 ~ 11:40",70분,16부작,"tvN (홍기성), 스튜디오드래곤 (김영규)",장정도,,,홍종찬,권기영 권도환,"여진구, 문가영 외",내과 박원장 (2022년 5월 16일 ~ 2022년 5월 31일),조선 정신과 의사 유세풍 (2022년 8월 1일 ~ 2022년 9월 6일)
아다마스,드라마,tvN,2022년 7월 27일 ~ 2022년 9월 15일,매주 수요일 밤 10:30 ~ 목요일 오전 12:00,70분,16부작,"tvN, 스튜디오드래곤",소재현,"이동은, 박규원",메이스엔터테인먼트,"박승우, 성치욱, 임채림",,"지성, 서지혜, 이수경 외",이브 (2022년 6월 1일 ~ 2022년 7월 21일),월수금화목토 (2022년 9월 21일 ~ 2022년 11월 10일)
오늘의 웹툰,"비즈니스, 오피스, 코미디",SBS TV,2022년 7월 29일 ~ 2022년 9월 17일,매주 금요일 밤 10:00 ~ 11:20 / 매주 토요일 밤 10:00 ~ 11:10,70분,16부작,홍성창 (스튜디오S),이슬기,"김준경, 윤기진","빈지웍스, STUDIO N","조수원, 김영환","조예랑, 이재은","김세정, 남윤수, 최다니엘 외",왜 오수재인가 (2022년 6월 3일 ~ 2022년 7월 23일),천원짜리 변호사 (2022년 9월 23일 ~ 2022년 11월 11일)
빅마우스,"범죄, 스릴러, 서스펜스, 느와르",MBC TV,2022년 7월 29일 ~ 2022년 9월 17일,"금요일, 토요일 밤 9시 50분",70분,16부작,김호준,안인용,,"에이스토리, 스튜디오드래곤, A-MAN프로젝트","오충환, 배현진",,"이종석, 임윤아, 김주헌, 양경원, 옥자연 외",닥터 로이어 (2022년 6월 3일 ~ 2022년 7월 23일),금수저 (2022년 9월 23일 ~ 2022년 11월 12일)
모범형사 2,"범죄, 수사",JTBC,2022년 7월 30일 ~ 2022년 9월 18일,매주 토요일 밤 10:35 ~ 11:47 매주 일요일 밤 10:34 ~ 11:46,70분,16부작,,"김형철 총괄 : 임병문, 공희철, 조성문","윤채은, 방진호","블러썸스토리, SLL",조남국,최진원,"손현주, 장승조, 김효진 외",클리닝 업 (2022년 6월 4일 ~ 2022년 7월 24일),디 엠파이어 : 법의 제국 (2022년 9월 24일 ~2022년 1월 13일)
멧돼지 사냥,드라마,MBC,2022년 8월 1일 ~ 2022년 8월 22일,매주 월요일 밤 22:30,70분,4부작,남궁성우,,"문주희, 박윤아",주식회사 아센디오,송연화,,"박호산, 김수진, 예수정",,
조선 정신과 의사 유세풍,"메디컬, 사극, 드라마, 로맨스",tvN,2022년 8월 1일 ~ 2022년 9월 6일,매주 월요일 밤 10:30 ~ 11:40 매주 화요일 밤 10:35 ~ 11:47,70분,12부작,"tvN, 스튜디오드래곤",유상원,"손자영, 김하경",,"박원국, 강희주","박슬기, 최민호, 이봄","김민재, 김향기, 김상경 외","링크:먹고 사랑하라, 죽이게 (2022년 6월 6일 ~ 2022년 7월 26일)",멘탈코치 제갈길 (2022년 9월 12일 ~ 2022년 11월 1일)
괴이,,,,,,,,,,,,,,,
이상한 변호사 우영우,"법정, 휴먼, 코미디, 로맨스 드라마",ENA,2022년 6월 29일~2022년 8월 18일,"매주 수요일, 목요일 밤 9:00 ~ 10:25",70분,16부작,,,,"에이스토리, KT스튜디오지니, 낭만크루",유인식,,"박은빈, 강태오, 강기영 외",구필수는 없다 (2022년 5월 4일~2022년 6월 23일),굿잡 (2022년 8월 24일~2022년 9월 29일)
법대로 사랑하라,"법정, 로맨스",KBS 2TV,2022년 9월 5일 ~ 2022년 10월 25일,"매주 월요일, 화요일 밤 9:50 ~ 11:00",70분 (중간 광고 포함),16부작 + 스페셜 1부작,박기호 (KBS 드라마본부),"김상휘 (KBS 드라마운영팀) 제작총괄: 박재성, 오흥열, 주형진","김창민, 한상우, 이현경","지담미디어, 하이그라운드",이은진,,"이승기, 이세영 외",미남당 (2022년 6월 27일 ~ 2022년 8월 23일),커튼콜 (2022년 10월 31일 ~ 2022년 12월 27일)
작은 아씨들,성장물,,,,,,,,,,,,,,
블라인드,,,,,,,,,,,,,,,
금수저,"가족, 멜로, 복수, 막장 드라마",MBC TV,2022년 9월 23일 ~ 2022년 11월 12일,80분,"금요일, 토요일 밤 9시 50분 ~",16부작,홍석우 (MBC 드라마),제작총괄: 김보미,,,"송현욱, 이한준",,"육성재, 이종원, 정채연, 연우 외",빅마우스 (2022년 7월 29일 ~ 2022년 9월 17일),팬레터를 보내주세요 (2022년 11월 18일 ~ 2022년 11윌 26일)
디 엠파이어 : 법의 제국,"범죄, 드라마, 멜로",JTBC,2022년 9월 24일 ~ 2022년 11월 13일,매주 토요일 밤 10:30 ~ 11:50 매주 일요일 밤 10:30 ~ 11:50,70분,16부작,JTBC스튜디오,"총괄프로듀서 박수화, 윤기진",,"JTBC스튜디오, 셀트리온 엔터테인먼트","유현기, 김성진",,"김선아, 안재욱, 신구, 오현경",모범형사 2 (2022년 7월 30일 ~ 2022년 9월 18일),"재벌집 막내아들 (2022년 11월 18일 ~ 2022년 12월 25일) (금,토,일 편성)"
삼남매가 용감하게,"복수, 범죄, 미스테리, 멜로, 피카레스크, 막장, 코미디, 가족, 로맨스",KBS 2TV,2022년 9월 24일 ~ 2023년 3월 19일,매주 주말 저녁 8:05 ~ 밤 9:25,1시간 20분 (중간 광고 포함),51부작 + 스페셜 1부작,박기호 (KBS 드라마본부),홍석구 (KBS 드라마운영팀),"장민석, 백승민",,박만영,,"이하나, 임주환, 이태성, 김승수, 김소은, 이유진 외",현재는 아름다워 (2022년 4월 2일 ~ 2022년 9월 18일),진짜가 나타났다! (2023년 3월 25일 ~ 2023년 9월 10일)
천원짜리 변호사,법률,SBS TV,2022년 9월 23일 ~ 2022년 11월 11일,매주 금요일 밤 10:00 ~ 11:20 매주 토요일 밤 10:00 ~ 11:10,70분,12부작 + 스페셜 1부작,이광순 (스튜디오 S),이광순 (스튜디오 S),"서균, 김철호",스튜디오 S,"김재현, 신중훈",,"남궁민, 김지은, 최대훈 외",오늘의 웹툰 (2022년 7월 29일 ~ 2022년 9월 17일),소방서 옆 경찰서 (2022년 11월 12일 ~ 2022년 12월 30일)
당신이 소원을 말하면,휴머니즘,KBS 2TV,2022년 8월 10일 ~ 2022년 9월 29일,"매주 수요일, 목요일 밤 9:50 ~ 11:00",70분 (중간 광고 포함),16부작,기민수 (KBS 드라마본부),박기호 (KBS 드라마운영팀),김해정,클라이맥스 스튜디오,김용완,,"지창욱, 성동일, 최수영 외",징크스의 연인 (2022년 6월 15일 ~ 2022년 8월 4일),진검승부 (2022년 10월 5일 ~ 2022년 11월 10일)
진검승부,액션,KBS 2TV,2022년 10월 5일 ~ 2022년 11월 10일,매주 수요일 ~ 목요일 오후 9시 50분 ~ 오후 11시,1시간 10분,12부작,박기호 (KBS 드라마본부),,백승민,"네오 엔터테인먼트, 블라드 스튜디오","김성호, 최연수",,"도경수, 이세희, 하준 외",당신이 소원을 말하면 (2022년 8월 10일 ~ 2022년 9월 29일),미정
슈룹,"사극, 드라마, 코미디",tvN,2022년 10월 15일 ~ 2022년 12월 4일,매주 토요일 ~ 일요일 밤 9:10 ~ 10:40,70분,16부작,스튜디오드래곤,유상원,"최순규, 권경현",하우픽쳐스,"김형식, 박건호",,"김혜수, 김해숙, 최원영 외",작은 아씨들 (2022년 9월 3일 ~ 2022년 10월 9일),환혼 빛과 그림자 (2022년 12월 10일 ~ 2023년 1월 8일)
장미맨션,,"TVING, OCN",2022년 5월 13일 ~ 2022년 5월 27일 2022년 9월 18일 ~ 2022년 10월 23일,매주 금요일 오후 16:00 ~ 17:10(티빙) OCN 매주 일요일 밤 22:30 ~ 23:50,50분,12부작,,,,,,,,,
멘탈코치 제갈길,"스포츠, 휴머니즘",tvN,2022년 9월 12일 ~ 2022년 11월 1일,"매주 월요일, 화요일 밤 10:35 ~ 11:46",70분,16부작,,"장정도, 송진선 제작총괄 : 김락현","이예림, 박건욱",,"손정현, 김태엽",,"정우, 이유미, 권율, 박세영 외",조선 정신과 의사 유세풍 (2022년 8월 1일 ~ 2022년 9월 6일),연예인 매니저로 살아남기 (2022년 11월 7일 ~ 2022년 12월 13일)
소방서 옆 경찰서,"범죄, 스릴러, 미스터리",SBS TV,2022년 11월 12일 ~ 2022년 12월 30일,매주 금요일 밤 10:00 ~ 11:20 매주 토요일 밤 10:00 ~ 11:10,70분,12부작,조성훈 (스튜디오 S),박영수 (스튜디오 S),"(故) 이힘찬, 박상진","스튜디오 S, 메가몬스터",신경수,,"김래원, 손호준, 공승연 외",천원짜리 변호사 (2022년 9월 23일 ~ 2022년 11월 11일),법쩐 (2023년 1월 6일 ~ 2023년 2월 11일)
팬레터를 보내주세요,"드라마, 로맨스",MBC,2022년 11월 18일 ~ 2022년 11월 26일,"매주 금요일, 토요일 밤 9시 50분 ~ 11시 10분",70분,4부작,남궁성우 (MBC),,"오뜨락, 박윤아",,정상희,,"최수영, 윤박 외",금수저 (2022년 9월 23일 ~ 2022년 11월 12일),금혼령 (2022년 12월 9일 ~ 2023년 1월 21일)
치얼 업,,,,,,,,,,,,,,,
사랑의 이해,"멜로, 로맨스",JTBC,2022년 12월 21일 ~ 2023년 2월 9일,"매주 수요일, 목요일 밤 10:30 ~ 11:40",70분,16부작,SLL,송경수,이가현,SLL,"조영민, 김다예",,"유연석, 문가영, 금새록, 정가람 외",인사이더 (2022년 6월 8일 ~ 2022년 7월 28일),나쁜 엄마 (2023년 4월 26일 ~ 2023년 6월 8일)
일당백집사,드라마,MBC,2022년 10월 19일 ~ 2022년 12월 22일,매주 수요일 ~ 목요일 오후 9시 50분 ~ 오후 11시 10분,1시간 10분(중간 광고 포함),16부작,"김호준, 남궁성우","김종식 제작총괄: 김홍선, 유무열",,아이윌미디어,"심소연, 박선영",이선혜,"이혜리, 이준영 외",미치지 않고서야 (2021년 6월 23일 ~ 2021년 8월 26일),미정
재벌집 막내아들,"드라마, 복수, 범죄, 회귀, 정치, 스릴러",JTBC,2022년 11월 18일 ~ 2022년 12월 25일,매주 금요일 토요일 일요일 오후 10시 30분 ~ 오전 12시,1시간 30분,16부작,JTBC,"안현숙, 이예슬","이윤정, 김우현, 김보름, 지민경, 나범수, 방진호",,"정대윤, 김상호","김태희, 장은재","송중기, 이성민, 박혁권, 김남희, 윤제문, 박지현 외",언더 커버 (2021년 4월 23일 ~ 2021년 6월 12일),미정
,,,,,,,,,,,,,,JTBC 토일 드라마,JTBC 토일 드라마
,,,,,,,,,,,,,,디 엠파이어 : 법의 제국 (2022년 9월 24일 ~ 2022년 11월 13일),대행사 (2023년 1월 7일 ~ 2023년 2월 26일)
커튼 콜,,,,,,,,,,,,,,,
아무것도 하고 싶지 않아,드라마,ENA,2022년 11월 21일 ~ 2022년 12월 27일,매주 월요일 ~ 화요일 오후 9시 20분 ~ 오후 10시 30분,1시간 10분,12부작,KT스튜디오지니,,"김은선, 정다솔",지티스트,"이윤정, 홍문표",,"김설현, 임시완, 신은수, 방재민 외",신설,종이달 (2023년 4월 10일 ~ 2023년 5월 9일)
결혼백서,,,,,,,,,,,,,,,
유미의 세포들 2,"로맨스, 일상물","TVING, tvN",시즌2: 2022년 11월 16일 ~ 2022년 12월 29일,"TVING: 매주 금요일, 토요일 오전 11:00 선공개 tvN: 매주 수요일, 목요일 밤 10:30 ~ 본방송",,시즌2: 14부작,"양지을, 이명한",조문수,"한소진, 유슬기, 정우식, 이응준","스튜디오드래곤, 스튜디오N, 메리카우",이상엽,,"김고은, 이유비, 박지현 외",월수금화목토 (2022년 9월 21일 ~ 2022년 11월 10일),조선정신과의사유세풍2 (2023년 1월 11일 ~ 2023년 2월 9일)
월수금화목토,"드라마, 로맨스",tvN,2022년 9월 21일 ~ 2022년 11월 10일,"매주 수요일, 목요일 밤 10:30 ~ 11:50",70분,16부작,tvN,이경선,"박세은, 김다흰, 윤나현",스튜디오605,"남성우, 정여진",,"박민영, 고경표, 김재영 외",아다마스 (2022년 7월 27일 ~ 2022년 9월 15일),유미의 세포들 2 (2022년 11월 16일 ~ 현재)
환혼 빛과 그림자,"사극,[1] 로맨스, 액션, 판타지",tvN,2022년 12월 10일 ~ 2023년 1월 8일,"매주 토요일, 일요일 밤 9:10 ~ 10:30",70분,10부작,"tvN, 스튜디오드래곤","장정도, 이영옥",안소정,"스튜디오드래곤, 하이퀄리티","박준화, 배현진","홍정은, 홍미란[2]","이재욱, 고윤정, 황민현, 유준상, 신승호, 오나라, 조재윤 외",슈룹 (2022년 10월 15일 ~ 2022년 12월 4일),일타 스캔들 (2023년 1월 14일 ~ 2023년 3월 5일)
"금혼령, 조선 혼인 금지령","사극, 로맨스",MBC TV,2022년 12월 9일 ~ 2023년 1월 21일,금요일 토요일 9시 50분,,12부작,김호준,"윤기택, 오진승","이대용, 손상범",본팩토리,"박상우, 정훈",,"박주현, 김영대, 김우석, 양동근",팬레터를 보내주세요 (2022년 11월 18일 ~ 2022년 11월 26일),꼭두의 계절 (2023년 1월 27일 ~2023년3월24일)
사장님을 잠금해제,드라마,ENA,2022년 12월 7일 ~ 2023년 1월 12일,"매주 수요일, 목요일 밤 9:00 ~ 10:25",70분,12부작,"김천연, ENA, KT스튜디오지니","김현정 CP: 김현철, 이희원",,"STUDIO N, 하이지음스튜디오",이철하,,"채종협, 서은수, 박성웅 외",얼어죽을 연애따위 (2022년 10월 5일 ~ 2022년 12월 1일),남이 될 수 있을까? (2023년 1월 18일 ~ 2023년2월23일)
미씽: 그들이 있었다 2,"미스터리, 스릴러, 범죄",tvN,2022년 12월 19일 ~ 2023년 1월 31일,"매주 월요일, 화요일 밤 8:50 ~",70분,14부작,"tvN, 스튜디오드래곤",김성민,김누리,,"민연홍, 이예림",,"고수, 허준호 외",연예인 매니저로 살아남기 (2022년 11월 7일 ~ 2022년 12월 13일),청춘월담 (2023년 2월 6일 ~ 2023년 4월 11일)
트롤리,"멜로, 미스터리",SBS TV,2022년 12월 19일 ~ 2023년 2월 14일,"매주 월요일, 화요일 밤 10:00 ~ 11:10",70분,16부작,스튜디오 S,이광순,,스튜디오 S,김문교,,"김현주, 박희순, 류현경, 김무열 외",치얼업 (2022년 10월 3일 ~ 2022년 12월 13일),꽃선비 열애사 (2023년 3월 20일 ~ 2023년 5월 9일)
빨간풍선,"휴먼, 가족, 코미디, 드라마, 막장",TV CHOSUN,2022년 12월 17일 ~ 2023년 2월 26일,매주 주말 밤 9시 10분 ~ 10시 50분,1시간 40분,20부작,정회석,정형서,"박채원, 백지수","초록뱀미디어, 하이그라운드","진형욱, 이승훈",,"서지혜, 이성재, 홍수현, 이상우, 정유민 외",마녀는 살아있다 (2022년 6월 25일 ~ 2022년 9월 10일),아씨두리안 (2023년 6월 24일 ~ 2023년 8월 13일)
태풍의 신부,"복수, 멜로",KBS 2TV,2022년 10월 10일 ~ 2023년 3월 9일,매주 월요일 ~ 금요일 저녁 7:50 ~ 8:30,40분,102부작,박기호 (KBS 드라마본부),이정미 (KBS 드라마운영팀),"정광수, 김해정","DK E&M, 초록뱀미디어",박기현,,"박하나, 손창민, 강지섭, 박윤재, 오승아 외",황금 가면 (2022년 5월 23일 ~ 2022년 10월 7일),비밀의 여자 (2023년 3월 14일 ~ 2023년 8월 4일)
내 눈에 콩깍지,드라마,KBS 1TV,2022년 10월 3일 ~ 2023년 3월 24일,매주 평일 저녁 8:30 ~ 밤 9:00 (KBS 1TV 본방송),30분,123부작,홍석구 (KBS 드라마본부),기민수 (KBS 드라마운영팀),"박단비, 백승민",몬스터유니온,고영탁,,"백성현, 배누리, 정수환, 최윤라 외",으라차차 내 인생 (2022년 4월 11일 ~ 2022년 9월 30일),"금이야, 옥이야 (2023년 3월 27일 ~ 2023년 9월 15일)"
마녀의 게임,"복수, 로맨스",MBC,2022년 10월 11일 ~ 2023년 4월 14일,매주 평일 저녁 7:05 ~ 7:40 (본방송)[1] 매주 평일 아침 7:50 ~ 8:30 (재방송),"35분, 30분 (목요일)",119부작,장재훈,,,,"이형선, 강태흠",,"장서희, 김규선, 오창석, 한지완, 이현석 외",비밀의 집 (2022년 4월 11일 ~ 2022년 10월 10일),하늘의 인연 (2023년 4월 17일 ~ 2023년 10월 13일)
조선 정신과 의사 유세풍 2,"사극, 한의학, 코미디, 추리물",tvN,2023년 1월 11일 ~ 2023년 2월 9일,"매주 수요일, 목요일 밤 10:30 ~ 11:50",,10부작,,유상원,"손자영, 김하경","미디어캔, 영화사 일취월장","박원국, 강희주",,"김민재, 김향기, 김상경 외",유미의 세포들 2 (2022년 11월 16일 ~ 2022년 12월 29일),성스러운 아이돌 (2023년 2월 15일 ~ 2023년 3월 23일)
대행사,"오피스, 드라마, 휴먼",JTBC,2023년 1월 7일 ~ 2023년 2월 26일,"매주 토요일, 일요일 밤 22:30 ~ 23:50",80분,16부작,,"김소정, 신선주","박영진, 황현미",,"이창민, 조용원",,"이보영, 조성하, 손나은 외",재벌집 막내아들 (2022년 11월 18일 ~ 2022년 12월 25일),"신성한, 이혼 (2023년 3월 4일 ~ 2023년 4월 9일)"
법쩐,"법률, 복수",SBS TV,2023년 1월 6일 ~ 2023년 2월 11일,매주 금요일 밤 10:00 ~ 11:20 매주 토요일 밤 10:00 ~ 11:10,70분,12부작,한정환 (스튜디오 S),"이광순, CP: 강병국","김민태, 박희돈, 정순태",레드나인 픽쳐스,"이원태, 함준호",김원석,"이선균, 문채원, 강유석, 박훈, 김홍파 외",소방서 옆 경찰서 (2022년 11월 12일 ~ 2022년 12월 30일),모범택시 2 (2023년 2월 17일 ~ 2023년 4월 15일)
성스러운 아이돌,"로맨틱 코미디, 판타지, 음악",tvN,2023년 2월 15일 ~ 2023년 3월 23일,"매주 수요일, 목요일 밤 22:30 ~ 23:50",1시간 20분,12부작,"tvN, 스튜디오드래곤",권병욱,"최나은, 권재현","하이그라운드, 피타팻스튜디오","박소연, 이소윤",,"김민규, 고보결, 이장우, 예지원, 탁재훈, 차주영 외",조선정신과의사유세풍2 (2023년 1월 11일 ~ 2023년 2월 9일),스틸러 : 일곱 개의 조선통보 (2023년 4월 12일 ~ 2023년 5월 18일)
모범택시 2,"범죄, 액션, 스릴러, 느와르, 블랙 코미디, 미스터리, 복수, 첩보",SBS TV,2023년 2월 17일 ~ 2023년 4월 15일,"매주 금요일, 토요일 밤 10:00 ~ 11:10",1시간 10분,16부작,,홍성창 (스튜디오 S),"조성훈 (총괄), 김시환, 유무열","스튜디오 S, 그룹에이트","이단, 장영석",,"이제훈, 김의성, 표예진 외",법쩐 (2023년 1월 6일 ~ 2023년 2월 11일),낭만닥터 김사부 3 (2023년 4월 28일 ~2023년 6월 17일)
아일랜드,,,,,,,,,,,,,,,
두뇌공조,"코미디, 액션, 범죄, 메디컬",KBS 2TV,2023년 1월 2일 ~ 2023년 2월 28일,"월요일, 화요일 밤 9:50 ~ 11:00",70분,16부작,홍석구 (KBS 드라마본부),박기호 (KBS 드라마운영팀) 백준규,이승범,,"이진서, 구성준",,"정용화, 차태현, 곽선영, 예지원 외",커튼콜 (2022년 10월 31일 ~ 2022년 12월 27일),오아시스 (2023년 3월 6일 ~ 2023년 4월 25일)
청춘월담,"사극, 로맨스, 추리",tvN,2023년 2월 6일 ~ 2023년 4월 11일,"매주 월요일, 화요일 밤 8:50 ~ 10:10",80분,20부작,스튜디오드래곤,소재현,"오슬기, 지용호",,"이종재, 김정욱",,"박형식, 전소니, 표예진, 윤종석, 홍수현 외",미씽2: 그들이있었다 (2022년 12월 19일 ~ 2023년 1월 31일),패밀리 (2023년 4월 17일 ~ 2023년 5월 23일)
위기의 X,드라마,"Wavve, mbc",(공개일) 2022년 9월 2일 (방영일) 2023년 2월 7일 (mbc),화요일 9시 (mbc),70분,6부작,,,,"커버넌트픽처스, 블라드스튜디오, 안나푸르나필름",김정훈,,"권상우, 임세미, 성동일, 박진주, 신현수 외",,
판도라: 조작된 낙원,"드라마, 복수, 액션, 스릴러, 막장",tvN,2023년 3월 11일 ~ 2023년 4월 30일,"매주 토요일, 일요일 밤 9:10 ~ 10:30",,16부작,"tvN, 스튜디오드래곤",권병욱,"유시연, 강민경",초록뱀미디어,최영훈,,"이상윤, 이지아, 봉태규, 장희진, 박기웅 외",일타 스캔들 (2023년 1월 14일 ~ 2023년 3월 5일),구미호뎐 1938 (2023년 5월 6일 ~ 2023년 6월 11일)
비밀의 여자,"가족, 로맨스, 복수",KBS 2TV,2023년 3월 14일 ~ 2023년 8월 4일,매주 평일 저녁 7:50 ~ 8:30,40분,103부작,권계홍 (KBS 드라마본부),성준해 (KBS 드라마운영팀),"이진아, 백승민",,신창석,,"최윤영, 이채영, 이선호, 한기웅, 신고은, 이은형 외",태풍의 신부 (2022년 10월 10일 ~ 2023년 3월 9일),우아한 제국 (2023년 8월 7일 ~ 현재)
술꾼도시여자들 2,"코미디, 드라마",TVING,2022년 12월 9일 ~ 2023년 1월 13일,,,12부작,TVING,,최아름,,박수원,위소영,,아일랜드 (2023년 2월 10일 ~ 2023년 2월 25일),미정
꽃선비 열애사,"사극, 로맨스, 코미디",SBS,2023년 3월 20일 ~ 2023년 5월 16일,매주 월요일 ~ 화요일 오후 10시 ~ 오후 11시 10분,1시간 10분,18부작,스튜디오 S,,"조성윤, 한지우, 박수영, 박선아","아폴로픽쳐스, 팬엔터테인먼트, 스튜디오 S",김정민,,"신예은, 려운, 강훈, 정건주",트롤리 (2022년 12월 19일 ~ 2023년 2월 14일),미정
꼭두의 계절,"메디컬, 휴머니즘",MBC TV,2023년 1월 27일 ~ 2023년 3월 24일,"금요일, 토요일 밤 9:50 ~ 11:00",70분,16부작,김호준 (MBC 드라마본부),,정구영,"피플스토리컴퍼니, 스토리티비","백수찬, 김지훈",,"김정현, 임수향 외",금혼령 (2022년 12월 9일 ~ 2023년 1월 21일),조선변호사 (2023년 3월 31일 ~ 2023년 5월 20일)
진짜가 나타났다!,"로맨스, 가족, 코미디, 드라마, 복수, 미스터리, 서스펜스, 피카레스크",KBS 2TV,2023년 3월 25일 ~ 2023년 9월 10일,매주 주말 저녁 8:05 ~ 밤 9:25,1시간 20분 (중간 광고 포함),50부작,권계홍 (KBS 드라마본부),기민수 (KBS 드라마운영팀),"이해우, 이승범",,한준서,,"백진희, 안재현, 차주영, 정의제 외",삼남매가 용감하게 (2022년 9월 24일 ~ 2023년 3월 19일),효심이네 각자도생 (2023년 9월 16일 ~ 2024년 3월 3일)
금이야 옥이야,"가족, 로맨스",KBS 1TV,2023년 3월 27일 ~ 2023년 9월 15일,매주 평일 저녁 8:30 ~ 밤 9:00,30분,123부작,박기호 (KBS 드라마본부),오형일 (KBS 드라마운영팀),"이현경, 석신호",몬스터유니온,최지영,,"서준영, 윤다영 외",내 눈에 콩깍지 (2022년 10월 3일 ~ 2023년 3월 24일),우당탕탕 패밀리 (2023년 9월 18일 ~ 2024년 3월 1일)
일타 스캔들,"멜로, 미스터리, 스릴러, 코미디",tvN,2023년 1월 14일 ~ 2023년 3월 5일,"매주 토요일, 일요일 밤 9:10 ~ 10:30",,16부작,홍기성 (tvN) 김영규 (스튜디오드래곤),,"정세미, 이유빈",스튜디오드래곤,"유제원, 주상규",,"전도연, 정경호, 노윤서 외",환혼 빛과 그림자 (2022년 12월 10일 ~ 2023년 1월 8일),판도라: 조작된 낙원 (2023년 3월 11일 ~ 2023년 4월 30일)
스틸러 : 일곱 개의 조선통보,"코미디, 액션, 케이퍼, 블랙 코미디",tvN,2023년 4월 12일 ~ 2023년 5월 18일,수 목 오후 10시 30분,1시간 10분,12부작,스튜디오드래곤,이혜영,"김태훈, 서정현","큐로홀딩스, 스튜디오브이플러스","최준배, 민정아",,"주원, 이주우, 조한철, 최화정 외",성스러운 아이돌 (2023년 2월 15일 ~ 2023년 3월 23일),미정
보라! 데보라,로맨틱 코미디,ENA,2023년 4월 12일 ~ 2023년 5월 25일,"매주 수요일, 목요일 밤 9:00 ~ 10:25",70분,14부작,"김철연, 강희준 ENA, KT스튜디오지니","김현정, CP: 이은지",허민호,"풍년전파상, 오즈아레나","이태곤, 서민정",,"윤현민, 유인나, 주상욱 외",딜리버리 맨! (2023년 3월 1일 ~ 2023년 4월 6일),행복배틀 (2023년 5월 31일 ~ 2023년 7월 20일)
하늘의 인연,"가족, 복수, 로맨스",MBC,2023년 4월 17일 ~ 현재,매주 평일 저녁 7:05 ~ 7:40 (본방송)[1] 매주 평일 아침 7:50 ~ 8:30 (재방송),"35분, 30분 (목요일)",123부작,장재훈,,김서곤,,김진형,,"김유석, 전혜연, 정우연, 서한결, 진주형 외",마녀의 게임 (2022년 10월 11일 ~ 2023년 4월 14일),-
오아시스,"시대극, 로맨스",KBS 2TV,2023년 3월 6일 ~ 2023년 4월 25일,"매주 월요일, 화요일 밤 9:53 ~ 10:57",,16부작,권계홍 (KBS 드라마본부),"김상휘 (KBS 드라마운영팀) 제작총괄 : 박광현, 윤희경",김해정,"세이온미디어, 래몽래인",한희,,"장동윤, 설인아, 추영우, 이한위, 전노민 외",두뇌공조 (2023년 1월 2일 ~ 2023년 2월 28일),"어쩌다 마주친, 그대 (2023년 5월 1일 ~ 2023년 6월 20일)"
나쁜 엄마,"드라마, 휴머니즘, 범죄",JTBC,2023년 4월 26일 ~ 2023년 6월 8일,"매주 수요일, 목요일 밤 10:30 ~ 11:42",70분,14부작,,김소정 총괄프로듀서: 이세영,,"SLL, 드라마하우스, 필름몬스터",심나연,,"라미란, 이도현, 안은진, 유인수 외",사랑의 이해 (2022년 12월 21일 ~ 2023년 2월 9일),기적의 형제 (2023년 6월 28일 ~ 2023년 8월 17일)
"신성한, 이혼","법률, 드라마",JTBC,2023년 3월 4일 ~ 2023년 4월 9일,"매주 토요일, 일요일 밤 10:30 ~ 11:50",60분,12부작,,김세아,"김다희, 박재성, 박새로니","SLL, 하이그라운드, 글뫼","이재훈, 임준혁",,"조승우, 한혜진, 김성균, 정문성 외",대행사 (2023년 1월 7일 ~ 2023년 2월 26일),닥터 차정숙 (2023년 4월 15일 ~ 2023년 6월 4일)
조선변호사,"법률, 사극",MBC TV,2023년 3월 31일 ~ 2023년 5월 20일,"매주 금요일, 토요일 밤 9:50 ~ 11:10",1시간 20분,16부작,김호준 (MBC 드라마본부),,,"피플스토리컴퍼니, 원콘텐츠","김승호, 이한준",,"우도환, 김지연, 차학연, 한소은 외",꼭두의 계절 (2023년 1월 27일 ~ 2023년 3월 24일),넘버스 : 빌딩숲의 감시자들 (2023년 6월 23일 ~ 2023년 7월 29일)
패밀리,"드라마, 가족, 코미디",tvN,2023년 4월 17일 ~ 2023년 5월 23일,"매주 월요일, 화요일 밤 8:50 ~ 10:10",80분,12부작,스튜디오드래곤,김성민 제작총괄: 임영진 조소연,김영규,,"장정도, 이정묵",,"장혁, 장나라, 채정안, 김남희, 이순재",청춘월담 (2023년 2월 6일 ~ 2023년 4월 11일),이로운 사기 (2023년 5월 29일 ~ 2023년7월18일)
구미호뎐 1938,판타지 액션 로맨스,tvN,2023년 5월 6일 ~ 2023년 6월 11일,"매주 토요일, 일요일 밤 9:20 ~ 10:30",70분,12부작,"tvN, 스튜디오드래곤, ㈜플러스엠엔터테인먼트","이혜영 제작총괄: 신선주, 라보라","나지현, 함근호","스튜디오드래곤, ㈜플러스엠엔터테인먼트, 하우픽쳐스","강신효, 조남형",,"이동욱, 김범, 김소연, 류경수 외",판도라: 조작된 낙원 (2023년 3월 11일 ~ 2023년 4월 30일),이번 생도 잘 부탁해 (2023년 6월 17일 ~ 2023년 7월 23일)
가면의 여왕,"로맨스, 미스터리",채널A,2023년 4월 24일 ~ 2023년 6월 13일,매주 월요일 ~ 화요일 오후 10시 30분,1시간 30분,16부작,정회욱,,"박동휘, 김다예","더그레이트쇼, 래몽래인",강호중,임도완,"김선아, 오윤아, 신은정, 유선 외",쇼윈도: 여왕의 집 (2021년 11월 29일 ~ 2022년 1월 18일),미정
킹더랜드,드라마,JTBC,2023년 6월 17일~8월 6일,"매주 토, 일 밤 22:30 ~ 23:50",1시간 20분,16부작 + 스페셜 1부작,SLL,"정고은 총괄프로듀서 : 조성훈, 김도균, 한재훈","김태경, 안지은","앤피오엔터테인먼트, 바이포엠스튜디오, SLL","임현욱, 최선민",,"이준호, 임윤아, 고원희, 김가은, 안세하, 김재원 외",닥터 차정숙 (2023년 4월 15일 ~ 6월 4일),미정
낭만닥터 김사부 3,"메디컬, 휴머니즘, 로맨스, 가족",SBS,2023년 4월 28일 ~ 2023년 6월 17일,매주 금요일 밤 10:00 ~ 11:20 매주 토요일 밤 9:50 ~ 11:10,1시간 20분,16부작,홍성창 (스튜디오 S),박영수 (스튜디오 S),김준경,삼화네트웍스,"유인식, 강보승",,"한석규, 안효섭, 이성경, 김주헌 외",모범택시 2 (2023년 2월 17일 ~ 2023년 4월 15일),악귀 (2023년 6월 23일 ~ 2023년 7월 29일)
이번 생도 잘 부탁해,"로맨스, 코미디",tvN,2023년 6월 17일 ~ 2023년 7월 23일,"매주 토요일, 일요일 밤 9시 20분 ~ 밤 10시 30분",70분,12부작,"스튜디오드래곤, (주)플러스엠엔터테인먼트","김선태, 총괄프로듀서: 유상원, 최진","정현욱, 이지윤","스튜디오엔, 스튜디오 화인컷",이나정,,"신혜선, 안보현, 하윤경, 안동구 외",구미호뎐 1938 (2023년 5월 6일 ~ 2023년 6월 11일),경이로운 소문 2: 카운터 펀치 (2023년 7월 29일 ~ )
마당이 있는 집,"하드보일드, 범죄, 미스터리, 서스펜스, 스릴러, 느와르",ENA,2023년 6월 19일 ~ 2023년 7월 11일,매주 월요일 ~ 화요일 밤 10:00 ~ 11:00,1시간,8부작,"김철연, 강희준 (KT스튜디오지니)","한상재, 김선태 총괄프로듀서: 유상원 제작이사: 양아영 제작총괄: 송기향","김하나, 허석원, 최문희","스튜디오드래곤, 영화사 도로시",정지현,,"김태희, 임지연, 김성오, 최재림 외",오! 영심이  (2023년 5월 15일 ~ 2023년 6월 13일),남남 (2023년 7월 17일 ~ 2023년 8월 22일)
"어쩌다 마주친, 그대","휴먼, SF, 멜로",KBS 2TV,2023년 5월 1일 ~2023년 6월 20일,매주 월요일 ~ 화요일 오후 9시 45분 ~ 오후 10시 55분,70,16부작,기민수 (KBS 드라마본부),윤재혁 (KBS 드라마운영팀),이승범,,"강수연, 이웅희",,"김동욱, 진기주, 서지혜 외",오아시스 (2023년 3월 6일 ~ 2023년 4월 25일),가슴이 뛴다 (2023년 6월 26일 ~ 2023년 8월 15일)
넘버스 : 빌딩숲의 감시자들,"오피스, 복수, 범죄, 스릴러",MBC,2023년 6월 23일 ~ 2023년 7월 29일,금 토 오후 9시 50분,60분,12부작,홍석우 (MBC 드라마본부),,"이대용, 이영민","에이투지엔터테인먼트, 타이거스튜디오",김칠봉,,"김명수, 최진혁, 최민수, 연우 외",조선변호사 (2023년 3월 31일 ~ 2023년 5월 20일),연인 파트1 (2023년 8월 4일 ~ )
악귀,"판타지, 미스터리, 스릴러",SBS TV,2023년 6월 23일~7월 29일,매주 금요일 오후 10시 ~ 오후 11시 20분 토요일 오후 9시 50분 ~ 오후 11시 10분,1시간 20분,12부작,이옥규 (스튜디오 S),,"김은혜, 권령아, 고진혁","스튜디오 S, BA엔터테인먼트","이정림, 김재홍",,"김태리, 오정세, 홍경",낭만닥터 김사부 3 (2023년 4월 28일 ~ 2023년 6월 17일),미정
아씨두리안,"SF, 드라마, 로맨스","TV CHOSUN, 쿠팡플레이",2023년 6월 24일 ~ 8월 13일,매주 토요일 ~ 일요일 오후 9시 10분 ~,1시간 10분,16부작,정회석,"정형서  제작이사: 박지성  제작총괄: 오경민, 박재성",백지수,"바른손스튜디오, 하이그라운드","신우철, 정여진",,"박주미, 최명길, 김민준, 한다감, 전노민, 윤해영, 지영산, 유정후, 이다연 외",빨간풍선 (2022년 12월 17일 ~ 2023년 2월 26일),해피엔드 (2023년 10월 ~ 방송 예정)
가슴이 뛴다,"공포, 로맨스, 코미디",KBS 2TV,2023년 6월 26일 ~ 2023년 8월 15일,"매주 월요일, 화요일 밤 9시 45분 ~ 10시 55분",,16부작,박기호 (KBS 드라마본부),기민수 (KBS 드라마운영팀),우예스란,"위매드, 몬스터유니온","이현석, 이민수",,"옥택연, 원지안, 박강현, 윤소희 外","어쩌다 마주친, 그대 (2023년 5월 1일 ~ 2023년 6월 20일)",순정복서 (2023년 8월 21일 ~ 방송 예정)
기적의 형제,드라마,JTBC,2023년 6월 28일~2023년 8월 17일,"매주 수요일, 목요일 밤 10:30~",70분,16부작,SLL,총괄프로듀서: 박슬기,"전서원, 김유리, 김수지, 조동민","MI, SLL",,,"정우, 배현성, 박유림, 오만석, 이기우 외",나쁜 엄마 (2023년 4월 26일~2023년 6월 8일),이 연애는 불가항력 (2023년 8월 23일~)
닥터 차정숙,"가족, 메디컬, 로맨스, 휴머니즘",JTBC,2023년 4월 15일 ~ 2023년 6월 4일,"매주 토요일, 일요일 밤 10시 30분",60분,16부작,김우택,"이경식 제작총괄 : 장경익, 신대식","임종화, 김준성, 강유리",스튜디오앤뉴,"김대진, 김정욱",,"엄정화, 김병철, 민우혁, 명세빈","신성한, 이혼 (2023년 3월 4일 ~ 2023년 4월 9일)",킹더랜드 (2023년 6월 17일 ~ 2023년 8월 6일)
이로운 사기,"케이퍼, 범죄, 복수, 피카레스크, 드라마",tvN,2023년 5월 29일 ~ 2023년 7월 18일,"매주 월요일, 화요일 밤 8시 50분 ~ 10시 10분",1시간 20분,16부작,스튜디오드래곤,"소재현, 박은경","김겨레, 이민아",스튜디오드래곤,이수현,,"천우희, 김동욱, 윤박, 박소진, 정애리, 김태훈",패밀리 (2023년 4월 17일 ~ 2023년 5월 23일),소용없어 거짓말 (2023년 7월 31일 ~현재 )
행복배틀,"서스펜스, 스릴러",ENA,2023년 5월 31일 ~ 2023년 7월 20일,"매주 수요일, 목요일 밤 9:00 ~ 10:25",70분,16부작,KT스튜디오지니,"김현정, 제작총괄: 정태중","김현철, 이희원",HB엔터테인먼트,김윤철,,"이엘, 진서연, 차예련, 박효주, 우정원 외",보라! 데보라 (2023년 4월 12일 ~ 2023년 5월 25일),오랫동안 당신을 기다렸습니다 (2023년 7월 26일 ~ 2023년 9월 7일)
에이틴,"웹드라마, 학원물, 로맨스","V LIVE, 네이버TV, 유튜브, 페이스북",2018년 7월 1일 ~ 2018년 9월 16일,"매주 수요일, 일요일 저녁 7:00",,24부작,,,송주성,플레이리스트,한수지,,"신예은, 이나은, 신승호, 김동희 외",,
에이틴 2,웹드라마,"V LIVE, 네이버TV, 유튜브, 페이스북",2019년 4월 21일 ~ 2019년 6월 27일,"매주 목요일, 일요일 저녁 7:00",,20부작,,송주성,"이윤재, 배성훈 (총괄)",플레이리스트,한수지,김사라,"이나은, [[신예은], 최보민, 김동희 외",,
빅이슈 (2019년 드라마),드라마,SBS,2019년 3월 6일 ~ 2019년 5월 2일,"매주 수, 목 밤 10:00 ~ 11:10",70분 (1회당 35분),32부작,SBS 드라마본부,,,HB엔터테인먼트,"이동훈, 박수진",장혁린,"주진모, 한예슬, 김희원, 신소율 외",황후의 품격 (2018년 11월 21일 ~ 2019년 2월 21일),절대 그이 (2019년 5월 15일 ~ 2019년 7월 11일)
터치 (2020년 드라마),드라마,채널A,2020년 1월 3일 ~ 2020년 2월 22일,"매주 금요일, 토요일 밤 10시 50분 ~ 12시 10분",1시간 10분,16부작,채널A,,,"MI, 스토리네트웍스",민연홍,안호경,"주상욱, 김보라 외",평일 오후 세시의 연인 (2019년 7월 5일 ~ 2019년 8월 24일),유별나! 문셰프 (2020년 3월 27일 ~ 2020년 5월 16일)
나의 위험한 아내 (대한민국의 드라마),"로맨스, 스릴러",MBN,2020년 10월 5일 ~ 2020년 11월 24일,매주 월요일 ~ 화요일 오후 11시 ~ 오전 12시 10분,1시간 10분,16부작,,,황혁,,"이형민, 김영환",황다은,"최원영, 김정은 외",신설,미정
트웬티 트웬티,,,,,,,,,,,,,,신설,미정
하이에나 (2020년 드라마),"법률, 음악",SBS TV,2020년 2월 21일~4월 11일,"매주 금요일, 토요일 밤 10:00 ~ 11:10",70분,16부작,SBS 드라마본부,,조수원,키이스트,"장태유, 이창우",김루리,"김혜수, 주지훈, 이경영, 김호정, 전석호, 송영규 외",스토브리그 (2019년 12월 13일 ~ 2020년 2월 14일),더 킹 : 영원의 군주 (2020년 4월 17일 ~ 2020년 6월 6일)
바람과 구름과 비 (2020년 드라마),"사극, 로맨스",TV CHOSUN,2020년 5월 17일 ~ 2020년 7월 26일,"매주 토요일, 일요일 오후 10시 50분",70분,21부작,정회석,,황보상미,"빅토리콘텐츠, 하이그라운드",윤상호,방지영,"박시후, 고성희, 성혁, 전광렬 외",간택 - 여인들의 전쟁 (2019년 12월 14일 ~ 2020년 2월 9일),복수해라 (2020년 11월 21일 ~ 2021년 1월 17일)
외출 (2020년 드라마),드라마,tvN,2020년 5월 4일 ~ 2020년 5월 5일,"월, 화 밤 9시",,2부작,스튜디오드래곤,,,스튜디오 아이콘[1],장정도,,,반의 반 (2020년 3월 23일 ~ 2020년 4월 28일),(아는 건 별로 없지만) 가족입니다 (2020년 6월 1일 ~ 2020년 7월 21일)
악의 꽃 (2020년 드라마),서스펜스 멜로,tvN,2020년 7월 29일 ~ 2020년 9월 23일,"매주 수, 목 밤 10시 50분",70분,16부작,스튜디오드래곤,유상원,"장신애, 김대호","몬스터유니온, 스튜디오드래곤","김철규, 윤종호",,"이준기, 문채원, 서현우, 장희진 외",오 마이 베이비 (2020년 5월 13일 ~ 2020년 7월 2일),구미호뎐 (2020년 10월 7일 ~ 2020년 12월 3일)
괴물 (2021년 드라마),"드라마, 스릴러",JTBC,2021년 2월 19일 ~ 2021년 4월 10일,매주 금요일 ~ 토요일 밤 11:00 ~ 오전 12:20,70분,16부작,JTBC,이해인,"박우람, 김보름",셀트리온엔터테인먼트,"심나연, 최지영",,"신하균, 여진구 외",허쉬 (2020년 12월 11일 ~ 2021년 2월 6일),언더커버 (2021년 4월 23일 ~ 2021년6월12일)
언더커버 (2021년 드라마),"정치, 가족, 스릴러, 로맨스",JTBC,2021년 4월 23일 ~ 2021년 6월 12일,매주 금요일 밤 11:00 ~ 토요일 오전 12:30,,16부작,JTBC,,,"STORY TV, JTBC스튜디오","송현욱, 박소연","백철현, 송자훈, 정혜은","지진희, 김현주, 허준호, 정민식, 이승준, 권해효, 한고은 외",괴물 (2021년 2월 19일 ~ 2021년 4월 10일),재벌집 막내아들 (2022년 11월 18일 ~ 2022년 12월 25일)
지리산 (2021년 드라마),"재난, 미스터리, 스릴러",tvN,2021년 10월 23일~2021년 12월 12일,"매주 토요일, 일요일 밤 9시~10시 35분",95분,16부작,"tvN, 스튜디오드래곤","소재현 최호성, 곽현정(제작총괄)","김기윤, 조도연","스튜디오드래곤, 에이스토리, 바람픽쳐스","이응복, 박소현",,"전지현, 주지훈 외",갯마을 차차차 (2021년 8월 28일~2021년 10월 17일),불가살 (2021년 12월 18일~2022년 2월 6일)
내일 (2022년 드라마),"휴먼, 판타지, 오피스",MBC TV,2022년 4월 1일 ~ 2022년 5월 21일,매주 금요일 밤 10:11 ~ 11:12 매주 토요일 밤 10:00 ~ 11:03,65분,16부작,홍석우 (MBC),제작총괄 이태경,"유현종, 김민","슈퍼문픽쳐스, 스튜디오N","김태윤, 성치욱",,"김희선, 로운, 이수혁, 윤지온, 김해숙 외",트레이서 (2022년 1월 7일 ~ 2022년 3월 25일),닥터 로이어 (2022년 6월 3일 ~ 2022년 7윌 23일)
이브 (2022년 드라마),드라마,tvN,2022년 6월 1일 ~ 2022년 7월 21일,"매주 수요일, 목요일 밤 22:35 ~ 23:38",70분,16부작,"tvN, 스튜디오드래곤",김건훙,"권병욱, 권재현, 최나은",CJ엔터테인먼트,박봉섭,,"서예지, 박병은, 유선, 이상엽 외",살인자의 쇼핑목록 (2022년 4월 27일 ~ 2022년 5월 19일),아다마스 (2022년 7월 27일 ~ 2022년 9월 15일)
블라인드 (2022년 드라마),"범죄, 법정, 미스터리",tvN,2022년 9월 16일 ~ 2022년 11월 5일,금 토 밤 10시 40분,,16부작,"tvN, 스튜디오드래곤",,"김성민, 윤정빈, 최연호","스튜디오드래곤, 판타지오","신용휘, 한승훈",,"옥택연, 하석진, 정은지, 조서후, 오민애, 최홍일 외",별똥별 (2022년 4월 22일 ~ 2022년 6월 11일),미정
커튼콜 (드라마),휴머니즘,KBS 2TV,2022년 10월 31일 ~ 2022년 12월 27일,월 화 오후 9시 50분,70분,16부작,박기호 (KBS 드라마본부),권계홍 (KBS 드라마운영팀) 안수진,"신경균, 우예스란",,윤상호,,"강하늘, 하지원, 고두심, 성동일, 정지소 외",법대로 사랑하라 (2022년 9월 5일 ~ 2022년 10월 25일),두뇌공조 (2023년 1월 2일 ~ 2023년 2월 28일)
치얼업 (드라마),"로맨틱 코미디, 미스터리, 청춘, 대학",SBS TV,2022년 10월 3일 ~ 2022년 12월 13일,월 화 오후 10시,70분,16부작,"SBS 드라마본부, 이옥규 (스튜디오S)",,박기열,스튜디오 S,"한태섭, 오준혁",,"한지현, 배인혁, 김현진, 장규리 외",우리는 오늘부터 (2022년 5월 9일 ~ 2022년 6월 21일),트롤리 (2022년 12월 19일 ~ 2023년 2월 14일)
아일랜드 (2022년 드라마),"공포, 스릴러, 판타지, 미스터리, 액션, 느와르",티빙,2022년 12월 30일 ~ 2023년 1월 13일 2023년 2월 24일 ~ 2023년 3월 10일,매주 금요일 오후 4시,1시간 10분,12부작,"김영규, 김제현 스튜디오드래곤","장정도, 김성민 CP: 신민철, 윤정주","김경규, 정우식","와이랩, 스튜디오드래곤, 길스토리이엔티",배종,,"김남길, 이다희, 차은우 외",블라인 (2022년 9월 16일 ~ 2022년 11월 5일),술꾼도시여자들 2 (2023년 3월 3일 ~ 2023년 3월 17일)
리갈 하이 (2019년 드라마),"법정, 코미디",JTBC,2019년 2월 8일 ~ 2019년 3월 30일,"금요일, 토요일 밤 11시",,16부작,JTBC,,,"지앤지프로덕션, 이매진아시아","김정현, 김상호",박성진,"진구, 서은수, 윤박, 이순재 외",SKY 캐슬 (2018년 11월 23일 ~ 2019년 2월 1일),아름다운 세상 (2019년 4월 5일 ~ 2019년 5월 25일)
연예인 매니저로 살아남기 (대한민국의 드라마),"로맨스, 코미디, 휴먼, 드라마",tvN,2022년 11월 7일 ~ 2022년 12월 13일,"매주 월요일, 화요일 밤 10:35 ~ 11:45",70분,12부작,,"유상원, 장신애 제작총괄: 최창오",공재원,,백승룡,박소영,"이서진, 곽선영, 서현우, 주현영 외",멘탈코치 제갈길 (2022년 9월 12일 ~ 2022년 11월 1일),미씽2: 그들이있었다 (2022년 12월 19일 ~ 2023년 1월 31일)
